Complexity,Loss,Equation
1,0.008600029,"x26"
3,0.00834703,"x26 - -0.015922004"
5,0.007123764,"(x17 * -0.08680155) + x26"
7,0.006479593,"((x21 * -0.14741048) + x26) * 1.1249114"
9,0.006477535,"((x22 * -0.18985102) + (x26 * 1.1560551)) + 0.006061111"
11,0.006461491,"(((x26 - (x8 + x21)) - x18) * 0.057995178) + x26"
13,0.00642826,"((((x26 - (x8 + x19)) - x18) * 0.057995178) + x26) + 0.0116709545"
17,0.0063970704,"((((x26 + ((x8 - 0.1830598) * -0.83499134)) + (x19 * -0.94860744)) - x21) * 0.057995178) + x26"
