Complexity,Loss,Equation
1,0.043763503,"x26"
3,0.042760577,"x26 - -0.031657916"
5,0.037023254,"x26 + (x17 * -0.16761193)"
7,0.03383731,"((-0.046661768 / x2) - x26) * -0.85465854"
9,0.03142805,"((0.0600821 / x2) - (x26 * -0.8100437)) + -0.06858413"
11,0.030832227,"(0.06968167 / x2) - (((-1.0331159 - x2) * 0.44452444) * x26)"
13,0.030768923,"((-0.16633053 / x2) / -2.523873) - ((-0.51125354 - (x2 * 0.3896738)) * x26)"
15,0.02309934,"((-0.073309034 / x2) / -0.669723) - ((-0.98763037 - (-0.103001796 / x2)) * (x26 - 0.11794627))"
17,0.02309933,"((-0.05356737 / x2) / -0.44063485) - (((x26 * 1.9398687) * (-0.50905466 - (-0.053066943 / x2))) - -0.11645244)"
