Complexity,Loss,Equation
1,0.008600029,"x26"
3,0.00834703,"x26 - -0.015918892"
5,0.007123764,"x26 + (x17 * -0.08680125)"
7,0.0064987787,"(x20 * -0.14338647) + (x26 / 0.91212463)"
9,0.0064835693,"((x26 + (x20 * -0.1281133)) / 0.91444725) + 0.0040576914"
11,0.00645171,"x26 - ((x18 + (x20 + (x8 - x26))) * 0.057448123)"
13,0.006363532,"x26 - (((x18 + x21) + (-0.17273408 + (x8 - x26))) * 0.057448123)"
