episode,70<=BG<=180,BG>180,BG<70,BG>250,BG<50,LBGI,HBGI,Risk Index
0,38.25363825363826,50.311850311850314,11.434511434511435,27.650727650727653,5.8212058212058215,2.7628227174677438,13.443893700711628,16.206716418179372
1,29.72972972972973,59.45945945945946,10.81081081081081,32.016632016632016,1.2474012474012475,2.1315455120459714,15.385755426998804,17.51730093904478
