Complexity,Loss,Equation
1,0.026899837,"x26"
3,0.026595006,"x26 / 1.0393479"
5,0.02474441,"(x19 * -0.09847733) + x26"
7,0.024020284,"x26 + ((x8 + x19) * -0.09581512)"
9,0.01406955,"x26 + ((0.0009833965 / (0.11176342 - x2)) / -1.7291648)"
11,0.013405606,"(0.0045148553 / ((0.105427854 - x2) / (x26 + -1.020057))) + x26"
13,0.01310664,"(0.0045148553 / ((0.105427854 - x2) / (x26 + -1.020057))) + (x26 + -0.009226506)"
15,0.012988282,"(((0.0045148553 / ((0.105427854 - x2) / (x26 + -1.020057))) + x26) + 0.28854904) + -0.30537266"
