Complexity,Loss,Equation
1,0.012490937,"x26"
3,0.012101906,"x26 + 0.01972339"
5,0.01099281,"(x17 * -0.07998384) + x26"
7,0.010510911,"(x20 * -0.13738275) - (x26 * -1.0841053)"
