{
  "best_value": 432.5918884277344,
  "best_trial_number": 3,
  "best_params": {
    "n_steps": 1920,
    "batch_size": 320,
    "net_arch": "256,256",
    "ent_coef": 0.02,
    "n_epochs": 20,
    "learning_rate": 0.0029242815617057686,
    "gamma": 0.9820893661487932,
    "gae_lambda": 0.8602329227050279,
    "clip_range": 0.16155723869499738,
    "vf_coef": 0.47265081835214257,
    "max_grad_norm": 0.8479218432146984
  },
  "best_user_attrs": {
    "best_mean_reward": 432.5918884277344
  }
}