{
  "n_epochs": 0.1899199178368268,
  "vf_coef": 0.17458825299051026,
  "net_arch": 0.14001831280128682,
  "gae_lambda": 0.09184792206853536,
  "n_steps": 0.08654136956884106,
  "gamma": 0.08302163526270621,
  "max_grad_norm": 0.07606922798561182,
  "ent_coef": 0.06304698704581764,
  "batch_size": 0.03996358377244985,
  "clip_range": 0.03203327025680497,
  "learning_rate": 0.02294952041060919
}