Complexity,Loss,Equation
1,0.024152296,"x26"
3,0.023738855,"x26 + 0.02033178"
5,0.021278113,"(0.016986353 / x2) + x26"
7,0.01734092,"(0.0022988836 / (x2 - 0.10410881)) + x26"
9,0.013928964,"x26 + ((x26 - 1.0462868) * (-0.05617891 / x2))"
11,0.0070817005,"(x26 + (((x26 - 1.1980593) / x2) * -0.09503492)) + -0.1311293"
13,0.004173455,"((-1.7353133 / ((x2 - (x26 * 81.26884)) * -137.25822)) / x2) + x26"
17,0.0023575195,"(((((-0.25166968 - (x26 * -0.25025177)) / x2) * (x15 - 0.22705658)) * 0.21715562) / x2) + x26"
19,0.0018444534,"(((-0.2522427 - (x26 * -0.24896845)) * ((((x16 - 0.2120442) / x2) / x2) * 0.24123678)) - 0.025089666) + x26"
