Complexity,Loss,Equation
1,0.06089995,"x26"
3,0.055130884,"x26 * 0.8711242"
5,0.05240668,"x26 + (x22 * -0.14327388)"
7,0.041337382,"((x26 + 0.9364991) - x2) * 0.59527194"
9,0.039499916,"((x26 + 0.61811846) - (x2 / 1.5128857)) * 0.68005556"
13,0.032552306,"((x26 + (0.64534104 - x2)) - ((x8 + -0.63060707) / 1.7269744)) * 0.59797084"
17,0.0316516,"(x26 + (((0.9263909 - x2) - (x26 * 0.6902401)) / 2.020273)) - ((x8 * 0.32941517) + -0.046818014)"
