Complexity,Loss,Equation
1,0.046316866,"x26"
3,0.044909667,"x26 / 1.0777959"
5,0.041266873,"(-0.23230034 * x8) + x26"
7,0.04022039,"(-0.23230034 * x8) + (x26 * 0.9466962)"
9,0.040199634,"-0.22303613 * (x8 + (x26 * (2.0930984 / -0.4990068)))"
