Complexity,Loss,Equation
1,0.033839945,"x26"
3,0.033247326,"x26 * 0.9514208"
5,0.030183563,"x26 + (x8 * -0.22650053)"
6,0.024100725,"sin(x26 - log(sqrt(x2)))"
7,0.022465475,"sin(x26 - log(x2 + x8))"
8,0.012029711,"sin(x26 - log(sqrt(x8 + x2)))"
