Complexity,Loss,Equation
1,0.030229716,"x26"
3,0.030123614,"x26 * 0.97844255"
5,0.027426416,"x26 + (0.019045705 / x2)"
7,0.020532262,"(0.0024297566 / (x2 - 0.10849959)) + x26"
9,0.012814988,"(0.009138089 / (x2 + (x8 - 0.1027675))) + x26"
11,0.012185463,"((0.009915799 / ((x8 + x2) - 0.10306686)) + x26) / 1.0505402"
13,0.010532153,"(((x13 - ((1.2137277 - x26) / x2)) + 1.2841655) * -0.10079316) + x26"
15,0.010228189,"((((x13 - ((1.2137277 - x26) / x2)) + -0.23627907) * -0.10079316) + x26) + -0.17085941"
19,0.009266262,"(((((x8 - (x3 - x16)) - ((1.2137277 - x26) / x2)) + -0.2759536) * -0.10079316) + x26) + -0.17085941"
