Complexity,Loss,Equation
1,0.040244974,"x26"
3,0.038997926,"x26 * 0.9434495"
5,0.038054872,"x26 + (x19 * -0.07501112)"
7,0.03736468,"(x26 / 1.0602142) - (x8 * 0.11128087)"
9,0.03402467,"(((x26 * -0.15298517) * x26) - -1.0908859) * x26"
11,0.032394793,"((((-0.06866983 / x2) - x26) * -0.60243034) + -0.051520392) * 1.3185253"
13,0.030265905,"((((-0.06866983 / x2) - (x26 + -0.056219876)) * -0.60243034) + -0.051520392) * 1.3185253"
