{
  "timesteps": 3100000,
  "episode_steps": 480,
  "mean_cgm": 126.84713745117188,
  "mean_action": -0.6649736166000366,
  "mean_insulin": 0.032082464545965195,
  "mean_proposed_insulin": 0.032082464545965195,
  "mean_shielded_insulin": 0.032082464545965195,
  "total_insulin": 15.399582862854004,
  "total_proposed_insulin": 15.399582862854004,
  "total_shielded_insulin": 15.399582862854004,
  "mean_iob": 0.6165462732315063,
  "pct_tir_70_180": 74.16666666666667,
  "pct_above_250": 2.5,
  "pct_below_70": 8.333333333333332,
  "pct_shield_active": 0.0,
  "shield_count": 0,
  "total_reward": 400.3814697265625,
  "mean_reward": 0.8341280817985535
}