{
  "timesteps": 1100000,
  "episode_steps": 480,
  "mean_cgm": 152.7443084716797,
  "mean_action": -0.6712182760238647,
  "mean_insulin": 0.028297292068600655,
  "mean_proposed_insulin": 0.028297292068600655,
  "mean_shielded_insulin": 0.028297292068600655,
  "total_insulin": 13.5826997756958,
  "total_proposed_insulin": 13.5826997756958,
  "total_shielded_insulin": 13.5826997756958,
  "mean_iob": 0.5573234558105469,
  "pct_tir_70_180": 74.16666666666667,
  "pct_above_250": 0.0,
  "pct_below_70": 0.0,
  "pct_shield_active": 0.0,
  "shield_count": 0,
  "total_reward": 400.8756103515625,
  "mean_reward": 0.8351575136184692
}