{
  "timesteps": 3800000,
  "episode_steps": 256,
  "mean_cgm": 124.38176727294922,
  "mean_action": -0.6766171455383301,
  "mean_insulin": 0.029036041349172592,
  "mean_proposed_insulin": 0.029036041349172592,
  "mean_shielded_insulin": 0.029036041349172592,
  "total_insulin": 7.433226585388184,
  "total_proposed_insulin": 7.433226585388184,
  "total_shielded_insulin": 7.433226585388184,
  "mean_iob": 0.5733585357666016,
  "pct_tir_70_180": 78.125,
  "pct_above_250": 0.0,
  "pct_below_70": 10.9375,
  "pct_shield_active": 0.0,
  "shield_count": 0,
  "total_reward": 214.9056854248047,
  "mean_reward": 0.8394753336906433
}