{
  "timesteps": 3300000,
  "episode_steps": 480,
  "mean_cgm": 130.03729248046875,
  "mean_action": -0.6693131327629089,
  "mean_insulin": 0.029407916590571404,
  "mean_proposed_insulin": 0.029407916590571404,
  "mean_shielded_insulin": 0.029407916590571404,
  "total_insulin": 14.115799903869629,
  "total_proposed_insulin": 14.115799903869629,
  "total_shielded_insulin": 14.115799903869629,
  "mean_iob": 0.5794391632080078,
  "pct_tir_70_180": 84.375,
  "pct_above_250": 0.0,
  "pct_below_70": 3.125,
  "pct_shield_active": 0.0,
  "shield_count": 0,
  "total_reward": 427.8255920410156,
  "mean_reward": 0.891303300857544
}