{
  "timesteps": 800000,
  "episode_steps": 480,
  "mean_cgm": 146.95803833007812,
  "mean_action": -0.614886999130249,
  "mean_insulin": 0.03002057783305645,
  "mean_proposed_insulin": 0.03002057783305645,
  "mean_shielded_insulin": 0.03002057783305645,
  "total_insulin": 14.40987777709961,
  "total_proposed_insulin": 14.40987777709961,
  "total_shielded_insulin": 14.40987777709961,
  "mean_iob": 0.5806779861450195,
  "pct_tir_70_180": 72.70833333333333,
  "pct_above_250": 0.625,
  "pct_below_70": 1.0416666666666665,
  "pct_shield_active": 0.0,
  "shield_count": 0,
  "total_reward": 396.8505859375,
  "mean_reward": 0.8267720341682434
}