{
  "timesteps": 2000000,
  "episode_steps": 480,
  "mean_cgm": 132.13595581054688,
  "mean_action": -0.6122986674308777,
  "mean_insulin": 0.030621787533164024,
  "mean_proposed_insulin": 0.030621787533164024,
  "mean_shielded_insulin": 0.030621787533164024,
  "total_insulin": 14.698457717895508,
  "total_proposed_insulin": 14.698457717895508,
  "total_shielded_insulin": 14.698457717895508,
  "mean_iob": 0.595542848110199,
  "pct_tir_70_180": 83.125,
  "pct_above_250": 0.0,
  "pct_below_70": 4.375,
  "pct_shield_active": 0.0,
  "shield_count": 0,
  "total_reward": 426.37890625,
  "mean_reward": 0.8882893919944763
}