{
  "timesteps": 2200000,
  "episode_steps": 480,
  "mean_cgm": 144.85325622558594,
  "mean_action": -0.6757141351699829,
  "mean_insulin": 0.028271911665797234,
  "mean_proposed_insulin": 0.028271911665797234,
  "mean_shielded_insulin": 0.028271911665797234,
  "total_insulin": 13.570517539978027,
  "total_proposed_insulin": 13.570517539978027,
  "total_shielded_insulin": 13.570517539978027,
  "mean_iob": 0.5568289160728455,
  "pct_tir_70_180": 79.58333333333333,
  "pct_above_250": 5.833333333333333,
  "pct_below_70": 0.0,
  "pct_shield_active": 0.0,
  "shield_count": 0,
  "total_reward": 410.5445861816406,
  "mean_reward": 0.8553012013435364
}