{
  "timesteps": 3900000,
  "episode_steps": 480,
  "mean_cgm": 126.72212219238281,
  "mean_action": -0.6753496527671814,
  "mean_insulin": 0.03167391195893288,
  "mean_proposed_insulin": 0.03167391195893288,
  "mean_shielded_insulin": 0.03167391195893288,
  "total_insulin": 15.203476905822754,
  "total_proposed_insulin": 15.203476905822754,
  "total_shielded_insulin": 15.203476905822754,
  "mean_iob": 0.6124106049537659,
  "pct_tir_70_180": 83.54166666666667,
  "pct_above_250": 0.0,
  "pct_below_70": 5.625,
  "pct_shield_active": 0.0,
  "shield_count": 0,
  "total_reward": 427.55841064453125,
  "mean_reward": 0.8907467126846313
}