{
  "timesteps": 2500000,
  "episode_steps": 480,
  "mean_cgm": 117.03994750976562,
  "mean_action": -0.575031578540802,
  "mean_insulin": 0.03301582112908363,
  "mean_proposed_insulin": 0.03301582112908363,
  "mean_shielded_insulin": 0.03301582112908363,
  "total_insulin": 15.847593307495117,
  "total_proposed_insulin": 15.847593307495117,
  "total_shielded_insulin": 15.847593307495117,
  "mean_iob": 0.6412160396575928,
  "pct_tir_70_180": 87.08333333333333,
  "pct_above_250": 0.0,
  "pct_below_70": 7.083333333333333,
  "pct_shield_active": 0.0,
  "shield_count": 0,
  "total_reward": 435.0294189453125,
  "mean_reward": 0.9063112735748291
}