{
  "timesteps": 3400000,
  "episode_steps": 480,
  "mean_cgm": 112.06047821044922,
  "mean_action": -0.6232244968414307,
  "mean_insulin": 0.028814630582928658,
  "mean_proposed_insulin": 0.028814630582928658,
  "mean_shielded_insulin": 0.028814630582928658,
  "total_insulin": 13.831022262573242,
  "total_proposed_insulin": 13.831022262573242,
  "total_shielded_insulin": 13.831022262573242,
  "mean_iob": 0.5473668575286865,
  "pct_tir_70_180": 85.83333333333333,
  "pct_above_250": 0.0,
  "pct_below_70": 8.958333333333334,
  "pct_shield_active": 0.0,
  "shield_count": 0,
  "total_reward": 433.497314453125,
  "mean_reward": 0.9031193852424622
}