{
  "timesteps": 900000,
  "episode_steps": 480,
  "mean_cgm": 140.76861572265625,
  "mean_action": -0.655253529548645,
  "mean_insulin": 0.029921408742666245,
  "mean_proposed_insulin": 0.029921408742666245,
  "mean_shielded_insulin": 0.029921408742666245,
  "total_insulin": 14.362276077270508,
  "total_proposed_insulin": 14.362276077270508,
  "total_shielded_insulin": 14.362276077270508,
  "mean_iob": 0.5791555643081665,
  "pct_tir_70_180": 80.41666666666667,
  "pct_above_250": 0.0,
  "pct_below_70": 0.0,
  "pct_shield_active": 0.0,
  "shield_count": 0,
  "total_reward": 418.5693054199219,
  "mean_reward": 0.8720194101333618
}