{
  "timesteps": 1000000,
  "episode_steps": 480,
  "mean_cgm": 124.8109359741211,
  "mean_action": -0.6393377780914307,
  "mean_insulin": 0.031279221177101135,
  "mean_proposed_insulin": 0.031279221177101135,
  "mean_shielded_insulin": 0.031279221177101135,
  "total_insulin": 15.014026641845703,
  "total_proposed_insulin": 15.014026641845703,
  "total_shielded_insulin": 15.014026641845703,
  "mean_iob": 0.6076951622962952,
  "pct_tir_70_180": 73.95833333333334,
  "pct_above_250": 0.4166666666666667,
  "pct_below_70": 8.333333333333332,
  "pct_shield_active": 0.0,
  "shield_count": 0,
  "total_reward": 398.5650634765625,
  "mean_reward": 0.8303439021110535
}