{
  "timesteps": 700000,
  "episode_steps": 480,
  "mean_cgm": 150.37600708007812,
  "mean_action": -0.6889051198959351,
  "mean_insulin": 0.03100011684000492,
  "mean_proposed_insulin": 0.03100011684000492,
  "mean_shielded_insulin": 0.03100011684000492,
  "total_insulin": 14.880056381225586,
  "total_proposed_insulin": 14.880056381225586,
  "total_shielded_insulin": 14.880056381225586,
  "mean_iob": 0.6065628528594971,
  "pct_tir_70_180": 67.91666666666667,
  "pct_above_250": 8.958333333333334,
  "pct_below_70": 6.25,
  "pct_shield_active": 0.0,
  "shield_count": 0,
  "total_reward": 379.14752197265625,
  "mean_reward": 0.7898906469345093
}