{
  "timesteps": 2800000,
  "episode_steps": 480,
  "mean_cgm": 120.14421081542969,
  "mean_action": -0.6064139604568481,
  "mean_insulin": 0.03181051090359688,
  "mean_proposed_insulin": 0.03181051090359688,
  "mean_shielded_insulin": 0.03181051090359688,
  "total_insulin": 15.269044876098633,
  "total_proposed_insulin": 15.269044876098633,
  "total_shielded_insulin": 15.269044876098633,
  "mean_iob": 0.6109844446182251,
  "pct_tir_70_180": 89.79166666666667,
  "pct_above_250": 0.0,
  "pct_below_70": 6.25,
  "pct_shield_active": 0.0,
  "shield_count": 0,
  "total_reward": 442.2967834472656,
  "mean_reward": 0.9214516282081604
}