{
  "timesteps": 300000,
  "episode_steps": 418,
  "mean_cgm": 271.2371826171875,
  "mean_action": -0.6666279435157776,
  "mean_insulin": 0.022362256422638893,
  "mean_proposed_insulin": 0.022362256422638893,
  "mean_shielded_insulin": 0.022362256422638893,
  "total_insulin": 9.347423553466797,
  "total_proposed_insulin": 9.347423553466797,
  "total_shielded_insulin": 9.347423553466797,
  "mean_iob": 0.43837985396385193,
  "pct_tir_70_180": 12.679425837320574,
  "pct_above_250": 66.50717703349282,
  "pct_below_70": 0.0,
  "pct_shield_active": 0.0,
  "shield_count": 0,
  "total_reward": 176.13446044921875,
  "mean_reward": 0.4213743209838867
}