{
  "timesteps": 400000,
  "episode_steps": 480,
  "mean_cgm": 202.546142578125,
  "mean_action": -0.6292696595191956,
  "mean_insulin": 0.025834238156676292,
  "mean_proposed_insulin": 0.025834238156676292,
  "mean_shielded_insulin": 0.025834238156676292,
  "total_insulin": 12.400434494018555,
  "total_proposed_insulin": 12.400434494018555,
  "total_shielded_insulin": 12.400434494018555,
  "mean_iob": 0.5035485029220581,
  "pct_tir_70_180": 36.45833333333333,
  "pct_above_250": 22.291666666666668,
  "pct_below_70": 0.0,
  "pct_shield_active": 0.0,
  "shield_count": 0,
  "total_reward": 290.78106689453125,
  "mean_reward": 0.6057938933372498
}