{
  "timesteps": 2600000,
  "episode_steps": 480,
  "mean_cgm": 130.4928741455078,
  "mean_action": -0.6131126284599304,
  "mean_insulin": 0.03027467243373394,
  "mean_proposed_insulin": 0.03027467243373394,
  "mean_shielded_insulin": 0.03027467243373394,
  "total_insulin": 14.531843185424805,
  "total_proposed_insulin": 14.531843185424805,
  "total_shielded_insulin": 14.531843185424805,
  "mean_iob": 0.5894548892974854,
  "pct_tir_70_180": 94.58333333333333,
  "pct_above_250": 0.0,
  "pct_below_70": 0.625,
  "pct_shield_active": 0.0,
  "shield_count": 0,
  "total_reward": 454.8369140625,
  "mean_reward": 0.9475768804550171
}