{
  "timesteps": 3500000,
  "episode_steps": 465,
  "mean_cgm": 124.76081848144531,
  "mean_action": -0.6370936036109924,
  "mean_insulin": 0.032815489917993546,
  "mean_proposed_insulin": 0.032815489917993546,
  "mean_shielded_insulin": 0.032815489917993546,
  "total_insulin": 15.25920295715332,
  "total_proposed_insulin": 15.25920295715332,
  "total_shielded_insulin": 15.25920295715332,
  "mean_iob": 0.6286075115203857,
  "pct_tir_70_180": 79.78494623655914,
  "pct_above_250": 0.0,
  "pct_below_70": 8.60215053763441,
  "pct_shield_active": 0.0,
  "shield_count": 0,
  "total_reward": 401.2900390625,
  "mean_reward": 0.8629893064498901
}