{
  "timesteps": 1300000,
  "episode_steps": 480,
  "mean_cgm": 126.90290832519531,
  "mean_action": -0.6487217545509338,
  "mean_insulin": 0.03226698562502861,
  "mean_proposed_insulin": 0.03226698562502861,
  "mean_shielded_insulin": 0.03226698562502861,
  "total_insulin": 15.488152503967285,
  "total_proposed_insulin": 15.488152503967285,
  "total_shielded_insulin": 15.488152503967285,
  "mean_iob": 0.6322221159934998,
  "pct_tir_70_180": 70.83333333333334,
  "pct_above_250": 0.0,
  "pct_below_70": 12.708333333333332,
  "pct_shield_active": 0.0,
  "shield_count": 0,
  "total_reward": 387.72637939453125,
  "mean_reward": 0.8077632784843445
}