{
  "timesteps": 500000,
  "episode_steps": 480,
  "mean_cgm": 172.5198516845703,
  "mean_action": -0.6035146713256836,
  "mean_insulin": 0.027666231617331505,
  "mean_proposed_insulin": 0.027666231617331505,
  "mean_shielded_insulin": 0.027666231617331505,
  "total_insulin": 13.279790878295898,
  "total_proposed_insulin": 13.279790878295898,
  "total_shielded_insulin": 13.279790878295898,
  "mean_iob": 0.5494438409805298,
  "pct_tir_70_180": 63.33333333333333,
  "pct_above_250": 13.541666666666666,
  "pct_below_70": 5.0,
  "pct_shield_active": 0.0,
  "shield_count": 0,
  "total_reward": 363.7860107421875,
  "mean_reward": 0.7578875422477722
}