{
  "timesteps": 1400000,
  "episode_steps": 480,
  "mean_cgm": 127.77252960205078,
  "mean_action": -0.6413617730140686,
  "mean_insulin": 0.030643101781606674,
  "mean_proposed_insulin": 0.030643101781606674,
  "mean_shielded_insulin": 0.030643101781606674,
  "total_insulin": 14.708688735961914,
  "total_proposed_insulin": 14.708688735961914,
  "total_shielded_insulin": 14.708688735961914,
  "mean_iob": 0.5999405384063721,
  "pct_tir_70_180": 66.45833333333333,
  "pct_above_250": 1.6666666666666667,
  "pct_below_70": 12.916666666666668,
  "pct_shield_active": 0.0,
  "shield_count": 0,
  "total_reward": 379.2802734375,
  "mean_reward": 0.7901672124862671
}