{
  "timesteps": 1700000,
  "episode_steps": 480,
  "mean_cgm": 137.37425231933594,
  "mean_action": -0.6234358549118042,
  "mean_insulin": 0.02997867576777935,
  "mean_proposed_insulin": 0.02997867576777935,
  "mean_shielded_insulin": 0.02997867576777935,
  "total_insulin": 14.389764785766602,
  "total_proposed_insulin": 14.389764785766602,
  "total_shielded_insulin": 14.389764785766602,
  "mean_iob": 0.5729902386665344,
  "pct_tir_70_180": 80.41666666666667,
  "pct_above_250": 0.0,
  "pct_below_70": 0.0,
  "pct_shield_active": 0.0,
  "shield_count": 0,
  "total_reward": 420.4028015136719,
  "mean_reward": 0.8758391737937927
}