{
  "timesteps": 3000000,
  "episode_steps": 480,
  "mean_cgm": 128.15606689453125,
  "mean_action": -0.6626164317131042,
  "mean_insulin": 0.030131502076983452,
  "mean_proposed_insulin": 0.030131502076983452,
  "mean_shielded_insulin": 0.030131502076983452,
  "total_insulin": 14.46312141418457,
  "total_proposed_insulin": 14.46312141418457,
  "total_shielded_insulin": 14.46312141418457,
  "mean_iob": 0.5781121850013733,
  "pct_tir_70_180": 76.875,
  "pct_above_250": 0.0,
  "pct_below_70": 6.458333333333334,
  "pct_shield_active": 0.0,
  "shield_count": 0,
  "total_reward": 409.3721008300781,
  "mean_reward": 0.8528585433959961
}