{
  "timesteps": 2300000,
  "episode_steps": 480,
  "mean_cgm": 130.28289794921875,
  "mean_action": -0.6209442019462585,
  "mean_insulin": 0.030372420325875282,
  "mean_proposed_insulin": 0.030372420325875282,
  "mean_shielded_insulin": 0.030372420325875282,
  "total_insulin": 14.57876205444336,
  "total_proposed_insulin": 14.57876205444336,
  "total_shielded_insulin": 14.57876205444336,
  "mean_iob": 0.591645359992981,
  "pct_tir_70_180": 69.58333333333333,
  "pct_above_250": 0.0,
  "pct_below_70": 9.791666666666666,
  "pct_shield_active": 0.0,
  "shield_count": 0,
  "total_reward": 385.5210876464844,
  "mean_reward": 0.8031689524650574
}