{
  "timesteps": 3700000,
  "episode_steps": 480,
  "mean_cgm": 131.3527069091797,
  "mean_action": -0.6877012252807617,
  "mean_insulin": 0.03158935531973839,
  "mean_proposed_insulin": 0.03158935531973839,
  "mean_shielded_insulin": 0.03158935531973839,
  "total_insulin": 15.162891387939453,
  "total_proposed_insulin": 15.162891387939453,
  "total_shielded_insulin": 15.162891387939453,
  "mean_iob": 0.6122257113456726,
  "pct_tir_70_180": 86.25,
  "pct_above_250": 0.0,
  "pct_below_70": 2.9166666666666665,
  "pct_shield_active": 0.0,
  "shield_count": 0,
  "total_reward": 432.50689697265625,
  "mean_reward": 0.9010560512542725
}