{
  "timesteps": 3200000,
  "episode_steps": 480,
  "mean_cgm": 127.5409164428711,
  "mean_action": -0.6710272431373596,
  "mean_insulin": 0.030716586858034134,
  "mean_proposed_insulin": 0.030716586858034134,
  "mean_shielded_insulin": 0.030716586858034134,
  "total_insulin": 14.743961334228516,
  "total_proposed_insulin": 14.743961334228516,
  "total_shielded_insulin": 14.743961334228516,
  "mean_iob": 0.5920135378837585,
  "pct_tir_70_180": 71.875,
  "pct_above_250": 0.0,
  "pct_below_70": 10.833333333333334,
  "pct_shield_active": 0.0,
  "shield_count": 0,
  "total_reward": 395.50604248046875,
  "mean_reward": 0.8239709138870239
}