episode,70<=BG<=180,BG>180,BG<70,BG>250,BG<50,LBGI,HBGI,Risk Index
0,39.08523908523909,60.91476091476091,0.0,31.600831600831604,0.0,0.18473228977362796,15.775631014986855,15.960363304760483
