Complexity,Loss,Equation
1,0.03400284,"x26"
3,0.03389583,"x26 + 0.010364274"
5,0.03170403,"x26 + (0.010364274 / x2)"
7,0.031319287,"((x8 * -0.16404769) + 0.039272472) + x26"
9,0.030016772,"(x26 + 0.0471199) + (x8 * (x8 * -0.29000485))"
11,0.029927805,"((x8 * ((x8 * -0.37370542) + 0.06562558)) + 0.04615638) + x26"
13,0.023917094,"(0.98501325 - (x2 - (((x26 / 1.3643953) / 0.18188496) - x8))) * 0.21800226"
15,0.023410635,"((0.98501325 - (x2 - (((x26 / 1.3643953) / 0.18188496) - x8))) * 0.21800226) - -0.034128815"
