Complexity,Loss,Equation
1,0.033749085,"x26"
3,0.032366015,"x26 + 0.03720763"
5,0.025380246,"x26 + (0.035119966 / x2)"
7,0.017502455,"x26 + (0.062765196 / (x2 + x8))"
11,0.01101346,"x26 + (0.07481356 / ((x8 * (x26 / -0.06489441)) + x2))"
13,0.007630595,"(x26 + (0.1107209 / (x2 + ((x8 * -0.19238201) / -0.061542902)))) - 0.10341341"
15,0.0067513445,"((x26 + (0.1107209 / (x2 + ((x8 * -0.19238201) / -0.061542902)))) - 0.10341341) / 1.1149015"
17,0.005836262,"x26 + ((-0.06936122 / (-1.1050904 - x2)) / ((x2 + ((x8 * x26) / -0.08868405)) + -0.0518026))"
19,0.0057962816,"x26 + (((-0.06936122 / (-1.1050904 - x2)) / (x2 + (((x8 * x26) / -0.08868405) + -0.0518026))) - 0.0020039598)"
