Complexity,Loss,Equation
1,0.055255763,"x26"
2,0.05173053,"sin(x26)"
4,0.051544655,"sin(x26) + 0.0135942185"
5,0.047975585,"(-0.17590088 * x19) + x26"
6,0.0452871,"sin((x8 * -0.37587297) + x26)"
8,0.043749887,"sin(((x2 * -0.49625713) * x8) + x26)"
10,0.043454688,"sin(((x2 * -0.49625713) * x8) + x26) + 0.044554893"
