Complexity,Loss,Equation
1,0.041798156,"x26"
3,0.041115914,"x26 / 1.0534796"
5,0.03930103,"x26 - (0.0802095 * x19)"
7,0.036638286,"x26 - ((0.07039991 / x2) * -0.36884424)"
9,0.027528955,"x26 - ((0.07039991 / x2) * (x26 - 0.69507575))"
