episode,70<=BG<=180,BG>180,BG<70,BG>250,BG<50,LBGI,HBGI,Risk Index
0,44.07484407484408,52.5987525987526,3.3264033264033266,13.92931392931393,0.0,0.5654260977666455,10.29819270653331,10.863618804299955
1,53.84615384615385,45.32224532224532,0.8316008316008316,12.889812889812891,0.0,0.28463160541671734,11.315155095179358,11.599786700596079
2,68.60706860706861,29.72972972972973,1.6632016632016633,0.0,0.0,0.47139869566392006,4.936517982419326,5.407916678083247
3,63.409563409563404,29.521829521829524,7.0686070686070686,3.118503118503119,2.9106029106029108,1.6949236535331573,5.478567002760144,7.1734906562933025
4,50.72765072765073,24.94802494802495,24.324324324324326,7.900207900207901,1.6632016632016633,3.7943217299642917,5.646168538615055,9.440490268579346
5,55.301455301455306,38.04573804573805,6.652806652806653,4.781704781704782,1.2474012474012475,1.2807155541922397,6.956734162339593,8.237449716531833
6,65.28066528066529,34.71933471933472,0.0,0.0,0.0,0.3380742757875086,5.938135141700147,6.276209417487656
7,52.5987525987526,40.74844074844075,6.652806652806653,21.62162162162162,1.4553014553014554,1.3920957940658747,11.67589203658875,13.067987830654628
8,42.20374220374221,47.4012474012474,10.395010395010395,24.532224532224532,3.118503118503119,2.049147424446464,11.769752726198371,13.818900150644836
9,57.58835758835759,42.41164241164241,0.0,12.889812889812891,0.0,0.03766696150647695,9.971822088642998,10.009489050149474
10,42.61954261954262,39.5010395010395,17.87941787941788,18.711018711018713,4.158004158004158,3.5092596323503287,10.671643443660713,14.180903076011043
11,56.96465696465697,37.21413721413722,5.8212058212058215,5.197505197505198,0.0,1.2635074360331313,6.989001331546114,8.252508767579247
12,58.62785862785863,39.08523908523909,2.2869022869022873,12.266112266112266,0.0,0.6684954656148868,9.561687496653848,10.230182962268733
13,40.12474012474013,54.469854469854475,5.405405405405405,8.93970893970894,1.2474012474012475,1.0726264736117497,10.023465111951724,11.096091585563473
14,61.74636174636174,32.84823284823285,5.405405405405405,11.434511434511435,0.0,1.0524700074234756,7.198008465767429,8.250478473190903
15,48.85654885654886,50.1039501039501,1.0395010395010396,14.96881496881497,0.0,0.2994990427224174,11.338265835836955,11.637764878559372
