Complexity,Loss,Equation
1,0.04504217,"x26"
3,0.04408473,"x26 / 1.0594957"
5,0.04191802,"(0.01864287 / x2) + x26"
7,0.038218103,"(x26 * 0.87784874) + (0.028900791 / x2)"
9,0.021424357,"-0.6301436 * (x2 + ((-1.0886221 - x26) + x8))"
11,0.020936703,"-0.6301436 * (x2 + (-1.0886221 - (x26 + (-0.03013507 - x8))))"
