Complexity,Loss,Equation
1,0.04520343,"x26"
3,0.04374176,"x26 * 0.9227561"
5,0.042993434,"(x8 / -5.295363) + x26"
7,0.041834332,"((x8 / -5.295363) + x26) / 1.0445279"
9,0.034645457,"(-0.9918401 - ((x26 * 1.3500681) - x2)) * -0.52777463"
