Complexity,Loss,Equation
1,0.025862085,"x26"
3,0.025644973,"x26 - -0.014730036"
5,0.02323703,"x26 - (-0.016553393 / x2)"
7,0.022529766,"((x8 * -0.1739433) + x26) + 0.04338268"
9,0.021606062,"x26 + (((x8 * -0.27955142) * x8) + 0.051108167)"
11,0.015933156,"x26 - (0.0036850506 / (((-0.026871802 + x14) + x26) * 0.2571008))"
15,0.015843807,"(x26 - (((0.057725184 - 0.0036850506) / (-0.026871802 + (x14 + x26))) * 0.2571008)) + x10"
