Complexity,Loss,Equation
1,0.02289056,"x26"
3,0.022862691,"x26 / 1.0113374"
5,0.020859279,"x26 - (x17 * 0.09310719)"
6,0.0204463,"x26 - (log(x2) * 0.08657902)"
7,0.013301747,"sin(x26 - (log(x2) * 0.36316139))"
