Complexity,Loss,Equation
1,0.033722524,"x26"
3,0.03265389,"x26 / 1.0738503"
5,0.03144672,"x26 + (x17 * -0.096233174)"
7,0.030564802,"x26 - (0.07120837 * (x8 + x19))"
9,0.030513655,"x26 - ((0.07120837 * (x8 + x19)) / 0.9623221)"
