Complexity,Loss,Equation
1,9.655472e-5,"0.42915273"
3,6.4634005e-5,"x1 + 0.42457196"
5,4.8476715e-5,"0.34931123 - (x0 * 0.16491365)"
7,1.4664182e-6,"(x1 + 0.20686623) * (1.5454048 - x0)"
9,1.9505451e-8,"0.3317239 - ((-1.8654066 * x1) - (x0 * -0.1835189))"
11,1.4199185e-8,"(x0 * -0.18339783) + ((0.020333286 - (x1 * -1.8850665)) + 0.31139153)"
