episode,70<=BG<=180,BG>180,BG<70,BG>250,BG<50,LBGI,HBGI,Risk Index
0,70.06237006237006,26.819126819126822,3.118503118503119,11.226611226611228,0.0,1.6854456999052827,6.442505567301937,8.127951267207221
1,21.413721413721415,78.5862785862786,0.0,49.48024948024948,0.0,0.0,23.428155688480768,23.428155688480768
2,23.076923076923077,76.92307692307693,0.0,37.42203742203743,0.0,0.0,20.571142161084584,20.571142161084584
3,52.18295218295218,44.28274428274428,3.5343035343035343,21.62162162162162,0.0,0.6637048812070256,12.763650295090642,13.427355176297668
4,46.15384615384615,53.84615384615385,0.0,43.45114345114345,0.0,2.4873283025329634e-05,17.45589832099492,17.455923194277947
5,57.58835758835759,42.41164241164241,0.0,26.611226611226613,0.0,0.018034027491611242,14.751564967767308,14.769598995258919
6,45.11434511434512,54.88565488565489,0.0,33.471933471933475,0.0,0.009280245514286594,14.581497221400149,14.590777466914439
