episode,70<=BG<=180,BG>180,BG<70,BG>250,BG<50,LBGI,HBGI,Risk Index
0,63.82536382536382,36.17463617463618,0.0,7.484407484407485,0.0,0.5495583782719126,6.597029879594788,7.146588257866701
1,63.20166320166321,22.245322245322246,14.553014553014554,1.8711018711018712,3.5343035343035343,2.842436803511634,4.472046688055225,7.31448349156686
2,66.73596673596674,28.06652806652807,5.197505197505198,8.108108108108109,1.8711018711018712,1.350566613515196,6.209809802121145,7.560376415636342
3,65.48856548856548,24.74012474012474,9.771309771309772,2.2869022869022873,0.0,1.6148914738711169,5.386528097113267,7.0014195709843845
4,70.68607068607069,21.62162162162162,7.6923076923076925,3.118503118503119,0.0,2.3635125332951232,4.33346140275444,6.696973936049564
5,61.53846153846154,37.42203742203743,1.0395010395010396,5.197505197505198,0.0,0.4418188253090403,6.540140172912632,6.981958998221671
