Complexity,Loss,Equation
1,0.018710796,"x26"
3,0.018531231,"x26 + 0.01340075"
5,0.017044304,"x26 + (x17 * -0.086466886)"
7,0.016441748,"(x19 * -0.13225988) + (x26 / 0.92730546)"
9,0.014453977,"x26 + (((x2 + x17) * -0.15758602) - -0.14613684)"
11,0.01188334,"((0.7798146 * x26) + ((x8 + x2) * -0.42279038)) + 0.48601663"
13,0.010929096,"(0.7798146 * x26) + ((((x8 + x2) * -0.42279038) - 0.030890714) + 0.48601663)"
