Complexity,Loss,Equation
1,0.022113511,"x26"
3,0.02179159,"x26 / 1.0378349"
5,0.020305904,"x26 - (x18 * 0.089030504)"
7,0.019773696,"x26 - ((x19 + x8) * 0.08097576)"
9,0.018878093,"x26 - ((x2 * (x19 + x8)) * 0.119393975)"
11,0.018868916,"(x26 - (((x8 + x19) * 0.11901183) * x2)) - -0.0030346063"
17,0.017329933,"((x26 - x2) * 0.25264314) - ((x26 - (((x22 - x24) * x8) + -0.4221887)) * -0.59532017)"
19,0.016727978,"(((x26 - x2) * -0.40960178) - (x26 - ((((0.038626693 + x21) - x24) * x8) + -0.4221887))) * -0.59532017"
