episode,70<=BG<=180,BG>180,BG<70,BG>250,BG<50,LBGI,HBGI,Risk Index
0,35.343035343035346,64.65696465696466,0.0,42.20374220374221,0.0,0.38770999473577783,19.018405725829354,19.406115720565136
1,39.08523908523909,46.77754677754678,14.137214137214137,26.195426195426197,0.0,2.142669686398952,13.054564843493033,15.197234529891984
2,40.74844074844075,59.25155925155925,0.0,27.234927234927238,0.0,0.23678605584604187,14.781303177863732,15.018089233709773
