Complexity,Loss,Equation
1,0.03328857,"x26"
3,0.032720383,"x26 * 0.9474895"
5,0.03158045,"x26 + (0.017509023 / x2)"
7,0.029614571,"((0.02890566 / x2) + x26) * 0.8931498"
9,0.026106048,"((0.05550565 / x2) + (x26 * 0.81836575)) - 0.0874551"
