Complexity,Loss,Equation
1,0.045905173,"x26"
3,0.0450025,"x26 * 0.9388147"
5,0.043107726,"x26 - (x17 * 0.11374368)"
7,0.02533858,"(0.10802123 / x2) + (x26 * x2)"
9,0.024323301,"((0.10802123 / x2) + (x26 * x2)) / 1.0604012"
