policy,mean_reward,std_reward
teacher,-1411.6299260100004,1092.4761177787511
student_best,230.16175328999998,406.982859217066
