Complexity,Loss,Equation
1,0.030680798,"x26"
3,0.029673707,"x26 * 0.9326186"
5,0.028510038,"x26 + (x17 * -0.102927804)"
7,0.028222568,"x26 - (0.11980146 * (x19 * x2))"
9,0.02808406,"x26 - (x2 * ((0.04640923 + x19) * 0.11980151))"
11,0.017628357,"(x8 * -0.4857346) + (0.6653631 + ((x26 - x2) * 0.6537989))"
13,0.01762138,"(0.6657421 + (x8 * -0.48704177)) + (0.65390295 * (x26 + (x9 - x2)))"
15,0.016641919,"(x8 * -0.4857346) + (0.6653631 + ((x12 * -0.06438625) + ((x26 - x2) * 0.6537989)))"
19,0.016021771,"((((x8 * x23) - x8) * 0.2606507) + 0.6237215) + ((x8 * -0.280494) + ((x26 - x2) * 0.6012881))"
