Complexity,Loss,Equation
1,0.008600029,"x26"
3,0.008347031,"x26 + 0.015918719"
5,0.007123764,"x26 + (x17 * -0.08680268)"
7,0.0064987782,"(x20 * -0.143448) + (x26 * 1.096387)"
9,0.0064835674,"((x26 * 1.0936095) + (x20 * -0.1401382)) - -0.004053543"
13,0.0064523383,"(((x18 * -1.0339619) + (x18 + x26)) - (x22 * 0.12134567)) / 0.88272464"
15,0.0064334767,"(((x18 * -1.0339619) + ((x18 + x26) + 0.0035697555)) - (x22 * 0.12134567)) / 0.88272464"
