Complexity,Loss,Equation
1,0.026013492,"x26"
3,0.025673041,"x26 * 0.9621363"
4,0.025573676,"sin(x26) * 1.0787433"
5,0.024197012,"x26 + (x8 * -0.1631111)"
6,0.02390662,"sin(x26 - (x8 * 0.25348482))"
7,0.016391328,"sin(x26 - (0.31081998 * log(x2)))"
9,0.016165463,"sin(x26 - (log(x2) * (-0.3687913 / -0.9690264)))"
