Complexity,Loss,Equation
1,0.03296076,"x26"
3,0.03239265,"x26 / 1.0527804"
5,0.029353604,"x26 - (-0.022551395 / x2)"
7,0.027054695,"(0.8518785 * x26) - (-0.022551395 / x2)"
9,0.023773476,"x26 - (((1.7802422 - x26) * -0.022551395) / x2)"
