Complexity,Loss,Equation
1,0.45137167,"0.016673164"
3,0.4474221,"x0 * x0"
5,0.44336072,"x0 * (x0 - x2)"
7,0.41930294,"-0.032177888 / ((-0.0061054626 - x2) / x0)"
9,0.4056169,"(x0 * -0.15319139) / ((-0.014350597 - x2) / x0)"
11,0.3611671,"(x0 / ((x2 - (x0 - 0.6610613)) / 1.646549)) * x1"
13,0.3527413,"((x0 - x2) / ((x2 - (x0 - 0.6610613)) / 1.646549)) * x1"
15,0.3392265,"((x2 - x0) * ((x2 - x0) / (x2 - (x0 - 0.6610613)))) * x0"
17,0.32776922,"((x2 - x0) * ((x2 - x0) / (x2 - ((x0 - 0.6610613) / 1.646549)))) * x0"
