Complexity,Loss,Equation
1,0.008600029,"x26"
3,0.00834703,"x26 + 0.015918888"
5,0.007123764,"x26 + (x17 * -0.08680156)"
7,0.006479592,"(x26 * 1.1249571) + (x21 * -0.16589524)"
9,0.0064545297,"(x26 * 1.1208887) + ((x21 * -0.16144149) - -0.0051677725)"
13,0.0064274184,"(-0.08268082 * (-0.06138054 - (((x26 * 1.431019) - x22) - x20))) + x26"
