parameter,importance
gae_lambda,0.36291606559634587
gamma,0.26160372544285543
batch_size,0.1749495686927029
net_arch,0.06632041158636569
n_steps,0.033131012578600565
max_grad_norm,0.0326407776491188
clip_range,0.01732654967258353
vf_coef,0.01694116795889664
ent_coef,0.01691565635037002
n_epochs,0.01591788729390688
learning_rate,0.0013371771782536262
