Complexity,Loss,Equation
1,0.045186,"x26"
3,0.04455891,"x26 * 0.94961536"
5,0.041702464,"x26 + (x8 * -0.19992305)"
7,0.041124944,"(x8 * -0.23982668) + (x26 + 0.025356874)"
9,0.031219952,"((0.08242554 / x2) - (x26 * -0.74186605)) - 0.13447829"
