Complexity,Loss,Equation
1,0.0027177227,"x2"
3,0.0022359244,"x2 * 1.8528011"
5,0.0020240585,"(x2 * 2.0167737) + -0.015153762"
7,0.0009583478,"-0.057594664 - ((x2 * -3.5255628) - x3)"
9,0.00028371278,"(((x3 + x2) * 3.051456) + x1) - 0.08814222"
11,0.00023829061,"((x3 + x2) * 3.051456) + ((x1 - 0.08814222) + x2)"
