Complexity,Loss,Equation
1,0.2398341,"0.009495859"
3,0.23466064,"x0 * x0"
5,0.0922248,"-0.013810931 / (x0 + -0.6719243)"
7,0.09157499,"(x0 * -0.018940287) / (x0 + -0.6719243)"
9,0.091447145,"(-0.018940287 / ((x4 * x0) + -0.6719243)) * x0"
11,0.09070704,"(-0.018940287 / ((x4 * x0) + -0.6719243)) * (x0 - x2)"
13,0.08981983,"(((x4 * -0.018940287) / (-0.6719243 + x0)) * (x0 - x2)) / 0.9465878"
15,0.08981659,"((((x4 * -0.018940287) / (-0.6719243 + x0)) * (x0 - x2)) / 0.9465878) / x4"
17,0.089732006,"(x4 * ((-0.018940287 / (-0.6719243 + x0)) * (x0 - x2))) / (x4 * (1.1806439 - x1))"
