episode,70<=BG<=180,BG>180,BG<70,BG>250,BG<50,LBGI,HBGI,Risk Index
0,43.65904365904366,37.21413721413722,19.12681912681913,22.245322245322246,6.237006237006238,4.092641560289505,11.091756345931453,15.184397906220958
