Complexity,Loss,Equation
1,0.034049183,"x26"
3,0.03379306,"x26 * 0.9743319"
5,0.031260047,"(0.01640038 / x2) + x26"
7,0.022803575,"(0.0021165134 / (x2 - 0.10878006)) + x26"
9,0.016666528,"x26 + (0.002269293 / (x2 - (x26 + 0.10878006)))"
13,0.009574869,"x26 + ((0.3769414 - (0.34385738 / (x26 + (x2 + x8)))) * -0.38928127)"
17,0.008915126,"x26 + ((0.3769414 - (0.34385738 / (x26 + (x2 + ((x8 + x4) * 1.4536707))))) * -0.38928127)"
