episode,70<=BG<=180,BG>180,BG<70,BG>250,BG<50,LBGI,HBGI,Risk Index
0,54.469854469854475,32.224532224532226,13.305613305613306,18.91891891891892,0.0,2.2692147906521782,9.260465050877345,11.529679841529521
