Complexity,Loss,Equation
1,0.03356814,"x26"
3,0.03311024,"x26 + 0.021388657"
5,0.028397324,"x26 + (0.024976581 / x2)"
7,0.025970725,"x26 - ((-0.003958395 / x2) / x2)"
9,0.013181712,"x26 - (-0.0075683147 / ((x2 * x2) + x8))"
