Complexity,Loss,Equation
1,0.0332437,"x26"
3,0.033199452,"x26 - -0.0066758366"
5,0.030879091,"x26 - (-0.0066758366 / x2)"
7,0.02447209,"x26 - (-0.0066758366 / (x2 * x2))"
9,0.014806813,"x26 - (-0.0066758366 / ((x2 * x2) + x8))"
