Complexity,Loss,Equation
1,0.030392762,"x26"
3,0.029566696,"x26 * 0.9404428"
5,0.027666843,"x26 + (x19 * -0.108984396)"
7,0.026760086,"((x8 + x19) * -0.10295676) + x26"
9,0.02673015,"(((x8 + x19) * -0.103435) + x26) - -0.0054784375"
11,0.026481649,"x26 + ((x8 + x19) * (0.14318371 * (-0.7009145 * x2)))"
13,0.01880492,"((((x26 - x2) - (x8 + -0.8941097)) + x11) * 0.64631665) + 0.103085086"
