episode,70<=BG<=180,BG>180,BG<70,BG>250,BG<50,LBGI,HBGI,Risk Index
0,34.511434511434516,40.33264033264034,25.155925155925157,23.7006237006237,14.137214137214137,7.319091628446603,11.640622303466005,18.95971393191261
