Complexity,Loss,Equation
1,0.047427136,"x26"
3,0.046445135,"x26 / 1.0511122"
5,0.044247985,"x26 - (-0.018446494 / x2)"
7,0.04032509,"(x26 - (-0.028358864 / x2)) / 1.1267984"
9,0.03254062,"((x26 - (-0.084473886 / x2)) / 1.2953963) - 0.1451571"
