policy,mean_reward,std_reward
teacher,-2596.207741110001,2292.647164844236
student_best,-1046.82001925,1882.933612667941
