Complexity,Loss,Equation
1,0.031948682,"x26"
3,0.03170249,"x26 * 0.9676977"
5,0.028342754,"(0.030547343 / x2) + x26"
6,0.01965229,"sin(x26 - log(sqrt(x2)))"
8,0.010068674,"sin(x26 - log(sqrt(x2 + x8)))"
10,0.0096801,"sin(x26 - log(sqrt(x2 + x8))) + 0.042791586"
