Complexity,Loss,Equation
1,0.024913216,"x26"
3,0.024294736,"x26 / 1.0547346"
5,0.023197317,"x26 + (x8 * -0.1534475)"
7,0.022574395,"((x8 / -6.1733637) + x26) * 0.94788355"
9,0.021432454,"x26 + ((x2 + (x19 + -0.93111306)) * -0.15229236)"
11,0.020271575,"(((0.04676168 / x2) + x26) * 0.8527703) + (x10 - 0.06388253)"
13,0.020158125,"(((0.04676168 / (x2 - 0.018081468)) + x26) * 0.8527703) + (x10 - 0.06388253)"
15,0.01999258,"(((0.04676168 / x2) - ((x17 + x9) * 0.018081468)) + (x26 * 0.8527703)) - 0.06388253"
19,0.019940639,"(((0.04676168 / x2) - ((x17 + (x9 - -0.32019728)) * 0.018081468)) + (x26 * 0.8527703)) + (x10 - 0.06388253)"
