{
  "timesteps": 3100000,
  "episode_steps": 480,
  "mean_cgm": 135.18243408203125,
  "mean_action": -0.7771128416061401,
  "mean_insulin": 0.03241264820098877,
  "mean_proposed_insulin": 0.03241264820098877,
  "mean_shielded_insulin": 0.03241264820098877,
  "total_insulin": 15.55807113647461,
  "total_proposed_insulin": 15.55807113647461,
  "total_shielded_insulin": 15.55807113647461,
  "mean_iob": 0.637122392654419,
  "pct_tir_70_180": 92.08333333333333,
  "pct_above_250": 1.4583333333333333,
  "pct_below_70": 0.0,
  "pct_shield_active": 0.0,
  "shield_count": 0,
  "total_reward": 449.4118957519531,
  "mean_reward": 0.9362747669219971
}