{
  "timesteps": 2400000,
  "episode_steps": 480,
  "mean_cgm": 160.31459045410156,
  "mean_action": -0.6292387247085571,
  "mean_insulin": 0.04935059696435928,
  "mean_proposed_insulin": 0.04935059696435928,
  "mean_shielded_insulin": 0.04935059696435928,
  "total_insulin": 23.68828582763672,
  "total_proposed_insulin": 23.68828582763672,
  "total_shielded_insulin": 23.68828582763672,
  "mean_iob": 0.9430341720581055,
  "pct_tir_70_180": 71.66666666666667,
  "pct_above_250": 0.0,
  "pct_below_70": 0.0,
  "pct_shield_active": 0.0,
  "shield_count": 0,
  "total_reward": 393.4290771484375,
  "mean_reward": 0.8196439146995544
}