{
  "timesteps": 100000,
  "episode_steps": 244,
  "mean_cgm": 209.76614379882812,
  "mean_action": -0.9959871768951416,
  "mean_insulin": 0.0017183125019073486,
  "mean_proposed_insulin": 0.0017183125019073486,
  "mean_shielded_insulin": 0.0017183125019073486,
  "total_insulin": 0.41926825046539307,
  "total_proposed_insulin": 0.41926825046539307,
  "total_shielded_insulin": 0.41926825046539307,
  "mean_iob": 0.08494666963815689,
  "pct_tir_70_180": 47.13114754098361,
  "pct_above_250": 30.737704918032787,
  "pct_below_70": 0.0,
  "pct_shield_active": 0.0,
  "shield_count": 0,
  "total_reward": 159.06211853027344,
  "mean_reward": 0.6518939137458801
}