{
  "timesteps": 2800000,
  "episode_steps": 480,
  "mean_cgm": 151.20947265625,
  "mean_action": -0.6168109178543091,
  "mean_insulin": 0.047122400254011154,
  "mean_proposed_insulin": 0.047122400254011154,
  "mean_shielded_insulin": 0.047122400254011154,
  "total_insulin": 22.618751525878906,
  "total_proposed_insulin": 22.618751525878906,
  "total_shielded_insulin": 22.618751525878906,
  "mean_iob": 0.900549054145813,
  "pct_tir_70_180": 83.125,
  "pct_above_250": 0.0,
  "pct_below_70": 0.0,
  "pct_shield_active": 0.0,
  "shield_count": 0,
  "total_reward": 423.9691162109375,
  "mean_reward": 0.8832690119743347
}