{
  "timesteps": 1500000,
  "episode_steps": 480,
  "mean_cgm": 165.5042266845703,
  "mean_action": -0.6991088390350342,
  "mean_insulin": 0.04069404676556587,
  "mean_proposed_insulin": 0.04069404676556587,
  "mean_shielded_insulin": 0.04069404676556587,
  "total_insulin": 19.53314208984375,
  "total_proposed_insulin": 19.53314208984375,
  "total_shielded_insulin": 19.53314208984375,
  "mean_iob": 0.7937644124031067,
  "pct_tir_70_180": 75.20833333333333,
  "pct_above_250": 0.0,
  "pct_below_70": 0.0,
  "pct_shield_active": 0.0,
  "shield_count": 0,
  "total_reward": 398.2252502441406,
  "mean_reward": 0.8296359181404114
}