{
  "timesteps": 3500000,
  "episode_steps": 480,
  "mean_cgm": 142.06886291503906,
  "mean_action": -0.6793140172958374,
  "mean_insulin": 0.0539727658033371,
  "mean_proposed_insulin": 0.0539727658033371,
  "mean_shielded_insulin": 0.0539727658033371,
  "total_insulin": 25.90692710876465,
  "total_proposed_insulin": 25.90692710876465,
  "total_shielded_insulin": 25.90692710876465,
  "mean_iob": 1.0371617078781128,
  "pct_tir_70_180": 86.04166666666667,
  "pct_above_250": 0.0,
  "pct_below_70": 3.5416666666666665,
  "pct_shield_active": 0.0,
  "shield_count": 0,
  "total_reward": 431.047119140625,
  "mean_reward": 0.8980148434638977
}