{
  "timesteps": 3600000,
  "episode_steps": 480,
  "mean_cgm": 138.4921417236328,
  "mean_action": -0.8128772974014282,
  "mean_insulin": 0.04928721487522125,
  "mean_proposed_insulin": 0.04928721487522125,
  "mean_shielded_insulin": 0.04928721487522125,
  "total_insulin": 23.65786361694336,
  "total_proposed_insulin": 23.65786361694336,
  "total_shielded_insulin": 23.65786361694336,
  "mean_iob": 0.9406415820121765,
  "pct_tir_70_180": 88.95833333333333,
  "pct_above_250": 0.0,
  "pct_below_70": 0.0,
  "pct_shield_active": 0.0,
  "shield_count": 0,
  "total_reward": 441.77532958984375,
  "mean_reward": 0.9203652739524841
}