{
  "timesteps": 300000,
  "episode_steps": 274,
  "mean_cgm": 237.45147705078125,
  "mean_action": -1.0,
  "mean_insulin": 0.0016773130046203732,
  "mean_proposed_insulin": 0.0016773130046203732,
  "mean_shielded_insulin": 0.0016773130046203732,
  "total_insulin": 0.45958375930786133,
  "total_proposed_insulin": 0.45958375930786133,
  "total_shielded_insulin": 0.45958375930786133,
  "mean_iob": 0.06336549669504166,
  "pct_tir_70_180": 39.78102189781022,
  "pct_above_250": 41.97080291970803,
  "pct_below_70": 0.0,
  "pct_shield_active": 0.0,
  "shield_count": 0,
  "total_reward": 160.60797119140625,
  "mean_reward": 0.5861604809761047
}