{
  "timesteps": 3200000,
  "episode_steps": 480,
  "mean_cgm": 144.02169799804688,
  "mean_action": -0.6914999485015869,
  "mean_insulin": 0.04676647111773491,
  "mean_proposed_insulin": 0.04676647111773491,
  "mean_shielded_insulin": 0.04676647111773491,
  "total_insulin": 22.447906494140625,
  "total_proposed_insulin": 22.447906494140625,
  "total_shielded_insulin": 22.447906494140625,
  "mean_iob": 0.8998609781265259,
  "pct_tir_70_180": 96.66666666666667,
  "pct_above_250": 0.0,
  "pct_below_70": 0.0,
  "pct_shield_active": 0.0,
  "shield_count": 0,
  "total_reward": 457.9045715332031,
  "mean_reward": 0.9539678692817688
}