{
  "timesteps": 600000,
  "episode_steps": 480,
  "mean_cgm": 177.4518280029297,
  "mean_action": -0.9744916558265686,
  "mean_insulin": 0.034702327102422714,
  "mean_proposed_insulin": 0.034702327102422714,
  "mean_shielded_insulin": 0.034702327102422714,
  "total_insulin": 16.65711784362793,
  "total_proposed_insulin": 16.65711784362793,
  "total_shielded_insulin": 16.65711784362793,
  "mean_iob": 0.6880321502685547,
  "pct_tir_70_180": 55.00000000000001,
  "pct_above_250": 0.20833333333333334,
  "pct_below_70": 0.0,
  "pct_shield_active": 0.0,
  "shield_count": 0,
  "total_reward": 346.0948181152344,
  "mean_reward": 0.7210308909416199
}