{
  "timesteps": 3700000,
  "episode_steps": 480,
  "mean_cgm": 144.49575805664062,
  "mean_action": -0.6601965427398682,
  "mean_insulin": 0.044340576976537704,
  "mean_proposed_insulin": 0.044340576976537704,
  "mean_shielded_insulin": 0.044340576976537704,
  "total_insulin": 21.283477783203125,
  "total_proposed_insulin": 21.283477783203125,
  "total_shielded_insulin": 21.283477783203125,
  "mean_iob": 0.8479406237602234,
  "pct_tir_70_180": 88.95833333333333,
  "pct_above_250": 0.0,
  "pct_below_70": 0.8333333333333334,
  "pct_shield_active": 0.0,
  "shield_count": 0,
  "total_reward": 438.68048095703125,
  "mean_reward": 0.9139176607131958
}