{
  "timesteps": 2100000,
  "episode_steps": 480,
  "mean_cgm": 137.41506958007812,
  "mean_action": -0.7219898104667664,
  "mean_insulin": 0.029978327453136444,
  "mean_proposed_insulin": 0.029978327453136444,
  "mean_shielded_insulin": 0.029978327453136444,
  "total_insulin": 14.389596939086914,
  "total_proposed_insulin": 14.389596939086914,
  "total_shielded_insulin": 14.389596939086914,
  "mean_iob": 0.5981650948524475,
  "pct_tir_70_180": 91.25,
  "pct_above_250": 0.0,
  "pct_below_70": 0.0,
  "pct_shield_active": 0.0,
  "shield_count": 0,
  "total_reward": 443.6181640625,
  "mean_reward": 0.9242045283317566
}