{
  "timesteps": 1200000,
  "episode_steps": 480,
  "mean_cgm": 162.2718963623047,
  "mean_action": -0.8162845373153687,
  "mean_insulin": 0.04716573655605316,
  "mean_proposed_insulin": 0.04716573655605316,
  "mean_shielded_insulin": 0.04716573655605316,
  "total_insulin": 22.63955307006836,
  "total_proposed_insulin": 22.63955307006836,
  "total_shielded_insulin": 22.63955307006836,
  "mean_iob": 0.915594220161438,
  "pct_tir_70_180": 73.95833333333334,
  "pct_above_250": 2.2916666666666665,
  "pct_below_70": 1.875,
  "pct_shield_active": 0.0,
  "shield_count": 0,
  "total_reward": 394.8395690917969,
  "mean_reward": 0.8225824236869812
}