{
  "timesteps": 500000,
  "episode_steps": 480,
  "mean_cgm": 209.64657592773438,
  "mean_action": -0.9450730085372925,
  "mean_insulin": 0.025225171819329262,
  "mean_proposed_insulin": 0.025225171819329262,
  "mean_shielded_insulin": 0.025225171819329262,
  "total_insulin": 12.10808277130127,
  "total_proposed_insulin": 12.10808277130127,
  "total_shielded_insulin": 12.10808277130127,
  "mean_iob": 0.4945385754108429,
  "pct_tir_70_180": 36.041666666666664,
  "pct_above_250": 25.624999999999996,
  "pct_below_70": 0.0,
  "pct_shield_active": 0.0,
  "shield_count": 0,
  "total_reward": 286.28125,
  "mean_reward": 0.5964192748069763
}