{
  "timesteps": 2500000,
  "episode_steps": 480,
  "mean_cgm": 150.08685302734375,
  "mean_action": -0.6533926725387573,
  "mean_insulin": 0.045682646334171295,
  "mean_proposed_insulin": 0.045682646334171295,
  "mean_shielded_insulin": 0.045682646334171295,
  "total_insulin": 21.927669525146484,
  "total_proposed_insulin": 21.927669525146484,
  "total_shielded_insulin": 21.927669525146484,
  "mean_iob": 0.8771317601203918,
  "pct_tir_70_180": 83.95833333333333,
  "pct_above_250": 0.0,
  "pct_below_70": 0.0,
  "pct_shield_active": 0.0,
  "shield_count": 0,
  "total_reward": 424.78558349609375,
  "mean_reward": 0.88496994972229
}