{
  "timesteps": 700000,
  "episode_steps": 480,
  "mean_cgm": 145.21932983398438,
  "mean_action": -0.9856252074241638,
  "mean_insulin": 0.032937128096818924,
  "mean_proposed_insulin": 0.032937128096818924,
  "mean_shielded_insulin": 0.032937128096818924,
  "total_insulin": 15.809821128845215,
  "total_proposed_insulin": 15.809821128845215,
  "total_shielded_insulin": 15.809821128845215,
  "mean_iob": 0.6465740203857422,
  "pct_tir_70_180": 78.75,
  "pct_above_250": 0.0,
  "pct_below_70": 6.041666666666667,
  "pct_shield_active": 0.0,
  "shield_count": 0,
  "total_reward": 404.04315185546875,
  "mean_reward": 0.8417565822601318
}