{
  "timesteps": 1000000,
  "episode_steps": 452,
  "mean_cgm": 157.16622924804688,
  "mean_action": -0.9183521270751953,
  "mean_insulin": 0.03601720556616783,
  "mean_proposed_insulin": 0.03601720556616783,
  "mean_shielded_insulin": 0.03601720556616783,
  "total_insulin": 16.27977752685547,
  "total_proposed_insulin": 16.27977752685547,
  "total_shielded_insulin": 16.27977752685547,
  "mean_iob": 0.6990690231323242,
  "pct_tir_70_180": 55.309734513274336,
  "pct_above_250": 2.6548672566371683,
  "pct_below_70": 9.513274336283185,
  "pct_shield_active": 0.0,
  "shield_count": 0,
  "total_reward": 323.87359619140625,
  "mean_reward": 0.7165344953536987
}