{
  "timesteps": 3800000,
  "episode_steps": 480,
  "mean_cgm": 147.568359375,
  "mean_action": -0.5948489904403687,
  "mean_insulin": 0.040507182478904724,
  "mean_proposed_insulin": 0.040507182478904724,
  "mean_shielded_insulin": 0.040507182478904724,
  "total_insulin": 19.44344711303711,
  "total_proposed_insulin": 19.44344711303711,
  "total_shielded_insulin": 19.44344711303711,
  "mean_iob": 0.7619341611862183,
  "pct_tir_70_180": 88.54166666666666,
  "pct_above_250": 0.0,
  "pct_below_70": 0.0,
  "pct_shield_active": 0.0,
  "shield_count": 0,
  "total_reward": 437.24755859375,
  "mean_reward": 0.9109324216842651
}