{
  "timesteps": 200000,
  "episode_steps": 254,
  "mean_cgm": 230.37890625,
  "mean_action": -0.9907552599906921,
  "mean_insulin": 0.001937043503858149,
  "mean_proposed_insulin": 0.001937043503858149,
  "mean_shielded_insulin": 0.001937043503858149,
  "total_insulin": 0.4920090436935425,
  "total_proposed_insulin": 0.4920090436935425,
  "total_shielded_insulin": 0.4920090436935425,
  "mean_iob": 0.10198510438203812,
  "pct_tir_70_180": 44.881889763779526,
  "pct_above_250": 38.188976377952756,
  "pct_below_70": 0.0,
  "pct_shield_active": 0.0,
  "shield_count": 0,
  "total_reward": 157.01727294921875,
  "mean_reward": 0.6181782484054565
}