{
  "timesteps": 400000,
  "episode_steps": 261,
  "mean_cgm": 224.92532348632812,
  "mean_action": -0.9988067746162415,
  "mean_insulin": 0.0016918812179937959,
  "mean_proposed_insulin": 0.0016918812179937959,
  "mean_shielded_insulin": 0.0016918812179937959,
  "total_insulin": 0.44158101081848145,
  "total_proposed_insulin": 0.44158101081848145,
  "total_shielded_insulin": 0.44158101081848145,
  "mean_iob": 0.07655275613069534,
  "pct_tir_70_180": 51.34099616858238,
  "pct_above_250": 38.31417624521073,
  "pct_below_70": 0.0,
  "pct_shield_active": 0.0,
  "shield_count": 0,
  "total_reward": 169.8626251220703,
  "mean_reward": 0.6508146524429321
}