{
  "timesteps": 3400000,
  "episode_steps": 480,
  "mean_cgm": 141.9805450439453,
  "mean_action": -0.5346513390541077,
  "mean_insulin": 0.042566992342472076,
  "mean_proposed_insulin": 0.042566992342472076,
  "mean_shielded_insulin": 0.042566992342472076,
  "total_insulin": 20.43215560913086,
  "total_proposed_insulin": 20.43215560913086,
  "total_shielded_insulin": 20.43215560913086,
  "mean_iob": 0.7871996760368347,
  "pct_tir_70_180": 83.95833333333333,
  "pct_above_250": 0.0,
  "pct_below_70": 4.166666666666666,
  "pct_shield_active": 0.0,
  "shield_count": 0,
  "total_reward": 425.60699462890625,
  "mean_reward": 0.8866812586784363
}