{
  "timesteps": 1800000,
  "episode_steps": 480,
  "mean_cgm": 153.06201171875,
  "mean_action": -0.7171964049339294,
  "mean_insulin": 0.04518916457891464,
  "mean_proposed_insulin": 0.04518916457891464,
  "mean_shielded_insulin": 0.04518916457891464,
  "total_insulin": 21.690799713134766,
  "total_proposed_insulin": 21.690799713134766,
  "total_shielded_insulin": 21.690799713134766,
  "mean_iob": 0.8660259246826172,
  "pct_tir_70_180": 87.70833333333333,
  "pct_above_250": 0.0,
  "pct_below_70": 0.0,
  "pct_shield_active": 0.0,
  "shield_count": 0,
  "total_reward": 433.3963928222656,
  "mean_reward": 0.9029091596603394
}