{
  "timesteps": 3900000,
  "episode_steps": 480,
  "mean_cgm": 139.58392333984375,
  "mean_action": -0.7354773283004761,
  "mean_insulin": 0.05377347022294998,
  "mean_proposed_insulin": 0.05377347022294998,
  "mean_shielded_insulin": 0.05377347022294998,
  "total_insulin": 25.81126594543457,
  "total_proposed_insulin": 25.81126594543457,
  "total_shielded_insulin": 25.81126594543457,
  "mean_iob": 1.0400677919387817,
  "pct_tir_70_180": 87.91666666666667,
  "pct_above_250": 0.0,
  "pct_below_70": 0.8333333333333334,
  "pct_shield_active": 0.0,
  "shield_count": 0,
  "total_reward": 439.892333984375,
  "mean_reward": 0.916442334651947
}