{
  "timesteps": 2200000,
  "episode_steps": 480,
  "mean_cgm": 152.30116271972656,
  "mean_action": -0.6717045903205872,
  "mean_insulin": 0.029319847002625465,
  "mean_proposed_insulin": 0.029319847002625465,
  "mean_shielded_insulin": 0.029319847002625465,
  "total_insulin": 14.073526382446289,
  "total_proposed_insulin": 14.073526382446289,
  "total_shielded_insulin": 14.073526382446289,
  "mean_iob": 0.5797702670097351,
  "pct_tir_70_180": 83.125,
  "pct_above_250": 0.0,
  "pct_below_70": 0.0,
  "pct_shield_active": 0.0,
  "shield_count": 0,
  "total_reward": 422.6303405761719,
  "mean_reward": 0.8804798722267151
}