{
  "timesteps": 1700000,
  "episode_steps": 480,
  "mean_cgm": 150.45726013183594,
  "mean_action": -0.8175405859947205,
  "mean_insulin": 0.04285791143774986,
  "mean_proposed_insulin": 0.04285791143774986,
  "mean_shielded_insulin": 0.04285791143774986,
  "total_insulin": 20.57179832458496,
  "total_proposed_insulin": 20.57179832458496,
  "total_shielded_insulin": 20.57179832458496,
  "mean_iob": 0.8313961029052734,
  "pct_tir_70_180": 92.29166666666667,
  "pct_above_250": 0.0,
  "pct_below_70": 0.0,
  "pct_shield_active": 0.0,
  "shield_count": 0,
  "total_reward": 443.9130859375,
  "mean_reward": 0.9248189330101013
}