Complexity,Loss,Equation
1,0.027765065,"x26"
3,0.027289316,"x26 * 0.95349133"
5,0.025026437,"x26 + (x17 * -0.10018556)"
7,0.025012596,"x26 + ((x17 + 0.03726434) * -0.10018556)"
9,0.023848208,"x26 + ((x17 + (x8 - x3)) * -0.10018556)"
