Complexity,Loss,Equation
1,0.043230712,"x26"
3,0.042358227,"x26 * 0.9534949"
5,0.039341457,"x26 + (0.019463126 / x2)"
7,0.03571486,"(x26 * 0.89647865) + (0.02786514 / x2)"
9,0.028646756,"((0.064776495 / x2) + (x26 * 0.77789253)) + -0.1395461"
13,0.024588931,"(x26 + (((x26 + x8) + (x2 - 1.1980609)) * -0.30203858)) * 1.1692616"
15,0.023848025,"(x26 + (((x8 + -0.7960435) + ((x26 + x2) - 0.3256951)) * -0.30203858)) * 1.1692616"
17,0.019253736,"((((x26 + (x8 + (x2 - 1.1980609))) + (x2 * 0.5940889)) + -0.4269732) * -0.42773914) + x26"
19,0.019248603,"(((((x26 + (x8 + (x2 - 1.1980609))) + (x2 * 0.5940889)) + -0.4269732) * -0.42773914) + x26) - -0.002488822"
