policy,mean_reward,std_reward
teacher,311.87720217,3.091766787024945
student_best,333.49240209,5.998851317264698
