Complexity,Loss,Equation
1,0.025523786,"x26"
3,0.025279876,"x26 * 0.96663994"
5,0.0230711,"(x17 * -0.104273394) + x26"
6,0.022971246,"(sin(x17) * -0.11870957) + x26"
7,0.016774546,"sin(x26 + exp(x2 / -0.22331476))"
