Complexity,Loss,Equation
1,0.0067240284,"x26"
3,0.006538094,"x26 + 0.01363565"
5,0.005161557,"(x17 * -0.08860603) + x26"
7,0.0044090105,"(x26 - (x21 * 0.15486935)) / 0.8815331"
9,0.004401885,"((x26 - (x21 * 0.15311208)) / 0.8831173) - -0.0027546058"
13,0.0042496803,"(x26 - (x22 * 0.18297562)) / (((x26 - x23) * 0.076936565) + 0.84271735)"
15,0.0040685893,"(x26 - (0.1867488 * x21)) / ((((x21 - x26) * -0.11916376) * x26) + 0.83625954)"
17,0.0040627834,"(x26 - (0.1867488 * x21)) / ((((x26 - x21) * (-0.038211934 - x26)) * -0.11916376) + 0.83625954)"
19,0.004050816,"((x26 - (x21 * 0.18900807)) / (((x26 - x21) * ((-0.15331472 - x26) * -0.12251337)) + 0.7382032)) * 0.881967"
