Complexity,Loss,Equation
1,0.03832721,"x26"
3,0.03792432,"x26 * 0.95910555"
