Complexity,Loss,Equation
1,5.4062493e-6,"-0.9965625"
5,7.691293e-7,"-0.9846228 - (x0 * -0.017384866)"
7,6.9375113e-7,"((x0 + x1) * 0.017035307) + -0.9846533"
9,8.3613244e-8,"(x0 * ((x0 * 0.059180446) + 0.10011226)) - 0.9566289"
