Complexity,Loss,Equation
1,0.005770893,"x26"
3,0.0056101386,"x26 + 0.012671042"
5,0.0041580643,"x26 - (x17 * 0.088432856)"
7,0.003110916,"x26 + ((x26 - x25) * x2)"
