Complexity,Loss,Equation
1,0.03687493,"x26"
3,0.03591793,"x26 * 0.9354357"
5,0.034384523,"x26 + (x17 * -0.10025518)"
7,0.034353353,"(x26 + (x17 * -0.10025518)) / 1.0266755"
9,0.02982681,"x26 - (-0.19294076 - ((x2 + x18) * -0.20453882))"
