Complexity,Loss,Equation
1,0.030044768,"x26"
3,0.029730532,"x26 + 0.01772515"
5,0.025491115,"x26 + (0.02340206 / x2)"
7,0.02390128,"((0.03428373 / x2) + x26) / 1.0885817"
9,0.02043237,"((0.05699573 / x2) + (x26 / 1.1792276)) - 0.08697254"
13,0.013152082,"(((x8 * -0.6451797) + (x26 + (x2 * -0.7795743))) - -0.82610005) / 1.4024138"
17,0.011964342,"(x8 * -0.44653827) + (((x26 + (x2 * -0.86411583)) - ((x15 * 0.11199732) + -0.89385873)) / 1.3879627)"
