policy,mean_reward,std_reward
teacher,483.3,30.764102457247144
student_best,41.35,12.085011377735645
