Complexity,Loss,Equation
1,0.012490937,"x26"
3,0.012101905,"x26 - -0.019732684"
5,0.010973629,"x26 + (x17 * -0.09000542)"
6,0.0109063145,"(sin(x17) * -0.10267689) + x26"
7,0.010541799,"1.0542986 * (x26 + (-0.10635921 * x19))"
8,0.010522595,"1.0542986 * (x26 + (-0.10635921 * sin(x19)))"
9,0.010481003,"1.0542986 * (x26 + ((-0.10635921 * x19) + 0.006364764))"
10,0.010480076,"1.0542986 * (x26 + sin((-0.10635921 * x19) + 0.006364764))"
