Complexity,Loss,Equation
1,0.0053982497,"x26"
3,0.005241023,"x26 + 0.012539267"
5,0.003735924,"(x26 + x26) - x25"
7,0.0027634825,"x26 + ((x26 - x25) * x2)"
