iteration,mean_reward
0,333.862627
1,333.862627
2,333.862627
3,34.822800799999996
4,333.862627
5,462.0593425999999
6,135.08249239999998
7,431.1117191
8,309.6256467
9,472.2325749
