policy,mean_reward,std_reward
teacher,474.1320299999999,1.1368683772161603e-13
student_best,472.23343268999974,0.0009491268903011488
