Complexity,Loss,Equation
1,0.057908963,"x26"
3,0.056605797,"x26 / 1.0728452"
5,0.053551413,"x26 - (x8 * 0.19843304)"
7,0.05198611,"(0.9384731 * x26) - (x8 * 0.19843304)"
9,0.05117174,"((x26 - (x8 * 0.19843304)) + 0.029708628) * 0.9384731"
