Complexity,Loss,Equation
1,0.03586264,"x26"
3,0.03481407,"x26 - -0.032373462"
5,0.029078241,"x26 - (-0.024673644 / x2)"
7,0.015544052,"x26 + (0.000770097 / (x8 + 0.0008641796))"
9,0.012322961,"(0.002091784 / ((x14 + 0.002091784) + x8)) + x26"
11,0.011128148,"(0.002091784 / ((x22 / -0.16697863) + (x8 + 0.002091784))) + x26"
