Complexity,Loss,Equation
1,0.033708174,"x26"
3,0.033035364,"x26 + 0.025933195"
5,0.02930207,"x26 + (0.020635009 / x2)"
7,0.015430736,"x26 + (0.0031411396 / (x26 + 0.0031411396))"
9,0.013520533,"x26 + (0.0031411396 / ((x26 + 0.0031411396) + x26))"
11,0.013265028,"x26 + (0.0031411396 / (x26 + (x26 + (0.0031411396 + x26))))"
13,0.013187856,"x26 + (0.0031411396 / ((x26 + ((x26 + 0.0031411396) + x26)) + x26))"
