Complexity,Loss,Equation
1,0.038610883,"x26"
3,0.037985604,"x26 * 0.946886"
5,0.033067375,"(0.035497706 / x2) + x26"
7,0.02388376,"x26 + (0.003874746 / (x2 + -0.10686979))"
