Complexity,Loss,Equation
1,0.028280469,"x26"
3,0.02822024,"x26 * 0.98396134"
5,0.02613743,"(-0.10365715 * x19) + x26"
7,0.025459072,"(x2 * (-0.14612302 * x19)) + x26"
9,0.024721015,"(x2 * (-0.14612302 * (x19 - -0.20711663))) + x26"
