{
  "best_student_iteration": 4,
  "dataset_size": 3,
  "teacher": {
    "mean_reward": -4.0483153199999995,
    "std_reward": 1.6984452758117459
  },
  "student": {
    "mean_reward": -7.7878036,
    "std_reward": 3.349424207582817
  }
}