policy,mean_reward,std_reward
teacher,-4.0483153199999995,1.6984452758117459
student_best,-7.7878036,3.349424207582817
