Complexity,Loss,Equation
1,0.005688875,"x26"
3,0.0055463533,"x26 + 0.011922217"
5,0.0041028466,"x26 - (x17 * 0.08905639)"
7,0.0033543129,"(x26 + (x20 * -0.13831992)) * 1.1054718"
9,0.003354305,"(x26 * 1.1054275) + ((x20 * -0.15283455) + 8.3440136e-5)"
13,0.0033438075,"1.0448442 - ((x26 * -1.1001483) + (2.5715985 / ((x20 / -2.8379488) + 2.472538)))"
