Complexity,Loss,Equation
1,0.0067240284,"x26"
3,0.006538094,"x26 + 0.01363565"
5,0.005161557,"x26 - (x17 * 0.08860602)"
6,0.0050931955,"x26 - (sin(x17) * 0.10105871)"
7,0.004459385,"((x20 * -0.13602057) + x26) / 0.90688425"
