Complexity,Loss,Equation
1,0.022186413,"x26"
3,0.022100162,"x26 + 0.009291393"
5,0.020374885,"x26 + (0.015608061 / x2)"
7,0.018838614,"x26 + (0.0011273555 / (x2 + -0.104416616))"
9,0.014581911,"x26 + (((0.99379545 - x26) * 0.057768762) / x2)"
11,0.01199459,"(x26 + -0.0607211) + (((0.99379545 - x26) * 0.057768762) / x2)"
13,0.0094760815,"x26 + ((-0.0607211 + (((0.99379545 - x26) * 0.057768762) / x2)) / 0.52542824)"
15,0.00944001,"(x26 + ((-0.0607211 + (((0.99379545 - x26) * 0.057768762) / x2)) / 0.52542824)) + 0.0023510423"
