Complexity,Loss,Equation
1,0.042433888,"x26"
3,0.041856397,"x26 + 0.024029393"
7,0.039338417,"(x26 - (x17 * 0.110290065)) + x1"
