Complexity,Loss,Equation
1,0.03151608,"x26"
3,0.031253025,"x26 * 0.9733635"
5,0.02984029,"x26 - (0.06697781 * x13)"
7,0.028901346,"x26 - ((x12 * 0.16388758) * x8)"
9,0.028011432,"(x26 + 0.041364018) - (x8 * (x8 * 0.26653045))"
11,0.027775439,"((x26 + 0.040185757) - (x8 * (x8 * 0.27328134))) * 0.9745848"
13,0.016780334,"(x26 + (((x8 / -2.7035484) / (x8 + 5.225977e-5)) * 1.6772552)) + 0.65537876"
15,0.015258588,"(x26 + (((x8 / -2.7035484) / (x8 + 5.225977e-5)) * (1.6772552 + x10))) + 0.60161924"
