Complexity,Loss,Equation
1,0.023160635,"x26"
3,0.023029784,"x26 * 0.974509"
5,0.021048483,"x26 + (0.02021121 / x2)"
7,0.011052135,"x26 + (0.00044880947 / (x2 - 0.11206935))"
9,0.010945625,"(x26 + (0.0004166916 / (x2 - 0.11206457))) - 0.0004489077"
11,0.010425109,"((0.9948552 - x26) * ((0.11577112 / x2) + -0.108681336)) + x26"
15,0.009746703,"x26 + ((((0.11851904 / x2) + -0.54807895) - -0.43374443) * ((1.1243788 - x26) - x2))"
17,0.00629141,"x26 + (((0.10994756 / x2) - ((x2 + (x8 + x18)) * 0.12151122)) * (1.0061089 - x26))"
19,0.005798387,"((1.015917 - x26) * ((0.14612907 / (x2 + 0.043170534)) - ((x8 + (x19 + x2)) * 0.13909534))) + x26"
