Complexity,Loss,Equation
1,0.028991736,"x26"
3,0.028353218,"x26 * 0.94793576"
5,0.026768878,"x26 - (x8 * 0.17441942)"
7,0.025979253,"(x26 * 0.9419935) - (x8 * 0.18051104)"
9,0.022436542,"(x26 + ((0.0635042 / x2) + -0.10432207)) * 0.8256012"
