Complexity,Loss,Equation
1,0.02320881,"x26"
3,0.022471568,"x26 / 1.0604898"
5,0.021036742,"x26 - (x17 * 0.097694054)"
7,0.020033063,"x26 - (0.096075915 * (x17 + x8))"
9,0.018399986,"((x8 - 0.21750653) * (-0.150535 / x2)) + x26"
11,0.0170075,"((x8 * -0.2676235) - (-0.031323954 / x2)) + (x26 / 1.1450064)"
13,0.015352274,"(x26 + (-0.069876336 - ((x8 - (0.20535606 / x2)) * 0.29275537))) / 1.1963371"
