episode,70<=BG<=180,BG>180,BG<70,BG>250,BG<50,LBGI,HBGI,Risk Index
0,50.72765072765073,42.61954261954262,6.652806652806653,24.74012474012474,2.7027027027027026,2.332627932192925,11.766912195532834,14.099540127725758
1,48.024948024948024,40.12474012474013,11.85031185031185,22.66112266112266,1.0395010395010396,2.434936058104434,11.706110798611894,14.141046856716331
