Complexity,Loss,Equation
1,0.018778684,"x26"
3,0.018701041,"x26 * 0.98124975"
5,0.016938053,"(x19 * -0.09111811) + x26"
7,0.016093774,"x26 - ((x8 + x19) / 9.91322)"
9,0.015452487,"x26 - (((x2 - 1.0592805) + x19) / 9.91322)"
