Complexity,Loss,Equation
1,0.02675319,"x26"
3,0.026609635,"x26 + 0.011959644"
5,0.022002561,"(0.02687607 / x2) + x26"
7,0.017322252,"x26 + (0.007877132 / (x2 - 0.09627201))"
9,0.015883176,"((x26 - 1.0612608) * (-0.058589246 / x2)) + x26"
11,0.0074910414,"((((x26 - 1.2146453) / x2) * -0.09813993) + x26) - 0.13517898"
