policy,mean_reward,std_reward
teacher,-5841.59393916,3264.070572930749
student_best,-3963.73961479,1293.6352749727134
