episode,70<=BG<=180,BG>180,BG<70,BG>250,BG<50,LBGI,HBGI,Risk Index
0,42.61954261954262,41.995841995842,15.384615384615385,24.94802494802495,10.395010395010395,4.1829421432154446,12.390583150661536,16.573525293876983
1,38.66943866943867,48.232848232848234,13.097713097713099,28.274428274428274,4.5738045738045745,2.913476663285328,14.018436980671849,16.93191364395717
2,54.469854469854475,41.78794178794179,3.7422037422037424,25.155925155925157,0.0,1.1557403915517914,11.994477692642592,13.150218084194385
3,38.46153846153847,41.995841995842,19.542619542619544,24.532224532224532,8.93970893970894,4.556509949573137,12.246172133480897,16.80268208305403
