{
  "timesteps": 900000,
  "episode_steps": 480,
  "mean_cgm": 144.15277099609375,
  "mean_action": -0.6690404415130615,
  "mean_insulin": 0.0469994954764843,
  "mean_proposed_insulin": 0.0469994954764843,
  "mean_shielded_insulin": 0.0469994954764843,
  "total_insulin": 22.559757232666016,
  "total_proposed_insulin": 22.559757232666016,
  "total_shielded_insulin": 22.559757232666016,
  "mean_iob": 0.9040181636810303,
  "pct_tir_70_180": 83.125,
  "pct_above_250": 0.8333333333333334,
  "pct_below_70": 0.625,
  "pct_shield_active": 0.0,
  "shield_count": 0,
  "total_reward": 423.986083984375,
  "mean_reward": 0.8833043575286865
}