{
  "timesteps": 3300000,
  "episode_steps": 480,
  "mean_cgm": 127.85411834716797,
  "mean_action": -0.45769450068473816,
  "mean_insulin": 0.03863721713423729,
  "mean_proposed_insulin": 0.03863721713423729,
  "mean_shielded_insulin": 0.03863721713423729,
  "total_insulin": 18.54586410522461,
  "total_proposed_insulin": 18.54586410522461,
  "total_shielded_insulin": 18.54586410522461,
  "mean_iob": 0.7117437720298767,
  "pct_tir_70_180": 88.75,
  "pct_above_250": 0.0,
  "pct_below_70": 7.291666666666667,
  "pct_shield_active": 0.0,
  "shield_count": 0,
  "total_reward": 434.510009765625,
  "mean_reward": 0.9052292108535767
}