{
  "timesteps": 1800000,
  "episode_steps": 480,
  "mean_cgm": 137.48655700683594,
  "mean_action": -0.5596016049385071,
  "mean_insulin": 0.027479100972414017,
  "mean_proposed_insulin": 0.027479100972414017,
  "mean_shielded_insulin": 0.027479100972414017,
  "total_insulin": 13.18996810913086,
  "total_proposed_insulin": 13.18996810913086,
  "total_shielded_insulin": 13.18996810913086,
  "mean_iob": 0.5398555994033813,
  "pct_tir_70_180": 97.5,
  "pct_above_250": 0.0,
  "pct_below_70": 0.0,
  "pct_shield_active": 0.0,
  "shield_count": 0,
  "total_reward": 462.7615051269531,
  "mean_reward": 0.9640864729881287
}