{
  "timesteps": 500000,
  "episode_steps": 480,
  "mean_cgm": 157.97561645507812,
  "mean_action": -0.5225350260734558,
  "mean_insulin": 0.033479612320661545,
  "mean_proposed_insulin": 0.033479612320661545,
  "mean_shielded_insulin": 0.033479612320661545,
  "total_insulin": 16.070213317871094,
  "total_proposed_insulin": 16.070213317871094,
  "total_shielded_insulin": 16.070213317871094,
  "mean_iob": 0.6455312371253967,
  "pct_tir_70_180": 83.75,
  "pct_above_250": 0.0,
  "pct_below_70": 0.0,
  "pct_shield_active": 0.0,
  "shield_count": 0,
  "total_reward": 421.5985107421875,
  "mean_reward": 0.8783302307128906
}