{
  "timesteps": 3600000,
  "episode_steps": 237,
  "mean_cgm": 132.36094665527344,
  "mean_action": -0.5360695719718933,
  "mean_insulin": 0.04511677473783493,
  "mean_proposed_insulin": 0.04511677473783493,
  "mean_shielded_insulin": 0.04511677473783493,
  "total_insulin": 10.692675590515137,
  "total_proposed_insulin": 10.692675590515137,
  "total_shielded_insulin": 10.692675590515137,
  "mean_iob": 0.9144868850708008,
  "pct_tir_70_180": 82.70042194092827,
  "pct_above_250": 0.0,
  "pct_below_70": 6.751054852320674,
  "pct_shield_active": 0.0,
  "shield_count": 0,
  "total_reward": 208.59463500976562,
  "mean_reward": 0.8801461458206177
}