{
  "timesteps": 3000000,
  "episode_steps": 480,
  "mean_cgm": 127.9266128540039,
  "mean_action": -0.542582094669342,
  "mean_insulin": 0.04465310275554657,
  "mean_proposed_insulin": 0.04465310275554657,
  "mean_shielded_insulin": 0.04465310275554657,
  "total_insulin": 21.433488845825195,
  "total_proposed_insulin": 21.433488845825195,
  "total_shielded_insulin": 21.433488845825195,
  "mean_iob": 0.8697487115859985,
  "pct_tir_70_180": 94.79166666666666,
  "pct_above_250": 0.0,
  "pct_below_70": 3.958333333333333,
  "pct_shield_active": 0.0,
  "shield_count": 0,
  "total_reward": 456.05718994140625,
  "mean_reward": 0.950119137763977
}