{
  "timesteps": 1700000,
  "episode_steps": 480,
  "mean_cgm": 142.01219177246094,
  "mean_action": -0.45528408885002136,
  "mean_insulin": 0.04272647574543953,
  "mean_proposed_insulin": 0.04272647574543953,
  "mean_shielded_insulin": 0.04272647574543953,
  "total_insulin": 20.508708953857422,
  "total_proposed_insulin": 20.508708953857422,
  "total_shielded_insulin": 20.508708953857422,
  "mean_iob": 0.8318185210227966,
  "pct_tir_70_180": 86.66666666666667,
  "pct_above_250": 0.0,
  "pct_below_70": 0.0,
  "pct_shield_active": 0.0,
  "shield_count": 0,
  "total_reward": 435.15740966796875,
  "mean_reward": 0.9065779447555542
}