{
  "timesteps": 1600000,
  "episode_steps": 480,
  "mean_cgm": 145.22317504882812,
  "mean_action": -0.4872407615184784,
  "mean_insulin": 0.04045744612812996,
  "mean_proposed_insulin": 0.04045744612812996,
  "mean_shielded_insulin": 0.04045744612812996,
  "total_insulin": 19.419574737548828,
  "total_proposed_insulin": 19.419574737548828,
  "total_shielded_insulin": 19.419574737548828,
  "mean_iob": 0.7754489779472351,
  "pct_tir_70_180": 91.875,
  "pct_above_250": 0.0,
  "pct_below_70": 0.0,
  "pct_shield_active": 0.0,
  "shield_count": 0,
  "total_reward": 446.37469482421875,
  "mean_reward": 0.9299472570419312
}