{
  "timesteps": 3800000,
  "episode_steps": 476,
  "mean_cgm": 135.1273956298828,
  "mean_action": -0.5013957023620605,
  "mean_insulin": 0.04587940871715546,
  "mean_proposed_insulin": 0.04587940871715546,
  "mean_shielded_insulin": 0.04587940871715546,
  "total_insulin": 21.838598251342773,
  "total_proposed_insulin": 21.838598251342773,
  "total_shielded_insulin": 21.838598251342773,
  "mean_iob": 0.8876374959945679,
  "pct_tir_70_180": 86.97478991596638,
  "pct_above_250": 0.0,
  "pct_below_70": 5.46218487394958,
  "pct_shield_active": 0.0,
  "shield_count": 0,
  "total_reward": 422.41961669921875,
  "mean_reward": 0.8874361515045166
}