{
  "timesteps": 3900000,
  "episode_steps": 461,
  "mean_cgm": 134.5755615234375,
  "mean_action": -0.48539334535598755,
  "mean_insulin": 0.05338636413216591,
  "mean_proposed_insulin": 0.05338636413216591,
  "mean_shielded_insulin": 0.05338636413216591,
  "total_insulin": 24.611114501953125,
  "total_proposed_insulin": 24.611114501953125,
  "total_shielded_insulin": 24.611114501953125,
  "mean_iob": 1.0384567975997925,
  "pct_tir_70_180": 78.74186550976138,
  "pct_above_250": 0.0,
  "pct_below_70": 7.592190889370933,
  "pct_shield_active": 0.0,
  "shield_count": 0,
  "total_reward": 391.6050109863281,
  "mean_reward": 0.8494685888290405
}