{
  "timesteps": 200000,
  "episode_steps": 263,
  "mean_cgm": 236.68649291992188,
  "mean_action": -0.8763315081596375,
  "mean_insulin": 0.0032761534675955772,
  "mean_proposed_insulin": 0.0032761534675955772,
  "mean_shielded_insulin": 0.0032761534675955772,
  "total_insulin": 0.8616283535957336,
  "total_proposed_insulin": 0.8616283535957336,
  "total_shielded_insulin": 0.8616283535957336,
  "mean_iob": 0.10154416412115097,
  "pct_tir_70_180": 53.61216730038023,
  "pct_above_250": 39.543726235741445,
  "pct_below_70": 0.0,
  "pct_shield_active": 0.0,
  "shield_count": 0,
  "total_reward": 171.35501098632812,
  "mean_reward": 0.6515399813652039
}