{
  "timesteps": 2800000,
  "episode_steps": 480,
  "mean_cgm": 125.63594818115234,
  "mean_action": -0.5458477139472961,
  "mean_insulin": 0.04698067530989647,
  "mean_proposed_insulin": 0.04698067530989647,
  "mean_shielded_insulin": 0.04698067530989647,
  "total_insulin": 22.550724029541016,
  "total_proposed_insulin": 22.550724029541016,
  "total_shielded_insulin": 22.550724029541016,
  "mean_iob": 0.8931569457054138,
  "pct_tir_70_180": 74.58333333333333,
  "pct_above_250": 0.0,
  "pct_below_70": 15.625,
  "pct_shield_active": 0.0,
  "shield_count": 0,
  "total_reward": 397.5040588378906,
  "mean_reward": 0.8281334638595581
}