{
  "timesteps": 600000,
  "episode_steps": 480,
  "mean_cgm": 164.440185546875,
  "mean_action": -0.610101580619812,
  "mean_insulin": 0.03666416183114052,
  "mean_proposed_insulin": 0.03666416183114052,
  "mean_shielded_insulin": 0.03666416183114052,
  "total_insulin": 17.598796844482422,
  "total_proposed_insulin": 17.598796844482422,
  "total_shielded_insulin": 17.598796844482422,
  "mean_iob": 0.7126591801643372,
  "pct_tir_70_180": 61.66666666666667,
  "pct_above_250": 0.0,
  "pct_below_70": 0.0,
  "pct_shield_active": 0.0,
  "shield_count": 0,
  "total_reward": 368.333984375,
  "mean_reward": 0.7673624753952026
}