{
  "timesteps": 1000000,
  "episode_steps": 480,
  "mean_cgm": 145.6002960205078,
  "mean_action": -0.5732964277267456,
  "mean_insulin": 0.0367613323032856,
  "mean_proposed_insulin": 0.0367613323032856,
  "mean_shielded_insulin": 0.0367613323032856,
  "total_insulin": 17.64543914794922,
  "total_proposed_insulin": 17.64543914794922,
  "total_shielded_insulin": 17.64543914794922,
  "mean_iob": 0.713100254535675,
  "pct_tir_70_180": 92.08333333333333,
  "pct_above_250": 0.0,
  "pct_below_70": 0.0,
  "pct_shield_active": 0.0,
  "shield_count": 0,
  "total_reward": 446.6546936035156,
  "mean_reward": 0.9305306077003479
}