{
  "timesteps": 2000000,
  "episode_steps": 480,
  "mean_cgm": 141.6237335205078,
  "mean_action": -0.5360015034675598,
  "mean_insulin": 0.04234234616160393,
  "mean_proposed_insulin": 0.04234234616160393,
  "mean_shielded_insulin": 0.04234234616160393,
  "total_insulin": 20.324325561523438,
  "total_proposed_insulin": 20.324325561523438,
  "total_shielded_insulin": 20.324325561523438,
  "mean_iob": 0.8257911801338196,
  "pct_tir_70_180": 89.79166666666667,
  "pct_above_250": 0.0,
  "pct_below_70": 0.0,
  "pct_shield_active": 0.0,
  "shield_count": 0,
  "total_reward": 444.0416259765625,
  "mean_reward": 0.9250867366790771
}