{
  "timesteps": 2600000,
  "episode_steps": 480,
  "mean_cgm": 133.94546508789062,
  "mean_action": -0.4884965121746063,
  "mean_insulin": 0.04406313598155975,
  "mean_proposed_insulin": 0.04406313598155975,
  "mean_shielded_insulin": 0.04406313598155975,
  "total_insulin": 21.150304794311523,
  "total_proposed_insulin": 21.150304794311523,
  "total_shielded_insulin": 21.150304794311523,
  "mean_iob": 0.8314124941825867,
  "pct_tir_70_180": 92.29166666666667,
  "pct_above_250": 0.0,
  "pct_below_70": 2.2916666666666665,
  "pct_shield_active": 0.0,
  "shield_count": 0,
  "total_reward": 451.09521484375,
  "mean_reward": 0.9397817254066467
}