{
  "timesteps": 2100000,
  "episode_steps": 346,
  "mean_cgm": 135.8687744140625,
  "mean_action": -0.5557417869567871,
  "mean_insulin": 0.04824686795473099,
  "mean_proposed_insulin": 0.04824686795473099,
  "mean_shielded_insulin": 0.04824686795473099,
  "total_insulin": 16.693416595458984,
  "total_proposed_insulin": 16.693416595458984,
  "total_shielded_insulin": 16.693416595458984,
  "mean_iob": 0.944830596446991,
  "pct_tir_70_180": 84.97109826589595,
  "pct_above_250": 0.0,
  "pct_below_70": 5.491329479768786,
  "pct_shield_active": 0.0,
  "shield_count": 0,
  "total_reward": 305.7080993652344,
  "mean_reward": 0.8835493922233582
}