{
  "timesteps": 800000,
  "episode_steps": 480,
  "mean_cgm": 150.96478271484375,
  "mean_action": -0.6426689624786377,
  "mean_insulin": 0.04087523743510246,
  "mean_proposed_insulin": 0.04087523743510246,
  "mean_shielded_insulin": 0.04087523743510246,
  "total_insulin": 19.620113372802734,
  "total_proposed_insulin": 19.620113372802734,
  "total_shielded_insulin": 19.620113372802734,
  "mean_iob": 0.7976141571998596,
  "pct_tir_70_180": 76.04166666666666,
  "pct_above_250": 0.0,
  "pct_below_70": 2.2916666666666665,
  "pct_shield_active": 0.0,
  "shield_count": 0,
  "total_reward": 403.23406982421875,
  "mean_reward": 0.8400709629058838
}