{
  "timesteps": 300000,
  "episode_steps": 480,
  "mean_cgm": 177.2286834716797,
  "mean_action": -0.5884218215942383,
  "mean_insulin": 0.03342369943857193,
  "mean_proposed_insulin": 0.03342369943857193,
  "mean_shielded_insulin": 0.03342369943857193,
  "total_insulin": 16.04337501525879,
  "total_proposed_insulin": 16.04337501525879,
  "total_shielded_insulin": 16.04337501525879,
  "mean_iob": 0.6459067463874817,
  "pct_tir_70_180": 55.00000000000001,
  "pct_above_250": 1.0416666666666665,
  "pct_below_70": 0.0,
  "pct_shield_active": 0.0,
  "shield_count": 0,
  "total_reward": 346.44818115234375,
  "mean_reward": 0.7217670679092407
}