{
  "timesteps": 3200000,
  "episode_steps": 480,
  "mean_cgm": 129.51084899902344,
  "mean_action": -0.5505096912384033,
  "mean_insulin": 0.03997163847088814,
  "mean_proposed_insulin": 0.03997163847088814,
  "mean_shielded_insulin": 0.03997163847088814,
  "total_insulin": 19.186386108398438,
  "total_proposed_insulin": 19.186386108398438,
  "total_shielded_insulin": 19.186386108398438,
  "mean_iob": 0.7876797914505005,
  "pct_tir_70_180": 96.66666666666667,
  "pct_above_250": 0.0,
  "pct_below_70": 0.0,
  "pct_shield_active": 0.0,
  "shield_count": 0,
  "total_reward": 463.38671875,
  "mean_reward": 0.9653890132904053
}