{
  "timesteps": 1900000,
  "episode_steps": 480,
  "mean_cgm": 140.25747680664062,
  "mean_action": -0.37775343656539917,
  "mean_insulin": 0.04023629054427147,
  "mean_proposed_insulin": 0.04023629054427147,
  "mean_shielded_insulin": 0.04023629054427147,
  "total_insulin": 19.313419342041016,
  "total_proposed_insulin": 19.313419342041016,
  "total_shielded_insulin": 19.313419342041016,
  "mean_iob": 0.7734792232513428,
  "pct_tir_70_180": 98.95833333333334,
  "pct_above_250": 0.0,
  "pct_below_70": 0.0,
  "pct_shield_active": 0.0,
  "shield_count": 0,
  "total_reward": 462.20068359375,
  "mean_reward": 0.9629181027412415
}