{
  "timesteps": 1400000,
  "episode_steps": 480,
  "mean_cgm": 137.76918029785156,
  "mean_action": -0.537545382976532,
  "mean_insulin": 0.04202980548143387,
  "mean_proposed_insulin": 0.04202980548143387,
  "mean_shielded_insulin": 0.04202980548143387,
  "total_insulin": 20.174306869506836,
  "total_proposed_insulin": 20.174306869506836,
  "total_shielded_insulin": 20.174306869506836,
  "mean_iob": 0.79152512550354,
  "pct_tir_70_180": 83.54166666666667,
  "pct_above_250": 0.0,
  "pct_below_70": 2.5,
  "pct_shield_active": 0.0,
  "shield_count": 0,
  "total_reward": 424.5257263183594,
  "mean_reward": 0.8844286203384399
}