{
  "timesteps": 2200000,
  "episode_steps": 480,
  "mean_cgm": 132.89865112304688,
  "mean_action": -0.5253711342811584,
  "mean_insulin": 0.03894101083278656,
  "mean_proposed_insulin": 0.03894101083278656,
  "mean_shielded_insulin": 0.03894101083278656,
  "total_insulin": 18.69168472290039,
  "total_proposed_insulin": 18.69168472290039,
  "total_shielded_insulin": 18.69168472290039,
  "mean_iob": 0.7583352327346802,
  "pct_tir_70_180": 93.75,
  "pct_above_250": 0.0,
  "pct_below_70": 0.0,
  "pct_shield_active": 0.0,
  "shield_count": 0,
  "total_reward": 454.71246337890625,
  "mean_reward": 0.9473176598548889
}