{
  "timesteps": 2300000,
  "episode_steps": 348,
  "mean_cgm": 123.03158569335938,
  "mean_action": -0.5592280030250549,
  "mean_insulin": 0.04724661633372307,
  "mean_proposed_insulin": 0.04724661633372307,
  "mean_shielded_insulin": 0.04724661633372307,
  "total_insulin": 16.441822052001953,
  "total_proposed_insulin": 16.441822052001953,
  "total_shielded_insulin": 16.441822052001953,
  "mean_iob": 0.9318830966949463,
  "pct_tir_70_180": 82.75862068965517,
  "pct_above_250": 0.0,
  "pct_below_70": 10.632183908045976,
  "pct_shield_active": 0.0,
  "shield_count": 0,
  "total_reward": 305.4510498046875,
  "mean_reward": 0.8777328729629517
}