{
  "timesteps": 2900000,
  "episode_steps": 349,
  "mean_cgm": 123.33779907226562,
  "mean_action": -0.5142574310302734,
  "mean_insulin": 0.048544153571128845,
  "mean_proposed_insulin": 0.048544153571128845,
  "mean_shielded_insulin": 0.048544153571128845,
  "total_insulin": 16.941909790039062,
  "total_proposed_insulin": 16.941909790039062,
  "total_shielded_insulin": 16.941909790039062,
  "mean_iob": 0.9594404697418213,
  "pct_tir_70_180": 86.53295128939828,
  "pct_above_250": 0.0,
  "pct_below_70": 7.163323782234957,
  "pct_shield_active": 0.0,
  "shield_count": 0,
  "total_reward": 314.3854064941406,
  "mean_reward": 0.9008178114891052
}