{
  "timesteps": 700000,
  "episode_steps": 480,
  "mean_cgm": 155.8797149658203,
  "mean_action": -0.5810987949371338,
  "mean_insulin": 0.03477722778916359,
  "mean_proposed_insulin": 0.03477722778916359,
  "mean_shielded_insulin": 0.03477722778916359,
  "total_insulin": 16.693069458007812,
  "total_proposed_insulin": 16.693069458007812,
  "total_shielded_insulin": 16.693069458007812,
  "mean_iob": 0.6720497012138367,
  "pct_tir_70_180": 81.875,
  "pct_above_250": 0.0,
  "pct_below_70": 0.0,
  "pct_shield_active": 0.0,
  "shield_count": 0,
  "total_reward": 418.61669921875,
  "mean_reward": 0.8721181154251099
}