Complexity,Loss,Equation
1,0.022195097,"x26"
3,0.022036538,"x26 / 1.028699"
5,0.020870078,"(x8 * -0.1424675) + x26"
7,0.020552535,"((x8 * -0.16607803) + x26) + 0.01881168"
9,0.018976659,"((x2 + (x19 - 1.1143059)) * -0.15307005) + x26"
13,0.013205582,"(((x8 * -0.92830706) - x2) + ((x26 / 0.6345482) - -1.0941769)) * 0.47995263"
17,0.0131607605,"((((x8 + (((x8 * -1.77853) - x2) + x26)) / 1.060583) - -0.69089156) + 0.28212637) * 0.7087518"
19,0.012703203,"(((x8 * -0.92830706) - x2) + ((((-0.0362302 / (x8 + 1.0215216)) + x26) / 0.6345482) - -1.0941769)) * 0.47995263"
