policy,mean_reward,std_reward
teacher,474.1320299999999,1.1368683772161603e-13
student_best,471.76452063999983,0.00128970072125439
