{
  "timesteps": 2200000,
  "episode_steps": 480,
  "mean_cgm": 128.36253356933594,
  "mean_action": -0.39452144503593445,
  "mean_insulin": 0.04326028749346733,
  "mean_proposed_insulin": 0.04326028749346733,
  "mean_shielded_insulin": 0.04326028749346733,
  "total_insulin": 20.764938354492188,
  "total_proposed_insulin": 20.764938354492188,
  "total_shielded_insulin": 20.764938354492188,
  "mean_iob": 0.8457059264183044,
  "pct_tir_70_180": 90.20833333333333,
  "pct_above_250": 0.0,
  "pct_below_70": 2.2916666666666665,
  "pct_shield_active": 0.0,
  "shield_count": 0,
  "total_reward": 445.68646240234375,
  "mean_reward": 0.9285134673118591
}