{
  "timesteps": 500000,
  "episode_steps": 480,
  "mean_cgm": 149.3984832763672,
  "mean_action": -0.4761563539505005,
  "mean_insulin": 0.04701991006731987,
  "mean_proposed_insulin": 0.04701991006731987,
  "mean_shielded_insulin": 0.04701991006731987,
  "total_insulin": 22.569557189941406,
  "total_proposed_insulin": 22.569557189941406,
  "total_shielded_insulin": 22.569557189941406,
  "mean_iob": 0.9015851616859436,
  "pct_tir_70_180": 70.0,
  "pct_above_250": 0.0,
  "pct_below_70": 6.875000000000001,
  "pct_shield_active": 0.0,
  "shield_count": 0,
  "total_reward": 386.7860412597656,
  "mean_reward": 0.8058042526245117
}