{
  "timesteps": 1400000,
  "episode_steps": 480,
  "mean_cgm": 128.2334747314453,
  "mean_action": -0.460954487323761,
  "mean_insulin": 0.0480172373354435,
  "mean_proposed_insulin": 0.0480172373354435,
  "mean_shielded_insulin": 0.0480172373354435,
  "total_insulin": 23.04827308654785,
  "total_proposed_insulin": 23.04827308654785,
  "total_shielded_insulin": 23.04827308654785,
  "mean_iob": 0.9186256527900696,
  "pct_tir_70_180": 82.08333333333333,
  "pct_above_250": 0.0,
  "pct_below_70": 7.916666666666666,
  "pct_shield_active": 0.0,
  "shield_count": 0,
  "total_reward": 420.9404296875,
  "mean_reward": 0.8769592046737671
}