{
  "timesteps": 2900000,
  "episode_steps": 465,
  "mean_cgm": 128.51742553710938,
  "mean_action": -0.5224325060844421,
  "mean_insulin": 0.05027846619486809,
  "mean_proposed_insulin": 0.05027846619486809,
  "mean_shielded_insulin": 0.05027846619486809,
  "total_insulin": 23.379486083984375,
  "total_proposed_insulin": 23.379486083984375,
  "total_shielded_insulin": 23.379486083984375,
  "mean_iob": 0.9768139719963074,
  "pct_tir_70_180": 86.02150537634408,
  "pct_above_250": 0.0,
  "pct_below_70": 8.60215053763441,
  "pct_shield_active": 0.0,
  "shield_count": 0,
  "total_reward": 412.5634765625,
  "mean_reward": 0.8872332572937012
}