{
  "timesteps": 1000000,
  "episode_steps": 480,
  "mean_cgm": 128.26853942871094,
  "mean_action": -0.3493143618106842,
  "mean_insulin": 0.05097883567214012,
  "mean_proposed_insulin": 0.05097883567214012,
  "mean_shielded_insulin": 0.05097883567214012,
  "total_insulin": 24.46984100341797,
  "total_proposed_insulin": 24.46984100341797,
  "total_shielded_insulin": 24.46984100341797,
  "mean_iob": 0.9725270867347717,
  "pct_tir_70_180": 85.20833333333333,
  "pct_above_250": 0.0,
  "pct_below_70": 6.666666666666667,
  "pct_shield_active": 0.0,
  "shield_count": 0,
  "total_reward": 429.0049743652344,
  "mean_reward": 0.8937603831291199
}