{
  "timesteps": 3100000,
  "episode_steps": 480,
  "mean_cgm": 124.14904022216797,
  "mean_action": -0.4241136610507965,
  "mean_insulin": 0.052956342697143555,
  "mean_proposed_insulin": 0.052956342697143555,
  "mean_shielded_insulin": 0.052956342697143555,
  "total_insulin": 25.419044494628906,
  "total_proposed_insulin": 25.419044494628906,
  "total_shielded_insulin": 25.419044494628906,
  "mean_iob": 1.0167301893234253,
  "pct_tir_70_180": 85.83333333333333,
  "pct_above_250": 0.0,
  "pct_below_70": 8.75,
  "pct_shield_active": 0.0,
  "shield_count": 0,
  "total_reward": 434.018798828125,
  "mean_reward": 0.904205858707428
}