{
  "timesteps": 3900000,
  "episode_steps": 458,
  "mean_cgm": 126.09390258789062,
  "mean_action": -0.42301836609840393,
  "mean_insulin": 0.05372806265950203,
  "mean_proposed_insulin": 0.05372806265950203,
  "mean_shielded_insulin": 0.05372806265950203,
  "total_insulin": 24.607452392578125,
  "total_proposed_insulin": 24.607452392578125,
  "total_shielded_insulin": 24.607452392578125,
  "mean_iob": 1.038944125175476,
  "pct_tir_70_180": 88.64628820960698,
  "pct_above_250": 0.0,
  "pct_below_70": 7.423580786026202,
  "pct_shield_active": 0.0,
  "shield_count": 0,
  "total_reward": 415.69268798828125,
  "mean_reward": 0.9076259732246399
}