{
  "timesteps": 3000000,
  "episode_steps": 480,
  "mean_cgm": 121.31369018554688,
  "mean_action": -0.4866158664226532,
  "mean_insulin": 0.051487088203430176,
  "mean_proposed_insulin": 0.051487088203430176,
  "mean_shielded_insulin": 0.051487088203430176,
  "total_insulin": 24.713802337646484,
  "total_proposed_insulin": 24.713802337646484,
  "total_shielded_insulin": 24.713802337646484,
  "mean_iob": 0.988906979560852,
  "pct_tir_70_180": 87.29166666666667,
  "pct_above_250": 0.0,
  "pct_below_70": 8.333333333333332,
  "pct_shield_active": 0.0,
  "shield_count": 0,
  "total_reward": 433.6231994628906,
  "mean_reward": 0.9033816456794739
}