{
  "timesteps": 1900000,
  "episode_steps": 480,
  "mean_cgm": 124.15303039550781,
  "mean_action": -0.4383837878704071,
  "mean_insulin": 0.04726821556687355,
  "mean_proposed_insulin": 0.04726821556687355,
  "mean_shielded_insulin": 0.04726821556687355,
  "total_insulin": 22.688743591308594,
  "total_proposed_insulin": 22.688743591308594,
  "total_shielded_insulin": 22.688743591308594,
  "mean_iob": 0.923016369342804,
  "pct_tir_70_180": 87.5,
  "pct_above_250": 0.0,
  "pct_below_70": 4.583333333333333,
  "pct_shield_active": 0.0,
  "shield_count": 0,
  "total_reward": 437.5096740722656,
  "mean_reward": 0.9114784598350525
}