{
  "timesteps": 200000,
  "episode_steps": 480,
  "mean_cgm": 174.61793518066406,
  "mean_action": -0.6605252623558044,
  "mean_insulin": 0.01847110129892826,
  "mean_proposed_insulin": 0.01847110129892826,
  "mean_shielded_insulin": 0.01847110129892826,
  "total_insulin": 8.866128921508789,
  "total_proposed_insulin": 8.866128921508789,
  "total_shielded_insulin": 8.866128921508789,
  "mean_iob": 0.3655732274055481,
  "pct_tir_70_180": 64.79166666666667,
  "pct_above_250": 4.166666666666666,
  "pct_below_70": 0.0,
  "pct_shield_active": 0.0,
  "shield_count": 0,
  "total_reward": 370.6161193847656,
  "mean_reward": 0.7721168994903564
}