{
  "timesteps": 2100000,
  "episode_steps": 480,
  "mean_cgm": 126.34541320800781,
  "mean_action": -0.407204806804657,
  "mean_insulin": 0.04610644280910492,
  "mean_proposed_insulin": 0.04610644280910492,
  "mean_shielded_insulin": 0.04610644280910492,
  "total_insulin": 22.131092071533203,
  "total_proposed_insulin": 22.131092071533203,
  "total_shielded_insulin": 22.131092071533203,
  "mean_iob": 0.8860114216804504,
  "pct_tir_70_180": 76.04166666666666,
  "pct_above_250": 0.0,
  "pct_below_70": 12.083333333333334,
  "pct_shield_active": 0.0,
  "shield_count": 0,
  "total_reward": 403.9206848144531,
  "mean_reward": 0.8415014147758484
}