{
  "timesteps": 1500000,
  "episode_steps": 480,
  "mean_cgm": 128.15933227539062,
  "mean_action": -0.45592430233955383,
  "mean_insulin": 0.04666092246770859,
  "mean_proposed_insulin": 0.04666092246770859,
  "mean_shielded_insulin": 0.04666092246770859,
  "total_insulin": 22.39724349975586,
  "total_proposed_insulin": 22.39724349975586,
  "total_shielded_insulin": 22.39724349975586,
  "mean_iob": 0.9032503962516785,
  "pct_tir_70_180": 87.5,
  "pct_above_250": 0.0,
  "pct_below_70": 5.833333333333333,
  "pct_shield_active": 0.0,
  "shield_count": 0,
  "total_reward": 431.4058837890625,
  "mean_reward": 0.8987622857093811
}