{
  "timesteps": 2300000,
  "episode_steps": 480,
  "mean_cgm": 120.38268280029297,
  "mean_action": -0.5393161177635193,
  "mean_insulin": 0.04991992190480232,
  "mean_proposed_insulin": 0.04991992190480232,
  "mean_shielded_insulin": 0.04991992190480232,
  "total_insulin": 23.961563110351562,
  "total_proposed_insulin": 23.961563110351562,
  "total_shielded_insulin": 23.961563110351562,
  "mean_iob": 0.9592633843421936,
  "pct_tir_70_180": 84.375,
  "pct_above_250": 0.0,
  "pct_below_70": 11.458333333333332,
  "pct_shield_active": 0.0,
  "shield_count": 0,
  "total_reward": 423.1593322753906,
  "mean_reward": 0.8815819621086121
}