{
  "timesteps": 300000,
  "episode_steps": 480,
  "mean_cgm": 149.34228515625,
  "mean_action": -0.5212154388427734,
  "mean_insulin": 0.04447125643491745,
  "mean_proposed_insulin": 0.04447125643491745,
  "mean_shielded_insulin": 0.04447125643491745,
  "total_insulin": 21.346202850341797,
  "total_proposed_insulin": 21.346202850341797,
  "total_shielded_insulin": 21.346202850341797,
  "mean_iob": 0.8669970035552979,
  "pct_tir_70_180": 72.70833333333333,
  "pct_above_250": 0.0,
  "pct_below_70": 2.5,
  "pct_shield_active": 0.0,
  "shield_count": 0,
  "total_reward": 394.70361328125,
  "mean_reward": 0.8222991824150085
}