{
  "timesteps": 3600000,
  "episode_steps": 480,
  "mean_cgm": 122.87796020507812,
  "mean_action": -0.4770940840244293,
  "mean_insulin": 0.05231659114360809,
  "mean_proposed_insulin": 0.05231659114360809,
  "mean_shielded_insulin": 0.05231659114360809,
  "total_insulin": 25.111963272094727,
  "total_proposed_insulin": 25.111963272094727,
  "total_shielded_insulin": 25.111963272094727,
  "mean_iob": 1.0184437036514282,
  "pct_tir_70_180": 85.83333333333333,
  "pct_above_250": 0.0,
  "pct_below_70": 8.125,
  "pct_shield_active": 0.0,
  "shield_count": 0,
  "total_reward": 434.323486328125,
  "mean_reward": 0.9048405885696411
}