{
  "timesteps": 2000000,
  "episode_steps": 480,
  "mean_cgm": 132.2220916748047,
  "mean_action": -0.40847980976104736,
  "mean_insulin": 0.04513919726014137,
  "mean_proposed_insulin": 0.04513919726014137,
  "mean_shielded_insulin": 0.04513919726014137,
  "total_insulin": 21.66681480407715,
  "total_proposed_insulin": 21.66681480407715,
  "total_shielded_insulin": 21.66681480407715,
  "mean_iob": 0.8762926459312439,
  "pct_tir_70_180": 96.04166666666667,
  "pct_above_250": 0.0,
  "pct_below_70": 0.0,
  "pct_shield_active": 0.0,
  "shield_count": 0,
  "total_reward": 460.9112854003906,
  "mean_reward": 0.9602318406105042
}