{
  "timesteps": 1100000,
  "episode_steps": 480,
  "mean_cgm": 127.9257583618164,
  "mean_action": -0.38546815514564514,
  "mean_insulin": 0.04694252088665962,
  "mean_proposed_insulin": 0.04694252088665962,
  "mean_shielded_insulin": 0.04694252088665962,
  "total_insulin": 22.53240966796875,
  "total_proposed_insulin": 22.53240966796875,
  "total_shielded_insulin": 22.53240966796875,
  "mean_iob": 0.9008107781410217,
  "pct_tir_70_180": 80.625,
  "pct_above_250": 0.0,
  "pct_below_70": 14.583333333333334,
  "pct_shield_active": 0.0,
  "shield_count": 0,
  "total_reward": 414.12078857421875,
  "mean_reward": 0.8627516627311707
}