{
  "timesteps": 3700000,
  "episode_steps": 371,
  "mean_cgm": 117.66251373291016,
  "mean_action": -0.5128480792045593,
  "mean_insulin": 0.04946588724851608,
  "mean_proposed_insulin": 0.04946588724851608,
  "mean_shielded_insulin": 0.04946588724851608,
  "total_insulin": 18.351844787597656,
  "total_proposed_insulin": 18.351844787597656,
  "total_shielded_insulin": 18.351844787597656,
  "mean_iob": 0.9637027382850647,
  "pct_tir_70_180": 87.87061994609164,
  "pct_above_250": 0.0,
  "pct_below_70": 8.62533692722372,
  "pct_shield_active": 0.0,
  "shield_count": 0,
  "total_reward": 333.01483154296875,
  "mean_reward": 0.8976141214370728
}