{
  "timesteps": 900000,
  "episode_steps": 480,
  "mean_cgm": 130.2252197265625,
  "mean_action": -0.33785417675971985,
  "mean_insulin": 0.043461523950099945,
  "mean_proposed_insulin": 0.043461523950099945,
  "mean_shielded_insulin": 0.043461523950099945,
  "total_insulin": 20.86153221130371,
  "total_proposed_insulin": 20.86153221130371,
  "total_shielded_insulin": 20.86153221130371,
  "mean_iob": 0.8329971432685852,
  "pct_tir_70_180": 98.54166666666667,
  "pct_above_250": 0.0,
  "pct_below_70": 0.0,
  "pct_shield_active": 0.0,
  "shield_count": 0,
  "total_reward": 464.33892822265625,
  "mean_reward": 0.9673727750778198
}