{
  "timesteps": 3200000,
  "episode_steps": 473,
  "mean_cgm": 121.86051940917969,
  "mean_action": -0.5225497484207153,
  "mean_insulin": 0.051261287182569504,
  "mean_proposed_insulin": 0.051261287182569504,
  "mean_shielded_insulin": 0.051261287182569504,
  "total_insulin": 24.24658966064453,
  "total_proposed_insulin": 24.24658966064453,
  "total_shielded_insulin": 24.24658966064453,
  "mean_iob": 0.9853695631027222,
  "pct_tir_70_180": 76.53276955602537,
  "pct_above_250": 0.0,
  "pct_below_70": 15.644820295983086,
  "pct_shield_active": 0.0,
  "shield_count": 0,
  "total_reward": 392.8965148925781,
  "mean_reward": 0.8306480050086975
}