{
  "timesteps": 2400000,
  "episode_steps": 480,
  "mean_cgm": 126.5058364868164,
  "mean_action": -0.4745047688484192,
  "mean_insulin": 0.052652426064014435,
  "mean_proposed_insulin": 0.052652426064014435,
  "mean_shielded_insulin": 0.052652426064014435,
  "total_insulin": 25.273164749145508,
  "total_proposed_insulin": 25.273164749145508,
  "total_shielded_insulin": 25.273164749145508,
  "mean_iob": 1.0154093503952026,
  "pct_tir_70_180": 88.54166666666666,
  "pct_above_250": 0.0,
  "pct_below_70": 7.083333333333333,
  "pct_shield_active": 0.0,
  "shield_count": 0,
  "total_reward": 437.8777160644531,
  "mean_reward": 0.9122452139854431
}