Complexity,Loss,Equation
1,0.025514038,"x26"
3,0.02529117,"x26 + 0.014916517"
5,0.023233233,"x26 - (-0.015304063 / x2)"
7,0.006055714,"x26 - (-4.7614485e-5 / (4.761085e-5 - x8))"
9,0.005949565,"(x26 - (-6.276654e-5 / (6.278002e-5 - x8))) / 1.015977"
11,0.004135864,"(x26 - (-6.276654e-5 / (6.278002e-5 - x8))) - (x17 * 0.07797625)"
13,0.0035915368,"x26 - ((((-0.0017603963 / (0.0001307765 - x8)) + x8) + x17) * 0.07235561)"
15,0.0035605656,"(x26 - (((x8 + (-0.0017603963 / (0.0001307765 - x8))) + x17) * 0.07235561)) * 1.0029871"
17,0.0034601085,"(-0.034691375 - (x16 * 0.08320919)) + (x26 - (-0.0022791373 / ((x2 * (x2 * 0.17385058)) + x8)))"
19,0.002918418,"((-0.05149139 - (-0.002317301 / ((x2 * (x2 * 0.17333022)) + x8))) + x26) - ((x19 * x2) * 0.11091091)"
21,0.0025386033,"(((x26 - (-0.002250152 / (((x2 * 0.17491823) * x2) + x8))) - ((x19 * 0.13675663) * x2)) + -0.054395575) / 0.9608678"
23,0.0025282898,"(((x26 - (-0.0022770525 / (((x2 * x2) * 0.17627466) + x8))) - (x2 * ((x19 * 0.1337322) - 0.014478593))) / 0.95529294) + -0.06948192"
27,0.0024600066,"((x26 - (((-0.0014008578 / ((x2 * (x2 * 0.17630221)) + x8)) - (x19 * (x2 * -0.09061305))) / (0.6222008 - (x14 * 0.13260134)))) / 0.96119136) + -0.049890637"
29,0.0024313848,"((x26 - ((-0.0022714052 / (((x2 * 0.17821379) * x2) + x8)) - ((x2 * x19) * (-0.09442759 / (0.6123616 - (x15 * (x2 * 0.25214952))))))) / 0.9650694) + -0.045428608"
