episode,70<=BG<=180,BG>180,BG<70,BG>250,BG<50,LBGI,HBGI,Risk Index
0,56.54885654885655,25.571725571725572,17.87941787941788,17.04781704781705,0.0,3.2104195662182247,8.53452169417039,11.744941260388615
1,61.95426195426196,28.274428274428274,9.771309771309772,7.900207900207901,7.484407484407485,4.073044577800013,6.562032345393207,10.63507692319322
2,58.004158004158,41.995841995842,0.0,19.12681912681913,0.0,0.5072741168386922,9.703636862537518,10.21091097937621
