Complexity,Loss,Equation
1,0.008600029,"x26"
3,0.008347031,"x26 - -0.015918434"
5,0.0071237646,"x26 + (x17 * -0.08680206)"
7,0.0064987787,"((x20 * -0.13082469) + x26) / 0.9121164"
9,0.006483569,"((x20 * -0.14009559) + (x26 / 0.91445243)) + 0.004058155"
11,0.00594989,"(x26 + 0.16817763) + ((x19 * -0.13757133) - (x2 * 0.16797261))"
13,0.0057849777,"x26 + ((0.16817763 + ((x8 + x22) * -0.13757133)) - (x2 * 0.16797261))"
