Complexity,Loss,Equation
1,0.02892604,"x26"
3,0.02795996,"x26 * 0.9377826"
5,0.02674194,"x26 - (x19 / 10.103136)"
7,0.026555106,"(x19 * (x2 * -0.10789083)) + x26"
9,0.024162138,"((x26 * 0.81497926) - (x2 * 0.2777136)) + 0.26865217"
11,0.023191243,"((0.15337938 + x26) * 0.9517178) - ((x12 + x2) * 0.16260928)"
