{
  "best_value": 423.54736328125,
  "best_trial_number": 0,
  "best_params": {
    "n_steps": 1440,
    "batch_size": 120,
    "net_arch": "256,128",
    "ent_coef": 0.01,
    "n_epochs": 20,
    "learning_rate": 0.003502629222376726,
    "gamma": 0.9811430370318114,
    "gae_lambda": 0.8895951708674054,
    "clip_range": 0.2690952655827708,
    "vf_coef": 0.6367035865402335,
    "max_grad_norm": 0.9499976902536786
  },
  "best_user_attrs": {
    "best_mean_reward": 423.54736328125
  }
}