parameter,importance
net_arch,0.42616696116488456
gae_lambda,0.18112590392982178
max_grad_norm,0.0835489202979334
ent_coef,0.08036605367696548
batch_size,0.06001080093558576
learning_rate,0.05876311369650456
n_epochs,0.049225164158262946
gamma,0.03262508194276026
clip_range,0.01384159343997917
n_steps,0.007639701895075076
vf_coef,0.006686704862227024
