episode,70<=BG<=180,BG>180,BG<70,BG>250,BG<50,LBGI,HBGI,Risk Index
0,29.72972972972973,61.74636174636174,8.523908523908524,50.72765072765073,0.0,1.3134608950709399,21.767924017503706,23.081384912574645
1,52.80665280665281,47.19334719334719,0.0,42.41164241164241,0.0,0.1287477244728383,14.23379717062256,14.362544895095398
