Complexity,Loss,Equation
1,0.05080974,"x26"
3,0.04532565,"x26 * 0.8576453"
5,0.044496167,"(x19 * -0.14653586) + x26"
7,0.04035449,"((x19 * 0.14858153) + 0.87810564) * x26"
9,0.034433484,"x26 / (((x26 * x26) * 0.27426162) + 0.8922932)"
11,0.03331899,"x26 / ((x26 * ((x26 + -0.42113763) * 0.24870393)) + 0.9073374)"
13,0.033244416,"x26 / ((((x26 + -0.44596088) * (x26 + x12)) * 0.2618849) + 0.9048179)"
15,0.031253923,"(x26 + x10) / ((((x26 + -0.44596088) * (x26 + x8)) * 0.2618849) + 0.9048179)"
