Complexity,Loss,Equation
1,0.026719324,"x26"
3,0.026479868,"x26 - -0.015462796"
5,0.024144238,"x26 - (-0.016405119 / x2)"
7,0.020367242,"x26 + (0.056143515 / (x2 + x8))"
9,0.00813695,"x26 - (-0.009003803 / ((x2 - 0.10326439) - x26))"
15,0.00740886,"((-1.3913463 - x15) * 0.09241194) + (x26 - (-0.10142424 / (x2 + (x8 * 3.2363956))))"
17,0.006266496,"(x26 + ((x5 - x8) * 0.1417747)) - (-0.008945279 / ((x2 - x26) - (0.09511144 * 1.0708376)))"
19,0.005769937,"(x26 + ((x5 - x8) * 0.1417747)) - (-0.008945279 / (((x2 - x12) - x26) - (0.09511144 * 1.0708376)))"
