Complexity,Loss,Equation
1,0.03250967,"x26"
3,0.03203756,"x26 - -0.021704262"
5,0.0271776,"x26 - (-0.024725048 / x2)"
6,0.024768742,"sin(x26 - (-0.11416965 / x2))"
7,0.023411226,"sin((-0.13516468 * log(x2)) + x26)"
8,0.013777131,"sin((x26 - (-0.11416965 / x2)) - 0.099220835)"
10,0.013380751,"sin(((x26 - (-0.11416965 / x2)) - 0.060073234) - 0.060073234)"
