{
  "ent_coef": 0.2973292471515287,
  "vf_coef": 0.20836629672190876,
  "learning_rate": 0.14268867043407,
  "net_arch": 0.11278828933870787,
  "max_grad_norm": 0.04877780792277196,
  "batch_size": 0.04750285452868621,
  "clip_range": 0.043445598274842644,
  "n_steps": 0.034555189728172536,
  "n_epochs": 0.03167695893833469,
  "gae_lambda": 0.029938568948614824,
  "gamma": 0.002930518012361875
}