episode,70<=BG<=180,BG>180,BG<70,BG>250,BG<50,LBGI,HBGI,Risk Index
0,0.7299270072992701,0.0,0.0,0.0,0.0,0.0,1.4851770943261586,1.4851770943261586
1,72.26277372262774,0.0,27.73722627737226,0.0,10.948905109489052,3.2214986487430513,0.5108515241088838,3.7323501728519353
2,72.26277372262774,0.0,27.73722627737226,0.0,10.948905109489052,3.2214986487430513,0.5108515241088838,3.7323501728519353
3,72.26277372262774,0.0,27.73722627737226,0.0,10.948905109489052,3.2214986487430513,0.5108515241088838,3.7323501728519353
4,72.26277372262774,0.0,27.73722627737226,0.0,10.948905109489052,3.2214986487430513,0.5108515241088838,3.7323501728519353
5,72.26277372262774,0.0,27.73722627737226,0.0,10.948905109489052,3.2214986487430513,0.5108515241088838,3.7323501728519353
