Complexity,Loss,Equation
1,0.020881616,"x26"
3,0.02062538,"x26 / 1.0342473"
5,0.019550184,"(x17 * -0.07661523) + x26"
7,0.018857162,"x26 + ((x8 + x17) * -0.06905439)"
9,0.017692564,"((x19 + (x2 + -0.8897512)) * -0.14747258) + x26"
11,0.017642507,"(((x19 / 1.16229) + (x2 + -0.8897512)) * -0.14747258) + x26"
13,0.016072728,"(((x2 - (x8 * -1.4219813)) + (x23 + -0.9859971)) * -0.14446697) + x26"
