{
  "timesteps": 1800000,
  "episode_steps": 357,
  "mean_cgm": 146.43060302734375,
  "mean_action": -0.5049072504043579,
  "mean_insulin": 0.04107225686311722,
  "mean_proposed_insulin": 0.04107225686311722,
  "mean_shielded_insulin": 0.04107225686311722,
  "total_insulin": 14.662796020507812,
  "total_proposed_insulin": 14.662796020507812,
  "total_shielded_insulin": 14.662796020507812,
  "mean_iob": 0.8011659979820251,
  "pct_tir_70_180": 73.94957983193278,
  "pct_above_250": 0.0,
  "pct_below_70": 2.801120448179272,
  "pct_shield_active": 0.0,
  "shield_count": 0,
  "total_reward": 295.4815673828125,
  "mean_reward": 0.827679455280304
}