{
  "timesteps": 2600000,
  "episode_steps": 480,
  "mean_cgm": 145.22714233398438,
  "mean_action": -0.4438203275203705,
  "mean_insulin": 0.0416533388197422,
  "mean_proposed_insulin": 0.0416533388197422,
  "mean_shielded_insulin": 0.0416533388197422,
  "total_insulin": 19.993602752685547,
  "total_proposed_insulin": 19.993602752685547,
  "total_shielded_insulin": 19.993602752685547,
  "mean_iob": 0.7964317202568054,
  "pct_tir_70_180": 68.125,
  "pct_above_250": 1.6666666666666667,
  "pct_below_70": 9.583333333333334,
  "pct_shield_active": 0.0,
  "shield_count": 0,
  "total_reward": 380.0080261230469,
  "mean_reward": 0.7916833758354187
}