{
  "timesteps": 800000,
  "episode_steps": 480,
  "mean_cgm": 149.06065368652344,
  "mean_action": -0.38339361548423767,
  "mean_insulin": 0.04814527928829193,
  "mean_proposed_insulin": 0.04814527928829193,
  "mean_shielded_insulin": 0.04814527928829193,
  "total_insulin": 23.10973358154297,
  "total_proposed_insulin": 23.10973358154297,
  "total_shielded_insulin": 23.10973358154297,
  "mean_iob": 0.9213119745254517,
  "pct_tir_70_180": 65.625,
  "pct_above_250": 2.7083333333333335,
  "pct_below_70": 6.458333333333334,
  "pct_shield_active": 0.0,
  "shield_count": 0,
  "total_reward": 373.4169921875,
  "mean_reward": 0.7779520750045776
}