{
  "timesteps": 300000,
  "episode_steps": 480,
  "mean_cgm": 212.07737731933594,
  "mean_action": -0.4122592508792877,
  "mean_insulin": 0.04125405102968216,
  "mean_proposed_insulin": 0.04125405102968216,
  "mean_shielded_insulin": 0.04125405102968216,
  "total_insulin": 19.801944732666016,
  "total_proposed_insulin": 19.801944732666016,
  "total_shielded_insulin": 19.801944732666016,
  "mean_iob": 0.7617719173431396,
  "pct_tir_70_180": 29.166666666666668,
  "pct_above_250": 25.0,
  "pct_below_70": 0.4166666666666667,
  "pct_shield_active": 0.0,
  "shield_count": 0,
  "total_reward": 268.26214599609375,
  "mean_reward": 0.5588794946670532
}