{
  "timesteps": 1500000,
  "episode_steps": 480,
  "mean_cgm": 144.4812774658203,
  "mean_action": -0.45594578981399536,
  "mean_insulin": 0.04423399642109871,
  "mean_proposed_insulin": 0.04423399642109871,
  "mean_shielded_insulin": 0.04423399642109871,
  "total_insulin": 21.232318878173828,
  "total_proposed_insulin": 21.232318878173828,
  "total_shielded_insulin": 21.232318878173828,
  "mean_iob": 0.8453772068023682,
  "pct_tir_70_180": 71.45833333333333,
  "pct_above_250": 0.0,
  "pct_below_70": 7.083333333333333,
  "pct_shield_active": 0.0,
  "shield_count": 0,
  "total_reward": 389.5808410644531,
  "mean_reward": 0.8116267323493958
}