{
  "timesteps": 2200000,
  "episode_steps": 480,
  "mean_cgm": 155.3193359375,
  "mean_action": -0.4400175213813782,
  "mean_insulin": 0.04637893661856651,
  "mean_proposed_insulin": 0.04637893661856651,
  "mean_shielded_insulin": 0.04637893661856651,
  "total_insulin": 22.261890411376953,
  "total_proposed_insulin": 22.261890411376953,
  "total_shielded_insulin": 22.261890411376953,
  "mean_iob": 0.8994606137275696,
  "pct_tir_70_180": 65.0,
  "pct_above_250": 5.833333333333333,
  "pct_below_70": 5.208333333333334,
  "pct_shield_active": 0.0,
  "shield_count": 0,
  "total_reward": 372.86016845703125,
  "mean_reward": 0.7767919898033142
}