{
  "timesteps": 3700000,
  "episode_steps": 480,
  "mean_cgm": 150.6173858642578,
  "mean_action": -0.39804840087890625,
  "mean_insulin": 0.04311316832900047,
  "mean_proposed_insulin": 0.04311316832900047,
  "mean_shielded_insulin": 0.04311316832900047,
  "total_insulin": 20.694320678710938,
  "total_proposed_insulin": 20.694320678710938,
  "total_shielded_insulin": 20.694320678710938,
  "mean_iob": 0.8360353112220764,
  "pct_tir_70_180": 73.125,
  "pct_above_250": 0.20833333333333334,
  "pct_below_70": 5.625,
  "pct_shield_active": 0.0,
  "shield_count": 0,
  "total_reward": 387.9791259765625,
  "mean_reward": 0.8082898259162903
}