{
  "timesteps": 1700000,
  "episode_steps": 362,
  "mean_cgm": 150.71250915527344,
  "mean_action": -0.517544150352478,
  "mean_insulin": 0.04385916143655777,
  "mean_proposed_insulin": 0.04385916143655777,
  "mean_shielded_insulin": 0.04385916143655777,
  "total_insulin": 15.877016067504883,
  "total_proposed_insulin": 15.877016067504883,
  "total_shielded_insulin": 15.877016067504883,
  "mean_iob": 0.8542089462280273,
  "pct_tir_70_180": 76.24309392265194,
  "pct_above_250": 0.0,
  "pct_below_70": 3.314917127071823,
  "pct_shield_active": 0.0,
  "shield_count": 0,
  "total_reward": 301.7646484375,
  "mean_reward": 0.8336039781570435
}