{
  "timesteps": 2800000,
  "episode_steps": 480,
  "mean_cgm": 147.81521606445312,
  "mean_action": -0.4169806241989136,
  "mean_insulin": 0.04328574985265732,
  "mean_proposed_insulin": 0.04328574985265732,
  "mean_shielded_insulin": 0.04328574985265732,
  "total_insulin": 20.77716064453125,
  "total_proposed_insulin": 20.77716064453125,
  "total_shielded_insulin": 20.77716064453125,
  "mean_iob": 0.8438828587532043,
  "pct_tir_70_180": 71.875,
  "pct_above_250": 0.0,
  "pct_below_70": 4.791666666666667,
  "pct_shield_active": 0.0,
  "shield_count": 0,
  "total_reward": 393.79254150390625,
  "mean_reward": 0.820401132106781
}