{
  "timesteps": 3800000,
  "episode_steps": 480,
  "mean_cgm": 145.70242309570312,
  "mean_action": -0.4799616038799286,
  "mean_insulin": 0.0436953641474247,
  "mean_proposed_insulin": 0.0436953641474247,
  "mean_shielded_insulin": 0.0436953641474247,
  "total_insulin": 20.973773956298828,
  "total_proposed_insulin": 20.973773956298828,
  "total_shielded_insulin": 20.973773956298828,
  "mean_iob": 0.843238890171051,
  "pct_tir_70_180": 73.33333333333333,
  "pct_above_250": 4.583333333333333,
  "pct_below_70": 1.0416666666666665,
  "pct_shield_active": 0.0,
  "shield_count": 0,
  "total_reward": 397.09228515625,
  "mean_reward": 0.8272755742073059
}