{
  "timesteps": 3300000,
  "episode_steps": 474,
  "mean_cgm": 146.9298553466797,
  "mean_action": -0.444723904132843,
  "mean_insulin": 0.04879229888319969,
  "mean_proposed_insulin": 0.04879229888319969,
  "mean_shielded_insulin": 0.04879229888319969,
  "total_insulin": 23.12755012512207,
  "total_proposed_insulin": 23.12755012512207,
  "total_shielded_insulin": 23.12755012512207,
  "mean_iob": 0.9299827218055725,
  "pct_tir_70_180": 65.40084388185655,
  "pct_above_250": 5.9071729957805905,
  "pct_below_70": 9.49367088607595,
  "pct_shield_active": 0.0,
  "shield_count": 0,
  "total_reward": 366.9230651855469,
  "mean_reward": 0.7740992903709412
}