{
  "timesteps": 1100000,
  "episode_steps": 480,
  "mean_cgm": 146.24256896972656,
  "mean_action": -0.5499579310417175,
  "mean_insulin": 0.0456889308989048,
  "mean_proposed_insulin": 0.0456889308989048,
  "mean_shielded_insulin": 0.0456889308989048,
  "total_insulin": 21.930686950683594,
  "total_proposed_insulin": 21.930686950683594,
  "total_shielded_insulin": 21.930686950683594,
  "mean_iob": 0.8707917332649231,
  "pct_tir_70_180": 65.625,
  "pct_above_250": 0.0,
  "pct_below_70": 7.291666666666667,
  "pct_shield_active": 0.0,
  "shield_count": 0,
  "total_reward": 377.8376770019531,
  "mean_reward": 0.7871618270874023
}