{
  "timesteps": 1600000,
  "episode_steps": 475,
  "mean_cgm": 143.7428436279297,
  "mean_action": -0.4898976981639862,
  "mean_insulin": 0.04511001706123352,
  "mean_proposed_insulin": 0.04511001706123352,
  "mean_shielded_insulin": 0.04511001706123352,
  "total_insulin": 21.427257537841797,
  "total_proposed_insulin": 21.427257537841797,
  "total_shielded_insulin": 21.427257537841797,
  "mean_iob": 0.8653410077095032,
  "pct_tir_70_180": 70.3157894736842,
  "pct_above_250": 5.263157894736842,
  "pct_below_70": 8.210526315789474,
  "pct_shield_active": 0.0,
  "shield_count": 0,
  "total_reward": 381.96734619140625,
  "mean_reward": 0.8041417598724365
}