{
  "timesteps": 2900000,
  "episode_steps": 475,
  "mean_cgm": 137.85093688964844,
  "mean_action": -0.48004084825515747,
  "mean_insulin": 0.04581940174102783,
  "mean_proposed_insulin": 0.04581940174102783,
  "mean_shielded_insulin": 0.04581940174102783,
  "total_insulin": 21.76421546936035,
  "total_proposed_insulin": 21.76421546936035,
  "total_shielded_insulin": 21.76421546936035,
  "mean_iob": 0.8790085315704346,
  "pct_tir_70_180": 65.47368421052632,
  "pct_above_250": 0.0,
  "pct_below_70": 9.05263157894737,
  "pct_shield_active": 0.0,
  "shield_count": 0,
  "total_reward": 369.59295654296875,
  "mean_reward": 0.7780904173851013
}