{
  "timesteps": 400000,
  "episode_steps": 480,
  "mean_cgm": 193.860595703125,
  "mean_action": -0.4500311017036438,
  "mean_insulin": 0.04111461713910103,
  "mean_proposed_insulin": 0.04111461713910103,
  "mean_shielded_insulin": 0.04111461713910103,
  "total_insulin": 19.735015869140625,
  "total_proposed_insulin": 19.735015869140625,
  "total_shielded_insulin": 19.735015869140625,
  "mean_iob": 0.7898484468460083,
  "pct_tir_70_180": 39.166666666666664,
  "pct_above_250": 14.583333333333334,
  "pct_below_70": 0.0,
  "pct_shield_active": 0.0,
  "shield_count": 0,
  "total_reward": 301.08837890625,
  "mean_reward": 0.6272674798965454
}