{
  "timesteps": 4000000,
  "episode_steps": 228,
  "mean_cgm": 141.5520782470703,
  "mean_action": -0.4124716520309448,
  "mean_insulin": 0.04456945136189461,
  "mean_proposed_insulin": 0.04456945136189461,
  "mean_shielded_insulin": 0.04456945136189461,
  "total_insulin": 10.161834716796875,
  "total_proposed_insulin": 10.161834716796875,
  "total_shielded_insulin": 10.161834716796875,
  "mean_iob": 0.880964994430542,
  "pct_tir_70_180": 71.49122807017544,
  "pct_above_250": 0.0,
  "pct_below_70": 7.017543859649122,
  "pct_shield_active": 0.0,
  "shield_count": 0,
  "total_reward": 187.2833251953125,
  "mean_reward": 0.8214181065559387
}