{
  "timesteps": 700000,
  "episode_steps": 477,
  "mean_cgm": 150.8488311767578,
  "mean_action": -0.42361363768577576,
  "mean_insulin": 0.04710980877280235,
  "mean_proposed_insulin": 0.04710980877280235,
  "mean_shielded_insulin": 0.04710980877280235,
  "total_insulin": 22.471378326416016,
  "total_proposed_insulin": 22.471378326416016,
  "total_shielded_insulin": 22.471378326416016,
  "mean_iob": 0.9094650149345398,
  "pct_tir_70_180": 65.61844863731656,
  "pct_above_250": 5.660377358490567,
  "pct_below_70": 5.2410901467505235,
  "pct_shield_active": 0.0,
  "shield_count": 0,
  "total_reward": 370.9655456542969,
  "mean_reward": 0.7777055501937866
}