{
  "timesteps": 3000000,
  "episode_steps": 458,
  "mean_cgm": 146.22018432617188,
  "mean_action": -0.41939666867256165,
  "mean_insulin": 0.04628980904817581,
  "mean_proposed_insulin": 0.04628980904817581,
  "mean_shielded_insulin": 0.04628980904817581,
  "total_insulin": 21.200733184814453,
  "total_proposed_insulin": 21.200733184814453,
  "total_shielded_insulin": 21.200733184814453,
  "mean_iob": 0.8919833898544312,
  "pct_tir_70_180": 75.764192139738,
  "pct_above_250": 1.0917030567685588,
  "pct_below_70": 1.5283842794759825,
  "pct_shield_active": 0.0,
  "shield_count": 0,
  "total_reward": 385.55010986328125,
  "mean_reward": 0.8418124914169312
}