{
  "timesteps": 2500000,
  "episode_steps": 480,
  "mean_cgm": 149.09022521972656,
  "mean_action": -0.45053064823150635,
  "mean_insulin": 0.04298326000571251,
  "mean_proposed_insulin": 0.04298326000571251,
  "mean_shielded_insulin": 0.04298326000571251,
  "total_insulin": 20.63196563720703,
  "total_proposed_insulin": 20.63196563720703,
  "total_shielded_insulin": 20.63196563720703,
  "mean_iob": 0.837142288684845,
  "pct_tir_70_180": 67.5,
  "pct_above_250": 0.0,
  "pct_below_70": 4.375,
  "pct_shield_active": 0.0,
  "shield_count": 0,
  "total_reward": 378.03607177734375,
  "mean_reward": 0.7875751256942749
}