{
  "timesteps": 3100000,
  "episode_steps": 437,
  "mean_cgm": 150.57215881347656,
  "mean_action": -0.5032606720924377,
  "mean_insulin": 0.046777792274951935,
  "mean_proposed_insulin": 0.046777792274951935,
  "mean_shielded_insulin": 0.046777792274951935,
  "total_insulin": 20.44189453125,
  "total_proposed_insulin": 20.44189453125,
  "total_shielded_insulin": 20.44189453125,
  "mean_iob": 0.9040164351463318,
  "pct_tir_70_180": 78.03203661327231,
  "pct_above_250": 8.924485125858125,
  "pct_below_70": 1.6018306636155606,
  "pct_shield_active": 0.0,
  "shield_count": 0,
  "total_reward": 367.248779296875,
  "mean_reward": 0.8403862118721008
}