{
  "timesteps": 2100000,
  "episode_steps": 480,
  "mean_cgm": 152.3704376220703,
  "mean_action": -0.47077369689941406,
  "mean_insulin": 0.041999466717243195,
  "mean_proposed_insulin": 0.041999466717243195,
  "mean_shielded_insulin": 0.041999466717243195,
  "total_insulin": 20.159744262695312,
  "total_proposed_insulin": 20.159744262695312,
  "total_shielded_insulin": 20.159744262695312,
  "mean_iob": 0.8165203928947449,
  "pct_tir_70_180": 73.33333333333333,
  "pct_above_250": 0.0,
  "pct_below_70": 0.4166666666666667,
  "pct_shield_active": 0.0,
  "shield_count": 0,
  "total_reward": 397.2618713378906,
  "mean_reward": 0.8276289105415344
}