{
  "timesteps": 900000,
  "episode_steps": 480,
  "mean_cgm": 157.5128631591797,
  "mean_action": -0.41012540459632874,
  "mean_insulin": 0.04091021046042442,
  "mean_proposed_insulin": 0.04091021046042442,
  "mean_shielded_insulin": 0.04091021046042442,
  "total_insulin": 19.63690185546875,
  "total_proposed_insulin": 19.63690185546875,
  "total_shielded_insulin": 19.63690185546875,
  "mean_iob": 0.7771989703178406,
  "pct_tir_70_180": 74.79166666666667,
  "pct_above_250": 7.5,
  "pct_below_70": 0.8333333333333334,
  "pct_shield_active": 0.0,
  "shield_count": 0,
  "total_reward": 398.1967468261719,
  "mean_reward": 0.8295765519142151
}