{
  "timesteps": 100000,
  "episode_steps": 157,
  "mean_cgm": 223.23793029785156,
  "mean_action": -0.999438464641571,
  "mean_insulin": 0.0016818310832604766,
  "mean_proposed_insulin": 0.0016818310832604766,
  "mean_shielded_insulin": 0.0016818310832604766,
  "total_insulin": 0.2640474736690521,
  "total_proposed_insulin": 0.2640474736690521,
  "total_shielded_insulin": 0.2640474736690521,
  "mean_iob": 0.10465233027935028,
  "pct_tir_70_180": 43.31210191082803,
  "pct_above_250": 35.6687898089172,
  "pct_below_70": 0.0,
  "pct_shield_active": 0.0,
  "shield_count": 0,
  "total_reward": 97.37208557128906,
  "mean_reward": 0.6202043890953064
}