Complexity,Loss,Equation
1,0.02659007,"x26"
3,0.025696613,"x26 / 1.0664922"
5,0.024453618,"x26 - (x8 * 0.16978587)"
7,0.023321774,"x26 + (0.034456097 / (x2 + x8))"
9,0.016737089,"x26 + (0.0136068715 / ((x8 + x2) + -0.09688188))"
11,0.015211128,"(x26 + (0.0136068715 / ((x8 + x2) + -0.09688188))) / 1.1066451"
13,0.014565053,"((x26 + (0.0136068715 / ((x8 + x2) + -0.09688188))) / 1.1066451) - 0.022638006"
