{
  "best_student_iteration": 2,
  "dataset_size": 3,
  "teacher": {
    "mean_reward": 92.50403378000001,
    "std_reward": 0.3160643013806399
  },
  "student": {
    "mean_reward": 93.64429646,
    "std_reward": 0.7347737294640772
  }
}