iteration,mean_reward
0,91.84881070000002
1,92.65424595
2,93.5218923
3,92.22207485000001
4,93.51331429999999
5,92.50956905
6,92.8533684
7,92.12458664999998
8,92.2027017
9,92.458895
