policy,mean_reward,std_reward
teacher,92.50403378000001,0.3160643013806399
student_best,93.64429646,0.7347737294640772
