policy,mean_reward,std_reward
teacher,44.01274485,49.415661999747954
student_best,34.040405750000005,47.480793905524294
