Complexity,Loss,Equation
1,0.023499845,"x26"
3,0.023140835,"x26 + 0.018947992"
5,0.020854028,"(0.013437604 / x2) + x26"
7,0.0040842844,"x26 - (0.0006376593 / (-0.0006525466 + x26))"
9,0.004016506,"x26 - (0.0006376593 / (x26 + (x23 + -0.0006525466)))"
11,0.0038967587,"x26 - (0.0006376593 / (x26 + (-0.0006525466 - (x15 * 0.29096285))))"
