policy,mean_reward,std_reward
teacher,474.13203100000004,5.684341886080802e-14
student_best,474.42858172000007,0.000146462150745599
