Complexity,Loss,Equation
1,0.052539486,"x26"
3,0.051842034,"x26 * 0.949479"
5,0.045355346,"(0.03624289 / x2) + x26"
7,0.039965205,"((0.05086621 / x2) + x26) * 0.85389626"
9,0.036473397,"(0.05086621 / x2) + ((x26 * 0.85389626) - 0.047586937)"
