episode,70<=BG<=180,BG>180,BG<70,BG>250,BG<50,LBGI,HBGI,Risk Index
0,74.63617463617463,25.363825363825367,0.0,0.0,0.0,0.10827133172752544,4.606168826537327,4.714440158264852
1,44.28274428274428,55.71725571725572,0.0,0.0,0.0,0.002127876528067297,8.291541653888187,8.293669530416253
2,98.75259875259876,1.2474012474012475,0.0,0.0,0.0,0.14894452025977406,1.5727067718681464,1.7216512921279206
3,93.34719334719335,0.0,6.652806652806653,0.0,2.7027027027027026,2.4716554802758632,1.075755891163889,3.547411371439752
4,61.53846153846154,37.00623700623701,1.4553014553014554,23.076923076923077,0.0,0.41095823835197115,10.558586375673595,10.969544614025565
5,92.0997920997921,0.0,7.900207900207901,0.0,0.0,1.2646637133085228,0.8116140321516799,2.0762777454602026
6,32.016632016632016,67.98336798336798,0.0,24.94802494802495,0.0,0.0,17.15921357350158,17.15921357350158
7,51.975051975051976,48.024948024948024,0.0,42.41164241164241,0.0,0.0005390364122936055,17.665854140723294,17.666393177135586
8,78.17047817047818,14.760914760914762,7.0686070686070686,0.0,1.6632016632016633,2.369238341884364,2.4729401611149657,4.842178502999329
