Complexity,Loss,Equation
1,0.029020013,"x26"
3,0.028722377,"x26 + 0.017252479"
5,0.023988169,"x26 + (0.027872879 / x2)"
7,0.023233762,"(0.027872879 / x2) + (x26 * 0.9663791)"
9,0.022475025,"(0.027872879 / x2) + (0.9663791 * (x26 + -0.03362949))"
