{
  "clip_range": 0.31583924209819947,
  "batch_size": 0.1884319902743882,
  "gamma": 0.11611508715814248,
  "max_grad_norm": 0.10284911379761678,
  "learning_rate": 0.062470640435113585,
  "ent_coef": 0.05825275706115716,
  "gae_lambda": 0.05155703122816891,
  "n_epochs": 0.0423789896556128,
  "net_arch": 0.03486317365134551,
  "n_steps": 0.02691646483097141,
  "vf_coef": 0.00032550980928387795
}