Complexity,Loss,Equation
1,0.028655304,"x26"
3,0.028123802,"x26 * 0.9480294"
5,0.026710846,"x26 - (-0.018991727 / x2)"
7,0.022823147,"x26 - (-0.043961473 / (x8 + x2))"
9,0.020232758,"x26 - ((-0.008661615 / x2) / (x8 + x2))"
11,0.016861962,"x26 - ((-0.008661615 / (x8 + x2)) / (x8 + x2))"
13,0.01555195,"(x26 - ((-0.008661615 / (x2 + x8)) / (x2 + x8))) * 0.9090133"
