Complexity,Loss,Equation
1,0.026363447,"x26"
3,0.025888463,"x26 * 0.95294565"
5,0.024371335,"x26 + (0.01878061 / x2)"
7,0.020549955,"x26 + (0.005400257 / (x2 - 0.101087734))"
9,0.014775165,"x26 + (0.02136196 / ((x2 - 0.08456768) + x8))"
11,0.013546482,"(x26 + (0.02136196 / ((x2 - 0.08456768) + x8))) * 0.9099157"
13,0.01004049,"(((x2 + x26) / x2) * -0.10478354) + ((0.11518513 / x2) + x26)"
15,0.007923754,"((0.12722665 / x2) + x26) + ((((x26 + x2) / x2) + x8) * -0.10836913)"
17,0.0069387364,"((0.12722665 / x2) + x26) + (((((x26 + x2) / x2) + x8) + x8) * -0.10836913)"
