policy,mean_reward,std_reward
teacher,94.72744739999999,1.3399143941043175
student_best,90.7043922,4.892275622743098
