Complexity,Loss,Equation
1,0.036923736,"x26"
3,0.03572274,"x26 - -0.034664527"
5,0.031186042,"x26 - (-0.034664527 / x2)"
7,0.027850261,"(x26 - (-0.034664527 / x2)) * 0.86346924"
9,0.026293542,"((x19 + (-0.25686306 / x2)) * -0.11168445) + x26"
