policy,mean_reward,std_reward
teacher,-5229.3809899299995,4672.850393589248
student_best,-1166.80944373,2094.9989693326743
