Complexity,Loss,Equation
1,0.036456116,"x26"
3,0.035817154,"x26 - -0.025255108"
5,0.035317034,"(x26 - -0.024454532) / 1.0473081"
