{
  "best_value": 466.6873474121094,
  "best_trial_number": 1,
  "best_params": {
    "n_steps": 480,
    "batch_size": 60,
    "net_arch": "128,128,64",
    "ent_coef": 0.0,
    "n_epochs": 20,
    "learning_rate": 0.0020145804047383966,
    "gamma": 0.9981401745187016,
    "gae_lambda": 0.910079840774431,
    "clip_range": 0.1452227160131847,
    "vf_coef": 0.509888535896567,
    "max_grad_norm": 0.5463958371898662
  },
  "best_user_attrs": {
    "best_mean_reward": 466.6873474121094
  }
}