parameter,importance
batch_size,0.2545106418030589
gamma,0.15498412839774614
n_epochs,0.10997045507473173
net_arch,0.09491693095379873
learning_rate,0.09192527134618388
max_grad_norm,0.0633086031211929
n_steps,0.061752689199004104
ent_coef,0.05931712932966029
vf_coef,0.05216513068972119
gae_lambda,0.03231833459759786
clip_range,0.024830685487304383
