Complexity,Loss,Equation
1,0.023921713,"x26"
3,0.023583878,"x26 / 1.0407283"
5,0.022092637,"(x17 * -0.090882875) + x26"
7,0.021427616,"(-0.08957425 * (x8 + x17)) + x26"
9,0.019056268,"x26 - (((x2 + x19) + -0.9651737) * 0.17931098)"
11,0.015984021,"x26 - (((x26 + -0.97685367) / (x2 * -3.690668)) * -0.21731782)"
13,0.011965163,"(x26 - (((x26 + -0.97685367) / (x2 * -2.7626135)) * -0.21731782)) + -0.095420465"
15,0.011342923,"x26 - ((((x26 + -0.97685367) / (x2 * -2.7626135)) * (-0.21731782 + -0.095420465)) - -0.083750844)"
17,0.01062575,"(x26 - (((x26 + -0.97685367) / (x2 * -2.7626135)) * ((0.10592509 * -0.6079155) + -0.21731782))) + -0.095420465"
