Complexity,Loss,Equation
1,0.041141346,"x26"
3,0.0406902,"x26 * 0.9573176"
