Complexity,Loss,Equation
1,0.039895643,"x26"
3,0.039141998,"x26 * 0.9498266"
5,0.03636445,"x26 - (-0.02305772 / x2)"
7,0.032525346,"x26 - (-0.02305772 / (x2 + x8))"
9,0.030731743,"(0.92804044 * x26) - (-0.02305772 / (x2 + x8))"
