Complexity,Loss,Equation
1,0.024402676,"x26"
3,0.024082558,"x26 * 0.9631652"
5,0.022137,"x26 + (x17 * -0.09828378)"
7,0.015451225,"x26 + (0.001068783 / (-0.11096217 + x2))"
9,0.014314606,"(x26 * 0.9230269) + (0.001068783 / (x2 + -0.11096217))"
11,0.014166343,"((x26 * 0.9230269) + (0.001068783 / (x2 + -0.11096217))) - 0.016730133"
