Complexity,Loss,Equation
1,0.012490937,"x26"
3,0.012101905,"x26 + 0.01972324"
5,0.010919009,"x26 + (0.015910983 / x2)"
7,0.008906092,"(0.034356922 / (x2 + x8)) + x26"
9,0.003495759,"x26 + (0.0067366934 / (x2 + (x8 - 0.104813315)))"
11,0.0030967852,"(0.009527821 / ((x2 + (x8 / 0.32147887)) - 0.1017763)) + x26"
