Complexity,Loss,Equation
1,0.31909755,"0.022348551"
3,0.18297252,"x25 * 0.2622977"
5,0.09407362,"(x8 - -0.6596198) * x25"
7,0.0704717,"((x26 * 0.07699148) - -0.706333) * x26"
9,0.05711049,"((x17 + (x26 - -10.530597)) * x26) * 0.07462839"
17,0.0571011,"0.022348551 + (x7 + ((0.07889322 * (((x26 + x12) - (-0.33055365 + -0.9584376)) - -9.063228)) * x26))"
