Complexity,Loss,Equation
1,0.048391223,"x26"
3,0.04759489,"x26 * 0.94478667"
5,0.044595197,"(0.02291872 / x2) + x26"
7,0.039377414,"x26 - (-0.032325063 / (x2 + x8))"
9,0.037846413,"((-0.11065736 / x2) - (x26 * x2)) * -0.9410655"
