Complexity,Loss,Equation
1,0.026789518,"x26"
3,0.026468681,"x26 * 0.9638342"
5,0.024733176,"x26 + (x8 * -0.1673471)"
7,0.024329633,"(x8 - (x26 / 0.18545315)) * -0.17779005"
9,0.023991833,"((x8 - (x26 / 0.20421141)) + -0.09652041) * -0.19583164"
11,0.019104788,"((0.12248185 / x2) + ((x26 * 3.0623603) - x8)) * 0.28594843"
13,0.018382497,"((((0.12248185 / x2) + (x26 * 3.0623603)) - x8) * 0.28594843) - 0.01850141"
15,0.018373372,"((((0.12248185 / x2) + (x26 * 3.0623603)) - x8) * 0.28594843) - (0.01850141 / 0.47949418)"
