{
  "best_value": 95.5148696899414,
  "best_trial_number": 11,
  "best_params": {
    "n_steps": 1920,
    "batch_size": 160,
    "net_arch": "128,128,64",
    "ent_coef": 0.005,
    "learning_rate": 0.00031927916631710105,
    "n_epochs": 14,
    "gamma": 0.9845488406178654,
    "gae_lambda": 0.9043392926566357,
    "clip_range": 0.18215987719966578,
    "vf_coef": 0.21973145800493063,
    "max_grad_norm": 0.8244640366180226
  },
  "best_user_attrs": {
    "best_mean_reward": 95.5148696899414
  }
}