Complexity,Loss,Equation
1,0.022809515,"x26"
3,0.022763772,"x26 * 0.9847344"
5,0.019775614,"(0.025547205 / x2) + x26"
7,0.014642276,"x26 + (0.004144023 / (x2 - 0.10375896))"
9,0.013616992,"(x26 + x7) + (0.003591348 / (x2 - 0.106363244))"
17,0.012273163,"x26 - (((0.42414266 / x2) * ((x23 * 0.11805901) - (0.01822415 / x2))) + (x8 * 0.15457673))"
19,0.012229246,"(x26 - (((0.42414266 / x2) * ((x23 * 0.11805901) - (0.01822415 / x2))) + (x8 * 0.15457673))) + -0.003403913"
