Complexity,Loss,Equation
1,0.028978802,"x26"
3,0.028669083,"x26 * 0.9635239"
5,0.02566986,"x26 - (-0.022237172 / x2)"
7,0.023607915,"x26 - (-0.013629959 / (x2 + -0.07814465))"
9,0.01827168,"x26 - ((0.06272172 / x2) * (x26 + -0.9985904))"
11,0.009801072,"(x26 + -0.1389954) - (((x26 + -1.1871767) / x2) * 0.103483416)"
13,0.00980107,"((x26 - 0.14510602) - (((x26 + -1.1871186) / x2) * 0.103467815)) + 0.0061749774"
15,0.008473992,"((x26 - 0.14510602) - (((x26 + -1.1871186) / x2) * 0.103467815)) + (x17 * -0.09120708)"
19,0.0077961087,"((((x26 - 0.14510602) - (((x26 + -1.1871186) / x2) * 0.103467815)) + 0.0061749774) + (x19 * -0.09120708)) / 0.9189784"
