Complexity,Loss,Equation
1,0.033009607,"x26"
3,0.031982284,"x26 * 0.93772835"
5,0.029272564,"(x19 * -0.12573892) + x26"
6,0.02896882,"(sin(x19) * -0.14443803) + x26"
7,0.025426406,"sin(x26 + (log(x2) * -0.12573892))"
9,0.022169206,"(log(x2 + x8) * -0.12573892) + sin(x26)"
