Complexity,Loss,Equation
1,0.016153242,"x26"
3,0.01611976,"x26 + 0.005793093"
5,0.014821202,"x26 + (x17 * -0.08205065)"
7,0.014619417,"(x26 + (x19 * -0.08643074)) * 1.0256678"
9,0.014546736,"(x26 + ((x19 * -0.08205065) * x2)) * 1.0264678"
