Complexity,Loss,Equation
1,0.02474671,"x26"
3,0.024591457,"x26 * 0.97571707"
5,0.022698302,"x26 - (x12 * 0.09243817)"
7,0.02189886,"(x26 / 1.0940276) - (-0.021671183 / x2)"
9,0.02063465,"((x26 / 1.1377608) + -0.05024508) - (-0.03642548 / x2)"
11,0.017639177,"(((-0.29847962 * x8) + x26) / 1.1377608) - (-0.03642548 / x2)"
17,0.01565424,"((-0.35313225 / ((x2 - 0.042468783) / -0.067440994)) - (x26 * -0.71976876)) * (1.2115374 - (x26 / 4.490862))"
19,0.014967266,"(((-0.35313225 / ((x2 - 0.042468783) / -0.067440994)) - (x26 * -0.71976876)) * (1.2115374 - (x26 / 4.490862))) / 0.91713357"
