Complexity,Loss,Equation
1,0.034772303,"x26"
3,0.033452623,"x26 * 0.92180824"
5,0.03266441,"(x8 * -0.16824317) + x26"
7,0.029990623,"(x26 * 0.8601349) + (0.02693464 / x2)"
9,0.022501845,"(((0.87392956 - x26) / x2) * 0.07059918) + x26"
11,0.013436875,"(x26 + (((1.1602306 - x26) / x2) * 0.105724245)) + -0.14220236"
