Complexity,Loss,Equation
1,0.036918964,"x26"
3,0.035400983,"x26 + 0.038944367"
5,0.026154647,"x26 + (0.03836382 / x2)"
6,0.016719589,"sin((0.079514034 / x2) + x26)"
8,0.0107202465,"sin(((0.10660469 / x2) + x26) - 0.10660469)"
