{
  "timesteps": 2200000,
  "episode_steps": 480,
  "mean_cgm": 147.6350860595703,
  "mean_action": -0.7417214512825012,
  "mean_insulin": 0.028764300048351288,
  "mean_proposed_insulin": 0.028764300048351288,
  "mean_shielded_insulin": 0.028764300048351288,
  "total_insulin": 13.806863784790039,
  "total_proposed_insulin": 13.806863784790039,
  "total_shielded_insulin": 13.806863784790039,
  "mean_iob": 0.5595958232879639,
  "pct_tir_70_180": 89.58333333333334,
  "pct_above_250": 0.0,
  "pct_below_70": 0.0,
  "pct_shield_active": 0.0,
  "shield_count": 0,
  "total_reward": 441.1724853515625,
  "mean_reward": 0.9191093444824219
}