{
  "timesteps": 600000,
  "episode_steps": 238,
  "mean_cgm": 241.88658142089844,
  "mean_action": -1.0,
  "mean_insulin": 0.0016773134702816606,
  "mean_proposed_insulin": 0.0016773134702816606,
  "mean_shielded_insulin": 0.0016773134702816606,
  "total_insulin": 0.3992006182670593,
  "total_proposed_insulin": 0.3992006182670593,
  "total_shielded_insulin": 0.3992006182670593,
  "mean_iob": 0.10141191631555557,
  "pct_tir_70_180": 31.932773109243694,
  "pct_above_250": 38.23529411764706,
  "pct_below_70": 0.0,
  "pct_shield_active": 0.0,
  "shield_count": 0,
  "total_reward": 129.5579833984375,
  "mean_reward": 0.5443612933158875
}