{
  "timesteps": 3000000,
  "episode_steps": 480,
  "mean_cgm": 145.61569213867188,
  "mean_action": -0.7187021970748901,
  "mean_insulin": 0.027397597208619118,
  "mean_proposed_insulin": 0.027397597208619118,
  "mean_shielded_insulin": 0.027397597208619118,
  "total_insulin": 13.150846481323242,
  "total_proposed_insulin": 13.150846481323242,
  "total_shielded_insulin": 13.150846481323242,
  "mean_iob": 0.5376147031784058,
  "pct_tir_70_180": 89.375,
  "pct_above_250": 0.0,
  "pct_below_70": 0.0,
  "pct_shield_active": 0.0,
  "shield_count": 0,
  "total_reward": 442.1898498535156,
  "mean_reward": 0.92122882604599
}