{
  "timesteps": 2500000,
  "episode_steps": 480,
  "mean_cgm": 130.66920471191406,
  "mean_action": -0.8194625973701477,
  "mean_insulin": 0.02875358983874321,
  "mean_proposed_insulin": 0.02875358983874321,
  "mean_shielded_insulin": 0.02875358983874321,
  "total_insulin": 13.80172348022461,
  "total_proposed_insulin": 13.80172348022461,
  "total_shielded_insulin": 13.80172348022461,
  "mean_iob": 0.5560239553451538,
  "pct_tir_70_180": 90.83333333333333,
  "pct_above_250": 0.0,
  "pct_below_70": 2.7083333333333335,
  "pct_shield_active": 0.0,
  "shield_count": 0,
  "total_reward": 446.936767578125,
  "mean_reward": 0.9311182498931885
}