{
  "timesteps": 3900000,
  "episode_steps": 480,
  "mean_cgm": 144.1708984375,
  "mean_action": -0.7204247713088989,
  "mean_insulin": 0.02870982512831688,
  "mean_proposed_insulin": 0.02870982512831688,
  "mean_shielded_insulin": 0.02870982512831688,
  "total_insulin": 13.780715942382812,
  "total_proposed_insulin": 13.780715942382812,
  "total_shielded_insulin": 13.780715942382812,
  "mean_iob": 0.5501559972763062,
  "pct_tir_70_180": 93.95833333333333,
  "pct_above_250": 0.0,
  "pct_below_70": 0.0,
  "pct_shield_active": 0.0,
  "shield_count": 0,
  "total_reward": 452.1871337890625,
  "mean_reward": 0.9420565366744995
}