{
  "timesteps": 1300000,
  "episode_steps": 480,
  "mean_cgm": 156.705322265625,
  "mean_action": -0.9580782651901245,
  "mean_insulin": 0.03017408773303032,
  "mean_proposed_insulin": 0.03017408773303032,
  "mean_shielded_insulin": 0.03017408773303032,
  "total_insulin": 14.483562469482422,
  "total_proposed_insulin": 14.483562469482422,
  "total_shielded_insulin": 14.483562469482422,
  "mean_iob": 0.5908557176589966,
  "pct_tir_70_180": 67.91666666666667,
  "pct_above_250": 0.0,
  "pct_below_70": 0.0,
  "pct_shield_active": 0.0,
  "shield_count": 0,
  "total_reward": 381.9334411621094,
  "mean_reward": 0.7956946492195129
}