{
  "timesteps": 2800000,
  "episode_steps": 480,
  "mean_cgm": 129.2197723388672,
  "mean_action": -0.7167860865592957,
  "mean_insulin": 0.02939220517873764,
  "mean_proposed_insulin": 0.02939220517873764,
  "mean_shielded_insulin": 0.02939220517873764,
  "total_insulin": 14.108258247375488,
  "total_proposed_insulin": 14.108258247375488,
  "total_shielded_insulin": 14.108258247375488,
  "mean_iob": 0.5653467178344727,
  "pct_tir_70_180": 95.0,
  "pct_above_250": 0.0,
  "pct_below_70": 0.0,
  "pct_shield_active": 0.0,
  "shield_count": 0,
  "total_reward": 460.2880859375,
  "mean_reward": 0.9589335322380066
}