{
  "timesteps": 500000,
  "episode_steps": 244,
  "mean_cgm": 243.76861572265625,
  "mean_action": -0.9994454383850098,
  "mean_insulin": 0.00168224994558841,
  "mean_proposed_insulin": 0.00168224994558841,
  "mean_shielded_insulin": 0.00168224994558841,
  "total_insulin": 0.4104689955711365,
  "total_proposed_insulin": 0.4104689955711365,
  "total_shielded_insulin": 0.4104689955711365,
  "mean_iob": 0.07168446481227875,
  "pct_tir_70_180": 27.86885245901639,
  "pct_above_250": 40.98360655737705,
  "pct_below_70": 0.0,
  "pct_shield_active": 0.0,
  "shield_count": 0,
  "total_reward": 127.66387176513672,
  "mean_reward": 0.5232126116752625
}