{
  "timesteps": 2000000,
  "episode_steps": 480,
  "mean_cgm": 140.89556884765625,
  "mean_action": -0.8251219987869263,
  "mean_insulin": 0.029612412676215172,
  "mean_proposed_insulin": 0.029612412676215172,
  "mean_shielded_insulin": 0.029612412676215172,
  "total_insulin": 14.213957786560059,
  "total_proposed_insulin": 14.213957786560059,
  "total_shielded_insulin": 14.213957786560059,
  "mean_iob": 0.5804317593574524,
  "pct_tir_70_180": 91.875,
  "pct_above_250": 0.0,
  "pct_below_70": 0.0,
  "pct_shield_active": 0.0,
  "shield_count": 0,
  "total_reward": 447.5486755371094,
  "mean_reward": 0.9323930740356445
}