{
  "timesteps": 3400000,
  "episode_steps": 480,
  "mean_cgm": 140.5618133544922,
  "mean_action": -0.7075539231300354,
  "mean_insulin": 0.026388274505734444,
  "mean_proposed_insulin": 0.026388274505734444,
  "mean_shielded_insulin": 0.026388274505734444,
  "total_insulin": 12.66637134552002,
  "total_proposed_insulin": 12.66637134552002,
  "total_shielded_insulin": 12.66637134552002,
  "mean_iob": 0.5072476863861084,
  "pct_tir_70_180": 91.45833333333333,
  "pct_above_250": 0.0,
  "pct_below_70": 0.20833333333333334,
  "pct_shield_active": 0.0,
  "shield_count": 0,
  "total_reward": 446.83935546875,
  "mean_reward": 0.9309152960777283
}