{
  "timesteps": 1500000,
  "episode_steps": 480,
  "mean_cgm": 136.69976806640625,
  "mean_action": -0.9358970522880554,
  "mean_insulin": 0.028066014871001244,
  "mean_proposed_insulin": 0.028066014871001244,
  "mean_shielded_insulin": 0.028066014871001244,
  "total_insulin": 13.471687316894531,
  "total_proposed_insulin": 13.471687316894531,
  "total_shielded_insulin": 13.471687316894531,
  "mean_iob": 0.5600926280021667,
  "pct_tir_70_180": 70.41666666666667,
  "pct_above_250": 0.0,
  "pct_below_70": 13.958333333333334,
  "pct_shield_active": 0.0,
  "shield_count": 0,
  "total_reward": 382.6900329589844,
  "mean_reward": 0.7972708940505981
}