{
  "timesteps": 2600000,
  "episode_steps": 480,
  "mean_cgm": 137.3757781982422,
  "mean_action": -0.6945327520370483,
  "mean_insulin": 0.02743259258568287,
  "mean_proposed_insulin": 0.02743259258568287,
  "mean_shielded_insulin": 0.02743259258568287,
  "total_insulin": 13.167644500732422,
  "total_proposed_insulin": 13.167644500732422,
  "total_shielded_insulin": 13.167644500732422,
  "mean_iob": 0.5285048484802246,
  "pct_tir_70_180": 88.54166666666666,
  "pct_above_250": 0.0,
  "pct_below_70": 0.0,
  "pct_shield_active": 0.0,
  "shield_count": 0,
  "total_reward": 442.3038330078125,
  "mean_reward": 0.9214662909507751
}