{
  "timesteps": 2400000,
  "episode_steps": 480,
  "mean_cgm": 129.46530151367188,
  "mean_action": -0.6859064698219299,
  "mean_insulin": 0.031946662813425064,
  "mean_proposed_insulin": 0.031946662813425064,
  "mean_shielded_insulin": 0.031946662813425064,
  "total_insulin": 15.334397315979004,
  "total_proposed_insulin": 15.334397315979004,
  "total_shielded_insulin": 15.334397315979004,
  "mean_iob": 0.6233024597167969,
  "pct_tir_70_180": 98.75,
  "pct_above_250": 0.0,
  "pct_below_70": 0.0,
  "pct_shield_active": 0.0,
  "shield_count": 0,
  "total_reward": 470.3182678222656,
  "mean_reward": 0.979829728603363
}