{
  "timesteps": 3100000,
  "episode_steps": 480,
  "mean_cgm": 132.92469787597656,
  "mean_action": -0.7269717454910278,
  "mean_insulin": 0.02716022916138172,
  "mean_proposed_insulin": 0.02716022916138172,
  "mean_shielded_insulin": 0.02716022916138172,
  "total_insulin": 13.036910057067871,
  "total_proposed_insulin": 13.036910057067871,
  "total_shielded_insulin": 13.036910057067871,
  "mean_iob": 0.5112867951393127,
  "pct_tir_70_180": 91.875,
  "pct_above_250": 0.0,
  "pct_below_70": 0.0,
  "pct_shield_active": 0.0,
  "shield_count": 0,
  "total_reward": 449.23724365234375,
  "mean_reward": 0.9359109401702881
}