{
  "timesteps": 2300000,
  "episode_steps": 480,
  "mean_cgm": 150.53558349609375,
  "mean_action": -0.7779524922370911,
  "mean_insulin": 0.02715449407696724,
  "mean_proposed_insulin": 0.02715449407696724,
  "mean_shielded_insulin": 0.02715449407696724,
  "total_insulin": 13.034156799316406,
  "total_proposed_insulin": 13.034156799316406,
  "total_shielded_insulin": 13.034156799316406,
  "mean_iob": 0.5267532467842102,
  "pct_tir_70_180": 82.29166666666666,
  "pct_above_250": 0.0,
  "pct_below_70": 0.0,
  "pct_shield_active": 0.0,
  "shield_count": 0,
  "total_reward": 422.8040771484375,
  "mean_reward": 0.880841851234436
}