{
  "timesteps": 800000,
  "episode_steps": 480,
  "mean_cgm": 207.1426239013672,
  "mean_action": -0.8812892436981201,
  "mean_insulin": 0.0236508809030056,
  "mean_proposed_insulin": 0.0236508809030056,
  "mean_shielded_insulin": 0.0236508809030056,
  "total_insulin": 11.352422714233398,
  "total_proposed_insulin": 11.352422714233398,
  "total_shielded_insulin": 11.352422714233398,
  "mean_iob": 0.4749844968318939,
  "pct_tir_70_180": 31.874999999999996,
  "pct_above_250": 15.0,
  "pct_below_70": 0.0,
  "pct_shield_active": 0.0,
  "shield_count": 0,
  "total_reward": 278.2984619140625,
  "mean_reward": 0.5797884464263916
}