{
  "timesteps": 400000,
  "episode_steps": 247,
  "mean_cgm": 246.554931640625,
  "mean_action": -1.0,
  "mean_insulin": 0.0016773135866969824,
  "mean_proposed_insulin": 0.0016773135866969824,
  "mean_shielded_insulin": 0.0016773135866969824,
  "total_insulin": 0.4142964482307434,
  "total_proposed_insulin": 0.4142964482307434,
  "total_shielded_insulin": 0.4142964482307434,
  "mean_iob": 0.07326804101467133,
  "pct_tir_70_180": 32.79352226720648,
  "pct_above_250": 41.29554655870445,
  "pct_below_70": 0.0,
  "pct_shield_active": 0.0,
  "shield_count": 0,
  "total_reward": 134.54446411132812,
  "mean_reward": 0.5447144508361816
}