{
  "timesteps": 1600000,
  "episode_steps": 480,
  "mean_cgm": 139.68292236328125,
  "mean_action": -0.977009117603302,
  "mean_insulin": 0.037774551659822464,
  "mean_proposed_insulin": 0.037774551659822464,
  "mean_shielded_insulin": 0.037774551659822464,
  "total_insulin": 18.131784439086914,
  "total_proposed_insulin": 18.131784439086914,
  "total_shielded_insulin": 18.131784439086914,
  "mean_iob": 0.7127392292022705,
  "pct_tir_70_180": 80.41666666666667,
  "pct_above_250": 0.0,
  "pct_below_70": 5.416666666666667,
  "pct_shield_active": 0.0,
  "shield_count": 0,
  "total_reward": 415.36328125,
  "mean_reward": 0.8653401732444763
}