{
  "timesteps": 1200000,
  "episode_steps": 480,
  "mean_cgm": 152.58450317382812,
  "mean_action": -0.9843100905418396,
  "mean_insulin": 0.026392964646220207,
  "mean_proposed_insulin": 0.026392964646220207,
  "mean_shielded_insulin": 0.026392964646220207,
  "total_insulin": 12.668622970581055,
  "total_proposed_insulin": 12.668622970581055,
  "total_shielded_insulin": 12.668622970581055,
  "mean_iob": 0.5188292264938354,
  "pct_tir_70_180": 73.75,
  "pct_above_250": 0.0,
  "pct_below_70": 0.0,
  "pct_shield_active": 0.0,
  "shield_count": 0,
  "total_reward": 400.517578125,
  "mean_reward": 0.83441162109375
}