{
  "timesteps": 1000000,
  "episode_steps": 480,
  "mean_cgm": 169.07872009277344,
  "mean_action": -0.9610856175422668,
  "mean_insulin": 0.028441496193408966,
  "mean_proposed_insulin": 0.028441496193408966,
  "mean_shielded_insulin": 0.028441496193408966,
  "total_insulin": 13.651918411254883,
  "total_proposed_insulin": 13.651918411254883,
  "total_shielded_insulin": 13.651918411254883,
  "mean_iob": 0.5426828265190125,
  "pct_tir_70_180": 55.41666666666667,
  "pct_above_250": 0.0,
  "pct_below_70": 0.0,
  "pct_shield_active": 0.0,
  "shield_count": 0,
  "total_reward": 348.94171142578125,
  "mean_reward": 0.7269619107246399
}