{
  "timesteps": 2700000,
  "episode_steps": 480,
  "mean_cgm": 133.13125610351562,
  "mean_action": -0.6926498413085938,
  "mean_insulin": 0.03137269243597984,
  "mean_proposed_insulin": 0.03137269243597984,
  "mean_shielded_insulin": 0.03137269243597984,
  "total_insulin": 15.058893203735352,
  "total_proposed_insulin": 15.058893203735352,
  "total_shielded_insulin": 15.058893203735352,
  "mean_iob": 0.5939962863922119,
  "pct_tir_70_180": 100.0,
  "pct_above_250": 0.0,
  "pct_below_70": 0.0,
  "pct_shield_active": 0.0,
  "shield_count": 0,
  "total_reward": 470.5228576660156,
  "mean_reward": 0.9802559614181519
}