{
  "timesteps": 1800000,
  "episode_steps": 480,
  "mean_cgm": 154.1559295654297,
  "mean_action": -0.7310642004013062,
  "mean_insulin": 0.02789793163537979,
  "mean_proposed_insulin": 0.02789793163537979,
  "mean_shielded_insulin": 0.02789793163537979,
  "total_insulin": 13.391007423400879,
  "total_proposed_insulin": 13.391007423400879,
  "total_shielded_insulin": 13.391007423400879,
  "mean_iob": 0.529443621635437,
  "pct_tir_70_180": 76.45833333333333,
  "pct_above_250": 0.0,
  "pct_below_70": 0.0,
  "pct_shield_active": 0.0,
  "shield_count": 0,
  "total_reward": 407.18511962890625,
  "mean_reward": 0.8483023047447205
}