{
  "timesteps": 3600000,
  "episode_steps": 480,
  "mean_cgm": 139.68609619140625,
  "mean_action": -0.7466506958007812,
  "mean_insulin": 0.029896359890699387,
  "mean_proposed_insulin": 0.029896359890699387,
  "mean_shielded_insulin": 0.029896359890699387,
  "total_insulin": 14.350253105163574,
  "total_proposed_insulin": 14.350253105163574,
  "total_shielded_insulin": 14.350253105163574,
  "mean_iob": 0.570338785648346,
  "pct_tir_70_180": 98.75,
  "pct_above_250": 0.0,
  "pct_below_70": 0.0,
  "pct_shield_active": 0.0,
  "shield_count": 0,
  "total_reward": 466.6815185546875,
  "mean_reward": 0.972253143787384
}