{
  "timesteps": 3800000,
  "episode_steps": 480,
  "mean_cgm": 144.97891235351562,
  "mean_action": -0.7296317219734192,
  "mean_insulin": 0.030405543744564056,
  "mean_proposed_insulin": 0.030405543744564056,
  "mean_shielded_insulin": 0.030405543744564056,
  "total_insulin": 14.594660758972168,
  "total_proposed_insulin": 14.594660758972168,
  "total_shielded_insulin": 14.594660758972168,
  "mean_iob": 0.5820024013519287,
  "pct_tir_70_180": 88.75,
  "pct_above_250": 0.0,
  "pct_below_70": 0.0,
  "pct_shield_active": 0.0,
  "shield_count": 0,
  "total_reward": 440.5091247558594,
  "mean_reward": 0.9177273511886597
}