{
  "timesteps": 3300000,
  "episode_steps": 480,
  "mean_cgm": 145.7470245361328,
  "mean_action": -0.7492135167121887,
  "mean_insulin": 0.02935863472521305,
  "mean_proposed_insulin": 0.02935863472521305,
  "mean_shielded_insulin": 0.02935863472521305,
  "total_insulin": 14.092144966125488,
  "total_proposed_insulin": 14.092144966125488,
  "total_shielded_insulin": 14.092144966125488,
  "mean_iob": 0.5621509552001953,
  "pct_tir_70_180": 89.16666666666667,
  "pct_above_250": 0.0,
  "pct_below_70": 0.0,
  "pct_shield_active": 0.0,
  "shield_count": 0,
  "total_reward": 440.7080383300781,
  "mean_reward": 0.9181417226791382
}