{
  "timesteps": 2100000,
  "episode_steps": 480,
  "mean_cgm": 144.54061889648438,
  "mean_action": -0.7115905284881592,
  "mean_insulin": 0.030471941456198692,
  "mean_proposed_insulin": 0.030471941456198692,
  "mean_shielded_insulin": 0.030471941456198692,
  "total_insulin": 14.626531600952148,
  "total_proposed_insulin": 14.626531600952148,
  "total_shielded_insulin": 14.626531600952148,
  "mean_iob": 0.5868409276008606,
  "pct_tir_70_180": 99.375,
  "pct_above_250": 0.0,
  "pct_below_70": 0.0,
  "pct_shield_active": 0.0,
  "shield_count": 0,
  "total_reward": 464.713623046875,
  "mean_reward": 0.9681533575057983
}