{
  "timesteps": 1900000,
  "episode_steps": 480,
  "mean_cgm": 146.22842407226562,
  "mean_action": -0.7110236883163452,
  "mean_insulin": 0.02826099470257759,
  "mean_proposed_insulin": 0.02826099470257759,
  "mean_shielded_insulin": 0.02826099470257759,
  "total_insulin": 13.565277099609375,
  "total_proposed_insulin": 13.565277099609375,
  "total_shielded_insulin": 13.565277099609375,
  "mean_iob": 0.548984944820404,
  "pct_tir_70_180": 96.25,
  "pct_above_250": 0.0,
  "pct_below_70": 0.0,
  "pct_shield_active": 0.0,
  "shield_count": 0,
  "total_reward": 456.51318359375,
  "mean_reward": 0.9510691165924072
}