{
  "timesteps": 700000,
  "episode_steps": 245,
  "mean_cgm": 234.7966766357422,
  "mean_action": -0.9039779901504517,
  "mean_insulin": 0.0037055406719446182,
  "mean_proposed_insulin": 0.0037055406719446182,
  "mean_shielded_insulin": 0.0037055406719446182,
  "total_insulin": 0.9078574776649475,
  "total_proposed_insulin": 0.9078574776649475,
  "total_shielded_insulin": 0.9078574776649475,
  "mean_iob": 0.13099344074726105,
  "pct_tir_70_180": 35.10204081632653,
  "pct_above_250": 42.04081632653061,
  "pct_below_70": 0.0,
  "pct_shield_active": 0.0,
  "shield_count": 0,
  "total_reward": 139.06053161621094,
  "mean_reward": 0.5675939917564392
}