{
  "timesteps": 4000000,
  "episode_steps": 480,
  "mean_cgm": 138.6216583251953,
  "mean_action": -0.7579004764556885,
  "mean_insulin": 0.029670648276805878,
  "mean_proposed_insulin": 0.029670648276805878,
  "mean_shielded_insulin": 0.029670648276805878,
  "total_insulin": 14.241910934448242,
  "total_proposed_insulin": 14.241910934448242,
  "total_shielded_insulin": 14.241910934448242,
  "mean_iob": 0.568576455116272,
  "pct_tir_70_180": 95.83333333333334,
  "pct_above_250": 0.0,
  "pct_below_70": 0.0,
  "pct_shield_active": 0.0,
  "shield_count": 0,
  "total_reward": 458.43475341796875,
  "mean_reward": 0.9550724029541016
}