{
  "timesteps": 3700000,
  "episode_steps": 480,
  "mean_cgm": 127.67830657958984,
  "mean_action": -0.8088981509208679,
  "mean_insulin": 0.03447626903653145,
  "mean_proposed_insulin": 0.03447626903653145,
  "mean_shielded_insulin": 0.03447626903653145,
  "total_insulin": 16.548608779907227,
  "total_proposed_insulin": 16.548608779907227,
  "total_shielded_insulin": 16.548608779907227,
  "mean_iob": 0.6758135557174683,
  "pct_tir_70_180": 87.29166666666667,
  "pct_above_250": 0.0,
  "pct_below_70": 9.791666666666666,
  "pct_shield_active": 0.0,
  "shield_count": 0,
  "total_reward": 430.38604736328125,
  "mean_reward": 0.8966376185417175
}