{
  "timesteps": 1700000,
  "episode_steps": 480,
  "mean_cgm": 152.09658813476562,
  "mean_action": -0.8502148389816284,
  "mean_insulin": 0.026577942073345184,
  "mean_proposed_insulin": 0.026577942073345184,
  "mean_shielded_insulin": 0.026577942073345184,
  "total_insulin": 12.75741195678711,
  "total_proposed_insulin": 12.75741195678711,
  "total_shielded_insulin": 12.75741195678711,
  "mean_iob": 0.5259405374526978,
  "pct_tir_70_180": 81.25,
  "pct_above_250": 0.0,
  "pct_below_70": 0.0,
  "pct_shield_active": 0.0,
  "shield_count": 0,
  "total_reward": 418.665771484375,
  "mean_reward": 0.8722203373908997
}