{
  "timesteps": 3500000,
  "episode_steps": 480,
  "mean_cgm": 138.7766571044922,
  "mean_action": -0.7247993350028992,
  "mean_insulin": 0.030033815652132034,
  "mean_proposed_insulin": 0.030033815652132034,
  "mean_shielded_insulin": 0.030033815652132034,
  "total_insulin": 14.416231155395508,
  "total_proposed_insulin": 14.416231155395508,
  "total_shielded_insulin": 14.416231155395508,
  "mean_iob": 0.5711249113082886,
  "pct_tir_70_180": 89.58333333333334,
  "pct_above_250": 0.0,
  "pct_below_70": 0.0,
  "pct_shield_active": 0.0,
  "shield_count": 0,
  "total_reward": 444.2214660644531,
  "mean_reward": 0.9254614114761353
}