Complexity,Loss,Equation
1,0.0128734475,"x26"
3,0.012786062,"x26 + 0.0093447305"
5,0.010785197,"x26 - (x17 * 0.09819582)"
7,0.009711093,"(x19 * -0.15273185) + (x26 * 1.1026804)"
9,0.00970837,"(((x19 * -0.13927104) + x26) * 1.1032225) + -0.0016831013"
11,0.009522484,"x26 + (((x8 - x26) - (-1.5469787 * x19)) * -0.08448426)"
13,0.009494472,"(x26 + (((x8 - x26) - (x19 * -2.2768357)) * -0.059191234)) / 0.9718712"
15,0.009477119,"((x26 + (((x8 - x26) - (x19 * -2.2768357)) * -0.059191234)) - -0.0040488318) / 0.9718712"
