Complexity,Loss,Equation
1,0.027987942,"x26"
3,0.02775865,"x26 * 0.9688802"
5,0.02615883,"x26 - (x8 * 0.1653265)"
7,0.0256496,"(x26 - (x8 * 0.19848315)) + 0.024139559"
9,0.025461014,"(x26 + (0.024723044 - (x8 * 0.20255207))) * 0.97176576"
11,0.02517667,"(x26 - (x8 * 0.19848315)) + (0.024139559 / (1.1585693 + x26))"
