Complexity,Loss,Equation
1,0.0053982497,"x26"
3,0.005241023,"x26 - -0.0125392545"
5,0.0038111873,"x26 - (x17 * 0.08857728)"
6,0.0037464155,"x26 - (sin(x17) * 0.1007921)"
7,0.003330969,"(x26 - (0.1007921 * x18)) / 0.9580257"
8,0.0033249327,"(x26 - (0.1007921 * sin(x18))) / 0.9580257"
10,0.0032456366,"(x26 - (sin(x18 / 0.79255384) * 0.1007921)) / 0.9580257"
