Complexity,Loss,Equation
1,0.008600029,"x26"
3,0.008347031,"x26 - -0.015918925"
5,0.007123764,"x26 + (x17 * -0.086801656)"
7,0.0064795925,"(x26 + (x21 * -0.14743061)) / 0.8889172"
11,0.0064537334,"((-0.123293616 * x19) + (x26 / 0.9307093)) - (x8 * 0.036287762)"
13,0.006453478,"(((-0.123293616 * x19) + (x26 / 0.9307093)) - (x8 * 0.036287762)) * 0.995768"
