{
  "timesteps": 300000,
  "episode_steps": 480,
  "mean_cgm": 156.93673706054688,
  "mean_action": -0.5668953061103821,
  "mean_insulin": 0.02021750435233116,
  "mean_proposed_insulin": 0.02021750435233116,
  "mean_shielded_insulin": 0.02021750435233116,
  "total_insulin": 9.704401969909668,
  "total_proposed_insulin": 9.704401969909668,
  "total_shielded_insulin": 9.704401969909668,
  "mean_iob": 0.41628938913345337,
  "pct_tir_70_180": 60.20833333333333,
  "pct_above_250": 5.833333333333333,
  "pct_below_70": 6.458333333333334,
  "pct_shield_active": 0.0,
  "shield_count": 0,
  "total_reward": 361.9434814453125,
  "mean_reward": 0.7540489435195923
}