{
  "timesteps": 1400000,
  "episode_steps": 480,
  "mean_cgm": 122.58948516845703,
  "mean_action": -0.6586695909500122,
  "mean_insulin": 0.023585887625813484,
  "mean_proposed_insulin": 0.023585887625813484,
  "mean_shielded_insulin": 0.023585887625813484,
  "total_insulin": 11.321226119995117,
  "total_proposed_insulin": 11.321226119995117,
  "total_shielded_insulin": 11.321226119995117,
  "mean_iob": 0.46829769015312195,
  "pct_tir_70_180": 70.83333333333334,
  "pct_above_250": 0.0,
  "pct_below_70": 12.916666666666668,
  "pct_shield_active": 0.0,
  "shield_count": 0,
  "total_reward": 388.8746643066406,
  "mean_reward": 0.8101555705070496
}