{
  "timesteps": 2800000,
  "episode_steps": 480,
  "mean_cgm": 117.81385040283203,
  "mean_action": -0.5641294121742249,
  "mean_insulin": 0.024161716923117638,
  "mean_proposed_insulin": 0.024161716923117638,
  "mean_shielded_insulin": 0.024161716923117638,
  "total_insulin": 11.597623825073242,
  "total_proposed_insulin": 11.597623825073242,
  "total_shielded_insulin": 11.597623825073242,
  "mean_iob": 0.46909409761428833,
  "pct_tir_70_180": 88.125,
  "pct_above_250": 0.0,
  "pct_below_70": 1.875,
  "pct_shield_active": 0.0,
  "shield_count": 0,
  "total_reward": 437.83673095703125,
  "mean_reward": 0.9121598601341248
}