{
  "timesteps": 1500000,
  "episode_steps": 480,
  "mean_cgm": 121.36244201660156,
  "mean_action": -0.6282765865325928,
  "mean_insulin": 0.024876892566680908,
  "mean_proposed_insulin": 0.024876892566680908,
  "mean_shielded_insulin": 0.024876892566680908,
  "total_insulin": 11.940908432006836,
  "total_proposed_insulin": 11.940908432006836,
  "total_shielded_insulin": 11.940908432006836,
  "mean_iob": 0.49211037158966064,
  "pct_tir_70_180": 69.16666666666667,
  "pct_above_250": 1.25,
  "pct_below_70": 13.333333333333334,
  "pct_shield_active": 0.0,
  "shield_count": 0,
  "total_reward": 384.60693359375,
  "mean_reward": 0.8012644648551941
}