{
  "timesteps": 3500000,
  "episode_steps": 480,
  "mean_cgm": 117.83853912353516,
  "mean_action": -0.5589175820350647,
  "mean_insulin": 0.024728385731577873,
  "mean_proposed_insulin": 0.024728385731577873,
  "mean_shielded_insulin": 0.024728385731577873,
  "total_insulin": 11.869625091552734,
  "total_proposed_insulin": 11.869625091552734,
  "total_shielded_insulin": 11.869625091552734,
  "mean_iob": 0.4944395124912262,
  "pct_tir_70_180": 85.41666666666666,
  "pct_above_250": 0.0,
  "pct_below_70": 7.708333333333334,
  "pct_shield_active": 0.0,
  "shield_count": 0,
  "total_reward": 429.88592529296875,
  "mean_reward": 0.8955956697463989
}