{
  "timesteps": 3400000,
  "episode_steps": 480,
  "mean_cgm": 119.80724334716797,
  "mean_action": -0.5829864740371704,
  "mean_insulin": 0.025598440319299698,
  "mean_proposed_insulin": 0.025598440319299698,
  "mean_shielded_insulin": 0.025598440319299698,
  "total_insulin": 12.287251472473145,
  "total_proposed_insulin": 12.287251472473145,
  "total_shielded_insulin": 12.287251472473145,
  "mean_iob": 0.5083078742027283,
  "pct_tir_70_180": 76.04166666666666,
  "pct_above_250": 1.25,
  "pct_below_70": 12.083333333333334,
  "pct_shield_active": 0.0,
  "shield_count": 0,
  "total_reward": 405.3668212890625,
  "mean_reward": 0.8445141911506653
}