{
  "timesteps": 700000,
  "episode_steps": 347,
  "mean_cgm": 129.8441619873047,
  "mean_action": -0.5563337206840515,
  "mean_insulin": 0.026377614587545395,
  "mean_proposed_insulin": 0.026377614587545395,
  "mean_shielded_insulin": 0.026377614587545395,
  "total_insulin": 9.153032302856445,
  "total_proposed_insulin": 9.153032302856445,
  "total_shielded_insulin": 9.153032302856445,
  "mean_iob": 0.5374394655227661,
  "pct_tir_70_180": 73.77521613832853,
  "pct_above_250": 6.051873198847262,
  "pct_below_70": 10.662824207492795,
  "pct_shield_active": 0.0,
  "shield_count": 0,
  "total_reward": 286.641845703125,
  "mean_reward": 0.8260571956634521
}