{
  "timesteps": 2900000,
  "episode_steps": 480,
  "mean_cgm": 115.05339813232422,
  "mean_action": -0.629639208316803,
  "mean_insulin": 0.025386376306414604,
  "mean_proposed_insulin": 0.025386376306414604,
  "mean_shielded_insulin": 0.025386376306414604,
  "total_insulin": 12.185461044311523,
  "total_proposed_insulin": 12.185461044311523,
  "total_shielded_insulin": 12.185461044311523,
  "mean_iob": 0.5000782608985901,
  "pct_tir_70_180": 67.08333333333333,
  "pct_above_250": 1.4583333333333333,
  "pct_below_70": 21.25,
  "pct_shield_active": 0.0,
  "shield_count": 0,
  "total_reward": 380.35504150390625,
  "mean_reward": 0.7924063205718994
}