{
  "timesteps": 400000,
  "episode_steps": 480,
  "mean_cgm": 149.16148376464844,
  "mean_action": -0.576232373714447,
  "mean_insulin": 0.02000286988914013,
  "mean_proposed_insulin": 0.02000286988914013,
  "mean_shielded_insulin": 0.02000286988914013,
  "total_insulin": 9.601377487182617,
  "total_proposed_insulin": 9.601377487182617,
  "total_shielded_insulin": 9.601377487182617,
  "mean_iob": 0.4108392596244812,
  "pct_tir_70_180": 82.29166666666666,
  "pct_above_250": 2.5,
  "pct_below_70": 1.4583333333333333,
  "pct_shield_active": 0.0,
  "shield_count": 0,
  "total_reward": 419.05560302734375,
  "mean_reward": 0.8730325102806091
}