{
  "timesteps": 3600000,
  "episode_steps": 480,
  "mean_cgm": 113.2325210571289,
  "mean_action": -0.5965736508369446,
  "mean_insulin": 0.026030901819467545,
  "mean_proposed_insulin": 0.026030901819467545,
  "mean_shielded_insulin": 0.026030901819467545,
  "total_insulin": 12.494832992553711,
  "total_proposed_insulin": 12.494832992553711,
  "total_shielded_insulin": 12.494832992553711,
  "mean_iob": 0.506415605545044,
  "pct_tir_70_180": 69.79166666666666,
  "pct_above_250": 0.0,
  "pct_below_70": 19.791666666666664,
  "pct_shield_active": 0.0,
  "shield_count": 0,
  "total_reward": 382.835205078125,
  "mean_reward": 0.7975733280181885
}