{
  "timesteps": 2100000,
  "episode_steps": 480,
  "mean_cgm": 120.4898452758789,
  "mean_action": -0.6322857141494751,
  "mean_insulin": 0.024428455159068108,
  "mean_proposed_insulin": 0.024428455159068108,
  "mean_shielded_insulin": 0.024428455159068108,
  "total_insulin": 11.725658416748047,
  "total_proposed_insulin": 11.725658416748047,
  "total_shielded_insulin": 11.725658416748047,
  "mean_iob": 0.4884435534477234,
  "pct_tir_70_180": 79.16666666666666,
  "pct_above_250": 1.0416666666666665,
  "pct_below_70": 5.833333333333333,
  "pct_shield_active": 0.0,
  "shield_count": 0,
  "total_reward": 413.60174560546875,
  "mean_reward": 0.8616703152656555
}