{
  "timesteps": 1100000,
  "episode_steps": 213,
  "mean_cgm": 122.46348571777344,
  "mean_action": -0.5254071950912476,
  "mean_insulin": 0.02234937809407711,
  "mean_proposed_insulin": 0.02234937809407711,
  "mean_shielded_insulin": 0.02234937809407711,
  "total_insulin": 4.760417461395264,
  "total_proposed_insulin": 4.760417461395264,
  "total_shielded_insulin": 4.760417461395264,
  "mean_iob": 0.48149535059928894,
  "pct_tir_70_180": 85.44600938967136,
  "pct_above_250": 0.0,
  "pct_below_70": 7.042253521126761,
  "pct_shield_active": 0.0,
  "shield_count": 0,
  "total_reward": 191.13543701171875,
  "mean_reward": 0.89734947681427
}