{
  "timesteps": 1700000,
  "episode_steps": 480,
  "mean_cgm": 119.12922668457031,
  "mean_action": -0.586603045463562,
  "mean_insulin": 0.02355540171265602,
  "mean_proposed_insulin": 0.02355540171265602,
  "mean_shielded_insulin": 0.02355540171265602,
  "total_insulin": 11.30659294128418,
  "total_proposed_insulin": 11.30659294128418,
  "total_shielded_insulin": 11.30659294128418,
  "mean_iob": 0.46019697189331055,
  "pct_tir_70_180": 86.04166666666667,
  "pct_above_250": 0.0,
  "pct_below_70": 3.75,
  "pct_shield_active": 0.0,
  "shield_count": 0,
  "total_reward": 431.1981201171875,
  "mean_reward": 0.8983294367790222
}