{
  "timesteps": 3100000,
  "episode_steps": 480,
  "mean_cgm": 116.3418960571289,
  "mean_action": -0.6885767579078674,
  "mean_insulin": 0.025709323585033417,
  "mean_proposed_insulin": 0.025709323585033417,
  "mean_shielded_insulin": 0.025709323585033417,
  "total_insulin": 12.340475082397461,
  "total_proposed_insulin": 12.340475082397461,
  "total_shielded_insulin": 12.340475082397461,
  "mean_iob": 0.517874538898468,
  "pct_tir_70_180": 64.79166666666667,
  "pct_above_250": 1.25,
  "pct_below_70": 19.166666666666668,
  "pct_shield_active": 0.0,
  "shield_count": 0,
  "total_reward": 372.5202331542969,
  "mean_reward": 0.7760838270187378
}