{
  "timesteps": 600000,
  "episode_steps": 480,
  "mean_cgm": 134.3771514892578,
  "mean_action": -0.5913981199264526,
  "mean_insulin": 0.019826389849185944,
  "mean_proposed_insulin": 0.019826389849185944,
  "mean_shielded_insulin": 0.019826389849185944,
  "total_insulin": 9.516667366027832,
  "total_proposed_insulin": 9.516667366027832,
  "total_shielded_insulin": 9.516667366027832,
  "mean_iob": 0.3955267071723938,
  "pct_tir_70_180": 87.70833333333333,
  "pct_above_250": 0.0,
  "pct_below_70": 0.0,
  "pct_shield_active": 0.0,
  "shield_count": 0,
  "total_reward": 437.1270751953125,
  "mean_reward": 0.910681426525116
}