{
  "timesteps": 1800000,
  "episode_steps": 480,
  "mean_cgm": 126.12923431396484,
  "mean_action": -0.6050304174423218,
  "mean_insulin": 0.02435777522623539,
  "mean_proposed_insulin": 0.02435777522623539,
  "mean_shielded_insulin": 0.02435777522623539,
  "total_insulin": 11.691732406616211,
  "total_proposed_insulin": 11.691732406616211,
  "total_shielded_insulin": 11.691732406616211,
  "mean_iob": 0.48676231503486633,
  "pct_tir_70_180": 79.79166666666667,
  "pct_above_250": 0.20833333333333334,
  "pct_below_70": 4.375,
  "pct_shield_active": 0.0,
  "shield_count": 0,
  "total_reward": 415.975830078125,
  "mean_reward": 0.8666163086891174
}