{
  "timesteps": 1000000,
  "episode_steps": 480,
  "mean_cgm": 117.45233917236328,
  "mean_action": -0.6221584677696228,
  "mean_insulin": 0.025551704689860344,
  "mean_proposed_insulin": 0.025551704689860344,
  "mean_shielded_insulin": 0.025551704689860344,
  "total_insulin": 12.26481819152832,
  "total_proposed_insulin": 12.26481819152832,
  "total_shielded_insulin": 12.26481819152832,
  "mean_iob": 0.49952125549316406,
  "pct_tir_70_180": 72.08333333333333,
  "pct_above_250": 2.2916666666666665,
  "pct_below_70": 16.25,
  "pct_shield_active": 0.0,
  "shield_count": 0,
  "total_reward": 391.5743408203125,
  "mean_reward": 0.8157798647880554
}