{
  "timesteps": 3700000,
  "episode_steps": 480,
  "mean_cgm": 117.52188873291016,
  "mean_action": -0.6154068112373352,
  "mean_insulin": 0.02628033235669136,
  "mean_proposed_insulin": 0.02628033235669136,
  "mean_shielded_insulin": 0.02628033235669136,
  "total_insulin": 12.614559173583984,
  "total_proposed_insulin": 12.614559173583984,
  "total_shielded_insulin": 12.614559173583984,
  "mean_iob": 0.5126824975013733,
  "pct_tir_70_180": 83.125,
  "pct_above_250": 0.0,
  "pct_below_70": 5.625,
  "pct_shield_active": 0.0,
  "shield_count": 0,
  "total_reward": 424.6969299316406,
  "mean_reward": 0.8847852945327759
}