{
  "timesteps": 2300000,
  "episode_steps": 480,
  "mean_cgm": 116.38484191894531,
  "mean_action": -0.610180675983429,
  "mean_insulin": 0.023955104872584343,
  "mean_proposed_insulin": 0.023955104872584343,
  "mean_shielded_insulin": 0.023955104872584343,
  "total_insulin": 11.49845027923584,
  "total_proposed_insulin": 11.49845027923584,
  "total_shielded_insulin": 11.49845027923584,
  "mean_iob": 0.4732111692428589,
  "pct_tir_70_180": 73.54166666666667,
  "pct_above_250": 0.0,
  "pct_below_70": 13.333333333333334,
  "pct_shield_active": 0.0,
  "shield_count": 0,
  "total_reward": 400.5589599609375,
  "mean_reward": 0.8344978094100952
}