{
  "timesteps": 2700000,
  "episode_steps": 480,
  "mean_cgm": 121.12915802001953,
  "mean_action": -0.6309661865234375,
  "mean_insulin": 0.024626808241009712,
  "mean_proposed_insulin": 0.024626808241009712,
  "mean_shielded_insulin": 0.024626808241009712,
  "total_insulin": 11.820867538452148,
  "total_proposed_insulin": 11.820867538452148,
  "total_shielded_insulin": 11.820867538452148,
  "mean_iob": 0.49902480840682983,
  "pct_tir_70_180": 77.08333333333334,
  "pct_above_250": 1.875,
  "pct_below_70": 10.416666666666668,
  "pct_shield_active": 0.0,
  "shield_count": 0,
  "total_reward": 402.193603515625,
  "mean_reward": 0.8379033207893372
}