{
  "timesteps": 2200000,
  "episode_steps": 480,
  "mean_cgm": 114.82640075683594,
  "mean_action": -0.6254988312721252,
  "mean_insulin": 0.02317679673433304,
  "mean_proposed_insulin": 0.02317679673433304,
  "mean_shielded_insulin": 0.02317679673433304,
  "total_insulin": 11.124862670898438,
  "total_proposed_insulin": 11.124862670898438,
  "total_shielded_insulin": 11.124862670898438,
  "mean_iob": 0.45430105924606323,
  "pct_tir_70_180": 82.91666666666667,
  "pct_above_250": 0.0,
  "pct_below_70": 7.083333333333333,
  "pct_shield_active": 0.0,
  "shield_count": 0,
  "total_reward": 420.15960693359375,
  "mean_reward": 0.8753325343132019
}