{
  "timesteps": 500000,
  "episode_steps": 480,
  "mean_cgm": 138.38832092285156,
  "mean_action": -0.629521369934082,
  "mean_insulin": 0.022732889279723167,
  "mean_proposed_insulin": 0.022732889279723167,
  "mean_shielded_insulin": 0.022732889279723167,
  "total_insulin": 10.911787033081055,
  "total_proposed_insulin": 10.911787033081055,
  "total_shielded_insulin": 10.911787033081055,
  "mean_iob": 0.4515783190727234,
  "pct_tir_70_180": 64.79166666666667,
  "pct_above_250": 8.75,
  "pct_below_70": 14.583333333333334,
  "pct_shield_active": 0.0,
  "shield_count": 0,
  "total_reward": 372.8583984375,
  "mean_reward": 0.7767883539199829
}