{
  "timesteps": 1600000,
  "episode_steps": 480,
  "mean_cgm": 114.27898406982422,
  "mean_action": -0.6151890158653259,
  "mean_insulin": 0.022186418995261192,
  "mean_proposed_insulin": 0.022186418995261192,
  "mean_shielded_insulin": 0.022186418995261192,
  "total_insulin": 10.649480819702148,
  "total_proposed_insulin": 10.649480819702148,
  "total_shielded_insulin": 10.649480819702148,
  "mean_iob": 0.44262415170669556,
  "pct_tir_70_180": 76.25,
  "pct_above_250": 0.0,
  "pct_below_70": 12.291666666666666,
  "pct_shield_active": 0.0,
  "shield_count": 0,
  "total_reward": 408.9935607910156,
  "mean_reward": 0.8520699143409729
}