{
  "timesteps": 800000,
  "episode_steps": 480,
  "mean_cgm": 119.8947525024414,
  "mean_action": -0.5955213904380798,
  "mean_insulin": 0.024547405540943146,
  "mean_proposed_insulin": 0.024547405540943146,
  "mean_shielded_insulin": 0.024547405540943146,
  "total_insulin": 11.782754898071289,
  "total_proposed_insulin": 11.782754898071289,
  "total_shielded_insulin": 11.782754898071289,
  "mean_iob": 0.4914316236972809,
  "pct_tir_70_180": 78.33333333333333,
  "pct_above_250": 2.5,
  "pct_below_70": 10.416666666666668,
  "pct_shield_active": 0.0,
  "shield_count": 0,
  "total_reward": 411.66217041015625,
  "mean_reward": 0.8576295375823975
}