{
  "timesteps": 3900000,
  "episode_steps": 480,
  "mean_cgm": 116.51297760009766,
  "mean_action": -0.5945197939872742,
  "mean_insulin": 0.02565642260015011,
  "mean_proposed_insulin": 0.02565642260015011,
  "mean_shielded_insulin": 0.02565642260015011,
  "total_insulin": 12.315082550048828,
  "total_proposed_insulin": 12.315082550048828,
  "total_shielded_insulin": 12.315082550048828,
  "mean_iob": 0.5150637030601501,
  "pct_tir_70_180": 80.83333333333333,
  "pct_above_250": 0.0,
  "pct_below_70": 8.75,
  "pct_shield_active": 0.0,
  "shield_count": 0,
  "total_reward": 418.3571472167969,
  "mean_reward": 0.8715773820877075
}