{
  "timesteps": 2800000,
  "episode_steps": 480,
  "mean_cgm": 126.83305358886719,
  "mean_action": -0.9741544127464294,
  "mean_insulin": 0.04371506720781326,
  "mean_proposed_insulin": 0.04371506720781326,
  "mean_shielded_insulin": 0.04371506720781326,
  "total_insulin": 20.983232498168945,
  "total_proposed_insulin": 20.983232498168945,
  "total_shielded_insulin": 20.983232498168945,
  "mean_iob": 0.8486794829368591,
  "pct_tir_70_180": 95.0,
  "pct_above_250": 0.0,
  "pct_below_70": 0.0,
  "pct_shield_active": 0.0,
  "shield_count": 0,
  "total_reward": 456.8343505859375,
  "mean_reward": 0.9517382383346558
}