{
  "timesteps": 700000,
  "episode_steps": 480,
  "mean_cgm": 141.4228515625,
  "mean_action": -0.8974303007125854,
  "mean_insulin": 0.041833359748125076,
  "mean_proposed_insulin": 0.041833359748125076,
  "mean_shielded_insulin": 0.041833359748125076,
  "total_insulin": 20.080013275146484,
  "total_proposed_insulin": 20.080013275146484,
  "total_shielded_insulin": 20.080013275146484,
  "mean_iob": 0.8036767244338989,
  "pct_tir_70_180": 78.125,
  "pct_above_250": 0.0,
  "pct_below_70": 0.0,
  "pct_shield_active": 0.0,
  "shield_count": 0,
  "total_reward": 410.14202880859375,
  "mean_reward": 0.8544625639915466
}