{
  "timesteps": 800000,
  "episode_steps": 480,
  "mean_cgm": 158.6061248779297,
  "mean_action": -0.701216459274292,
  "mean_insulin": 0.032961610704660416,
  "mean_proposed_insulin": 0.032961610704660416,
  "mean_shielded_insulin": 0.032961610704660416,
  "total_insulin": 15.821573257446289,
  "total_proposed_insulin": 15.821573257446289,
  "total_shielded_insulin": 15.821573257446289,
  "mean_iob": 0.636759877204895,
  "pct_tir_70_180": 67.91666666666667,
  "pct_above_250": 0.0,
  "pct_below_70": 0.0,
  "pct_shield_active": 0.0,
  "shield_count": 0,
  "total_reward": 385.56365966796875,
  "mean_reward": 0.8032576441764832
}