{
  "timesteps": 3400000,
  "episode_steps": 462,
  "mean_cgm": 126.88876342773438,
  "mean_action": -0.9778968095779419,
  "mean_insulin": 0.0430171824991703,
  "mean_proposed_insulin": 0.0430171824991703,
  "mean_shielded_insulin": 0.0430171824991703,
  "total_insulin": 19.873937606811523,
  "total_proposed_insulin": 19.873937606811523,
  "total_shielded_insulin": 19.873937606811523,
  "mean_iob": 0.844270646572113,
  "pct_tir_70_180": 91.12554112554112,
  "pct_above_250": 0.0,
  "pct_below_70": 1.0822510822510822,
  "pct_shield_active": 0.0,
  "shield_count": 0,
  "total_reward": 430.0805358886719,
  "mean_reward": 0.9309102296829224
}