{
  "timesteps": 3000000,
  "episode_steps": 480,
  "mean_cgm": 116.30622100830078,
  "mean_action": -0.972739040851593,
  "mean_insulin": 0.044049859046936035,
  "mean_proposed_insulin": 0.044049859046936035,
  "mean_shielded_insulin": 0.044049859046936035,
  "total_insulin": 21.143932342529297,
  "total_proposed_insulin": 21.143932342529297,
  "total_shielded_insulin": 21.143932342529297,
  "mean_iob": 0.8605808019638062,
  "pct_tir_70_180": 77.29166666666667,
  "pct_above_250": 0.0,
  "pct_below_70": 16.875,
  "pct_shield_active": 0.0,
  "shield_count": 0,
  "total_reward": 408.91912841796875,
  "mean_reward": 0.8519148230552673
}