{
  "timesteps": 300000,
  "episode_steps": 210,
  "mean_cgm": 220.56625366210938,
  "mean_action": -0.996942400932312,
  "mean_insulin": 0.0017735103610903025,
  "mean_proposed_insulin": 0.0017735103610903025,
  "mean_shielded_insulin": 0.0017735103610903025,
  "total_insulin": 0.37243717908859253,
  "total_proposed_insulin": 0.37243717908859253,
  "total_shielded_insulin": 0.37243717908859253,
  "mean_iob": 0.10819642245769501,
  "pct_tir_70_180": 33.33333333333333,
  "pct_above_250": 24.285714285714285,
  "pct_below_70": 0.0,
  "pct_shield_active": 0.0,
  "shield_count": 0,
  "total_reward": 120.83131408691406,
  "mean_reward": 0.5753872394561768
}