{
  "timesteps": 3500000,
  "episode_steps": 168,
  "mean_cgm": 120.61947631835938,
  "mean_action": -0.942132830619812,
  "mean_insulin": 0.04358421638607979,
  "mean_proposed_insulin": 0.04358421638607979,
  "mean_shielded_insulin": 0.04358421638607979,
  "total_insulin": 7.322148323059082,
  "total_proposed_insulin": 7.322148323059082,
  "total_shielded_insulin": 7.322148323059082,
  "mean_iob": 0.8496248126029968,
  "pct_tir_70_180": 86.90476190476191,
  "pct_above_250": 0.0,
  "pct_below_70": 13.095238095238097,
  "pct_shield_active": 0.0,
  "shield_count": 0,
  "total_reward": 151.50173950195312,
  "mean_reward": 0.9017960429191589
}