{
  "timesteps": 1600000,
  "episode_steps": 480,
  "mean_cgm": 142.4794464111328,
  "mean_action": -0.7939938306808472,
  "mean_insulin": 0.03751937672495842,
  "mean_proposed_insulin": 0.03751937672495842,
  "mean_shielded_insulin": 0.03751937672495842,
  "total_insulin": 18.009300231933594,
  "total_proposed_insulin": 18.009300231933594,
  "total_shielded_insulin": 18.009300231933594,
  "mean_iob": 0.7161107659339905,
  "pct_tir_70_180": 79.79166666666667,
  "pct_above_250": 0.0,
  "pct_below_70": 0.0,
  "pct_shield_active": 0.0,
  "shield_count": 0,
  "total_reward": 416.17388916015625,
  "mean_reward": 0.8670289516448975
}