{
  "timesteps": 900000,
  "episode_steps": 480,
  "mean_cgm": 142.8069305419922,
  "mean_action": -0.9608364105224609,
  "mean_insulin": 0.030418487265706062,
  "mean_proposed_insulin": 0.030418487265706062,
  "mean_shielded_insulin": 0.030418487265706062,
  "total_insulin": 14.600873947143555,
  "total_proposed_insulin": 14.600873947143555,
  "total_shielded_insulin": 14.600873947143555,
  "mean_iob": 0.6055593490600586,
  "pct_tir_70_180": 74.58333333333333,
  "pct_above_250": 0.0,
  "pct_below_70": 4.791666666666667,
  "pct_shield_active": 0.0,
  "shield_count": 0,
  "total_reward": 399.5580749511719,
  "mean_reward": 0.8324126601219177
}