{
  "timesteps": 1200000,
  "episode_steps": 480,
  "mean_cgm": 142.60592651367188,
  "mean_action": -0.8471391201019287,
  "mean_insulin": 0.04187123104929924,
  "mean_proposed_insulin": 0.04187123104929924,
  "mean_shielded_insulin": 0.04187123104929924,
  "total_insulin": 20.098190307617188,
  "total_proposed_insulin": 20.098190307617188,
  "total_shielded_insulin": 20.098190307617188,
  "mean_iob": 0.8173092007637024,
  "pct_tir_70_180": 78.125,
  "pct_above_250": 0.0,
  "pct_below_70": 0.8333333333333334,
  "pct_shield_active": 0.0,
  "shield_count": 0,
  "total_reward": 412.2403564453125,
  "mean_reward": 0.8588340878486633
}