{
  "timesteps": 1700000,
  "episode_steps": 480,
  "mean_cgm": 136.0937042236328,
  "mean_action": -0.9182971119880676,
  "mean_insulin": 0.045921605080366135,
  "mean_proposed_insulin": 0.045921605080366135,
  "mean_shielded_insulin": 0.045921605080366135,
  "total_insulin": 22.042369842529297,
  "total_proposed_insulin": 22.042369842529297,
  "total_shielded_insulin": 22.042369842529297,
  "mean_iob": 0.8866655230522156,
  "pct_tir_70_180": 81.66666666666667,
  "pct_above_250": 0.0,
  "pct_below_70": 3.3333333333333335,
  "pct_shield_active": 0.0,
  "shield_count": 0,
  "total_reward": 421.4443664550781,
  "mean_reward": 0.8780090808868408
}