{
  "timesteps": 3800000,
  "episode_steps": 480,
  "mean_cgm": 127.83369445800781,
  "mean_action": -0.9706541895866394,
  "mean_insulin": 0.04431150481104851,
  "mean_proposed_insulin": 0.04431150481104851,
  "mean_shielded_insulin": 0.04431150481104851,
  "total_insulin": 21.269521713256836,
  "total_proposed_insulin": 21.269521713256836,
  "total_shielded_insulin": 21.269521713256836,
  "mean_iob": 0.8579597473144531,
  "pct_tir_70_180": 79.58333333333333,
  "pct_above_250": 0.0,
  "pct_below_70": 8.75,
  "pct_shield_active": 0.0,
  "shield_count": 0,
  "total_reward": 415.576171875,
  "mean_reward": 0.86578369140625
}