{
  "timesteps": 600000,
  "episode_steps": 480,
  "mean_cgm": 170.29495239257812,
  "mean_action": -0.7022926211357117,
  "mean_insulin": 0.03803952410817146,
  "mean_proposed_insulin": 0.03803952410817146,
  "mean_shielded_insulin": 0.03803952410817146,
  "total_insulin": 18.25897216796875,
  "total_proposed_insulin": 18.25897216796875,
  "total_shielded_insulin": 18.25897216796875,
  "mean_iob": 0.724014163017273,
  "pct_tir_70_180": 62.5,
  "pct_above_250": 0.0,
  "pct_below_70": 0.0,
  "pct_shield_active": 0.0,
  "shield_count": 0,
  "total_reward": 367.10955810546875,
  "mean_reward": 0.7648115754127502
}