{
  "timesteps": 4000000,
  "episode_steps": 480,
  "mean_cgm": 140.59234619140625,
  "mean_action": -0.9748716950416565,
  "mean_insulin": 0.03945348039269447,
  "mean_proposed_insulin": 0.03945348039269447,
  "mean_shielded_insulin": 0.03945348039269447,
  "total_insulin": 18.93766975402832,
  "total_proposed_insulin": 18.93766975402832,
  "total_shielded_insulin": 18.93766975402832,
  "mean_iob": 0.7674552202224731,
  "pct_tir_70_180": 87.91666666666667,
  "pct_above_250": 0.0,
  "pct_below_70": 0.0,
  "pct_shield_active": 0.0,
  "shield_count": 0,
  "total_reward": 436.99896240234375,
  "mean_reward": 0.9104145169258118
}