{
  "timesteps": 500000,
  "episode_steps": 246,
  "mean_cgm": 246.0118408203125,
  "mean_action": -1.0,
  "mean_insulin": 0.0016773134702816606,
  "mean_proposed_insulin": 0.0016773134702816606,
  "mean_shielded_insulin": 0.0016773134702816606,
  "total_insulin": 0.41261911392211914,
  "total_proposed_insulin": 0.41261911392211914,
  "total_shielded_insulin": 0.41261911392211914,
  "mean_iob": 0.08410072326660156,
  "pct_tir_70_180": 45.9349593495935,
  "pct_above_250": 45.52845528455284,
  "pct_below_70": 0.0,
  "pct_shield_active": 0.0,
  "shield_count": 0,
  "total_reward": 149.3975830078125,
  "mean_reward": 0.6073072552680969
}