{
  "timesteps": 200000,
  "episode_steps": 201,
  "mean_cgm": 212.3994140625,
  "mean_action": -0.994929850101471,
  "mean_insulin": 0.0021607703529298306,
  "mean_proposed_insulin": 0.0021607703529298306,
  "mean_shielded_insulin": 0.0021607703529298306,
  "total_insulin": 0.4343148469924927,
  "total_proposed_insulin": 0.4343148469924927,
  "total_shielded_insulin": 0.4343148469924927,
  "mean_iob": 0.09671676903963089,
  "pct_tir_70_180": 49.75124378109453,
  "pct_above_250": 24.875621890547265,
  "pct_below_70": 0.0,
  "pct_shield_active": 0.0,
  "shield_count": 0,
  "total_reward": 132.8035888671875,
  "mean_reward": 0.6607143878936768
}