{
  "timesteps": 2500000,
  "episode_steps": 480,
  "mean_cgm": 136.2635040283203,
  "mean_action": -0.9657605886459351,
  "mean_insulin": 0.04356366768479347,
  "mean_proposed_insulin": 0.04356366768479347,
  "mean_shielded_insulin": 0.04356366768479347,
  "total_insulin": 20.910560607910156,
  "total_proposed_insulin": 20.910560607910156,
  "total_shielded_insulin": 20.910560607910156,
  "mean_iob": 0.8437157273292542,
  "pct_tir_70_180": 81.66666666666667,
  "pct_above_250": 0.0,
  "pct_below_70": 4.375,
  "pct_shield_active": 0.0,
  "shield_count": 0,
  "total_reward": 419.92608642578125,
  "mean_reward": 0.8748460412025452
}