{
  "timesteps": 3100000,
  "episode_steps": 480,
  "mean_cgm": 129.63619995117188,
  "mean_action": -0.9741051197052002,
  "mean_insulin": 0.04914534091949463,
  "mean_proposed_insulin": 0.04914534091949463,
  "mean_shielded_insulin": 0.04914534091949463,
  "total_insulin": 23.589763641357422,
  "total_proposed_insulin": 23.589763641357422,
  "total_shielded_insulin": 23.589763641357422,
  "mean_iob": 0.9383171200752258,
  "pct_tir_70_180": 80.83333333333333,
  "pct_above_250": 0.0,
  "pct_below_70": 9.375,
  "pct_shield_active": 0.0,
  "shield_count": 0,
  "total_reward": 420.3818664550781,
  "mean_reward": 0.8757955431938171
}