{
  "timesteps": 2600000,
  "episode_steps": 480,
  "mean_cgm": 152.15200805664062,
  "mean_action": -0.9644955992698669,
  "mean_insulin": 0.039321448653936386,
  "mean_proposed_insulin": 0.039321448653936386,
  "mean_shielded_insulin": 0.039321448653936386,
  "total_insulin": 18.874296188354492,
  "total_proposed_insulin": 18.874296188354492,
  "total_shielded_insulin": 18.874296188354492,
  "mean_iob": 0.7664945125579834,
  "pct_tir_70_180": 78.33333333333333,
  "pct_above_250": 0.0,
  "pct_below_70": 0.0,
  "pct_shield_active": 0.0,
  "shield_count": 0,
  "total_reward": 410.6195068359375,
  "mean_reward": 0.8554573059082031
}