{
  "timesteps": 1000000,
  "episode_steps": 480,
  "mean_cgm": 142.11949157714844,
  "mean_action": -0.9231751561164856,
  "mean_insulin": 0.039571844041347504,
  "mean_proposed_insulin": 0.039571844041347504,
  "mean_shielded_insulin": 0.039571844041347504,
  "total_insulin": 18.99448585510254,
  "total_proposed_insulin": 18.99448585510254,
  "total_shielded_insulin": 18.99448585510254,
  "mean_iob": 0.7702659964561462,
  "pct_tir_70_180": 74.58333333333333,
  "pct_above_250": 0.0,
  "pct_below_70": 6.041666666666667,
  "pct_shield_active": 0.0,
  "shield_count": 0,
  "total_reward": 401.77923583984375,
  "mean_reward": 0.8370400667190552
}