{
  "timesteps": 2100000,
  "episode_steps": 480,
  "mean_cgm": 134.90370178222656,
  "mean_action": -0.9591262936592102,
  "mean_insulin": 0.040301259607076645,
  "mean_proposed_insulin": 0.040301259607076645,
  "mean_shielded_insulin": 0.040301259607076645,
  "total_insulin": 19.3446044921875,
  "total_proposed_insulin": 19.3446044921875,
  "total_shielded_insulin": 19.3446044921875,
  "mean_iob": 0.7789105176925659,
  "pct_tir_70_180": 98.95833333333334,
  "pct_above_250": 0.0,
  "pct_below_70": 1.0416666666666665,
  "pct_shield_active": 0.0,
  "shield_count": 0,
  "total_reward": 465.8407897949219,
  "mean_reward": 0.9705016613006592
}