{
  "timesteps": 1300000,
  "episode_steps": 480,
  "mean_cgm": 137.00405883789062,
  "mean_action": -0.7886338829994202,
  "mean_insulin": 0.038180042058229446,
  "mean_proposed_insulin": 0.038180042058229446,
  "mean_shielded_insulin": 0.038180042058229446,
  "total_insulin": 18.326419830322266,
  "total_proposed_insulin": 18.326419830322266,
  "total_shielded_insulin": 18.326419830322266,
  "mean_iob": 0.73899245262146,
  "pct_tir_70_180": 84.79166666666667,
  "pct_above_250": 0.0,
  "pct_below_70": 0.0,
  "pct_shield_active": 0.0,
  "shield_count": 0,
  "total_reward": 431.1644287109375,
  "mean_reward": 0.8982592225074768
}