episode,70<=BG<=180,BG>180,BG<70,BG>250,BG<50,LBGI,HBGI,Risk Index
0,63.20166320166321,27.85862785862786,8.93970893970894,11.226611226611228,3.5343035343035343,2.8919273375958277,6.362588831393128,9.254516168988955
