Complexity,Loss,Equation
1,0.017537495,"x26"
3,0.017444124,"x26 + 0.009662562"
5,0.01600113,"x26 + (x17 * -0.08337114)"
7,0.015454334,"x26 + ((x17 + x8) * -0.08944068)"
9,0.015279586,"(x26 * 1.0305843) + ((x18 + x8) * -0.08944068)"
11,0.015179673,"(((x8 + x18) * -0.089552216) + (x26 * 1.0310478)) - -0.009997761"
