Complexity,Loss,Equation
1,0.025592769,"x26"
3,0.024930649,"x26 / 1.056021"
5,0.023730934,"x26 + (x8 * -0.15797992)"
7,0.022910656,"x26 - (0.08632618 * (x17 + x8))"
9,0.021816881,"x26 + (((x2 + x16) * -0.1557349) - -0.14071202)"
13,0.013000465,"(((0.24280639 / x2) + x26) / ((x2 + 0.16355175) / x2)) - 0.225103"
15,0.012999165,"((x26 + (0.24287601 / x2)) / ((x2 + 0.16456756) / x2)) - (0.22438596 - x3)"
