Complexity,Loss,Equation
1,0.024574067,"x26"
3,0.024416285,"x26 + 0.012540693"
5,0.021152005,"(0.023269562 / x2) + x26"
7,0.015381469,"x26 + (0.003293039 / (x2 + -0.10663095))"
