Complexity,Loss,Equation
1,0.2823611,"0.011065622"
3,0.27950647,"x0 * x0"
5,0.27720964,"(x0 - x2) * x0"
7,0.27651697,"(x0 - x2) * (x3 + x0)"
9,0.2726524,"((x0 * -0.518282) / (-1.0211484 + x3)) * x0"
11,0.26720074,"((x0 / ((x3 - x2) + -1.0211484)) * x0) / -0.8676666"
13,0.18894298,"((x1 - x4) / ((x0 + (x1 * 0.716343)) + -0.8599819)) * -0.0331176"
