Complexity,Loss,Equation
1,0.20592104,"x3"
3,0.20186064,"x3 + x2"
5,0.17690443,"(x3 * x0) * -26.453245"
7,0.103541754,"x3 * ((x0 * -169.81224) + -8.843697)"
9,0.100540526,"(x3 * ((x0 * -169.81224) + -8.843697)) + x2"
11,0.09713674,"(((0.048156776 + x0) * -165.33641) * x3) - (x2 * -5.203752)"
