episode,70<=BG<=180,BG>180,BG<70,BG>250,BG<50,LBGI,HBGI,Risk Index
0,41.37214137214137,38.66943866943867,19.95841995841996,4.158004158004158,8.523908523908524,4.855690623063716,7.105407579273149,11.961098202336865
1,43.65904365904366,46.36174636174636,9.97920997920998,30.97713097713098,4.5738045738045745,2.2663408160053478,13.571382073315867,15.837722889321215
2,38.04573804573805,61.95426195426196,0.0,37.00623700623701,0.0,0.2810142395462715,17.94611472831375,18.227128967860022
3,62.57796257796257,36.590436590436596,0.8316008316008316,14.345114345114347,0.0,0.6718256204774807,8.63827469932808,9.310100319805562
4,38.46153846153847,59.25155925155925,2.2869022869022873,31.80873180873181,0.0,0.5148397293711304,15.818402849318234,16.33324257868936
5,48.024948024948024,43.03534303534304,8.93970893970894,30.353430353430355,3.7422037422037424,2.2189971776148742,13.201571531031647,15.420568708646522
6,36.17463617463618,59.87525987525988,3.9501039501039505,37.42203742203743,0.0,0.6159371351531179,17.767769710679698,18.383706845832815
7,63.409563409563404,36.590436590436596,0.0,24.94802494802495,0.0,0.3296318275290407,12.183686424898108,12.513318252427153
8,57.58835758835759,36.590436590436596,5.8212058212058215,18.503118503118504,0.8316008316008316,1.2942435061053204,10.800604189105856,12.094847695211174
