{
  "best_value": 402.1797790527344,
  "best_trial_number": 0,
  "best_params": {
    "n_steps": 480,
    "batch_size": 60,
    "net_arch": "128,128",
    "ent_coef": 0.02,
    "n_epochs": 20,
    "learning_rate": 0.003305339890866765,
    "gamma": 0.9817047066848911,
    "gae_lambda": 0.8709383916135786,
    "clip_range": 0.22454732657148824,
    "vf_coef": 0.2526562751024645,
    "max_grad_norm": 0.8233642278949378
  },
  "best_user_attrs": {
    "best_mean_reward": 402.1797790527344
  }
}