{
  "vf_coef": 0.2409970440365001,
  "learning_rate": 0.2119797257369376,
  "gamma": 0.18010167197970942,
  "net_arch": 0.10380076502440926,
  "gae_lambda": 0.08378613959307396,
  "ent_coef": 0.04483829347503897,
  "batch_size": 0.039685335851452265,
  "n_epochs": 0.037413493682680425,
  "n_steps": 0.03488414779320956,
  "clip_range": 0.020147107579957264,
  "max_grad_norm": 0.0023662752470312
}