Complexity,Loss,Equation
1,0.022426601,"x26"
3,0.022130797,"x26 / 1.0375959"
5,0.02096484,"x26 + (x8 * -0.14459166)"
7,0.020529773,"(x8 * -0.17307945) + (x26 - -0.022177866)"
9,0.019116256,"x26 + ((x2 + (x19 + -0.935778)) * -0.15439945)"
11,0.018947337,"x26 + ((((x2 + -0.94063646) * 1.2046322) + x19) * -0.15466909)"
13,0.018880947,"(x26 + ((((x2 + -0.94063646) * 1.2046322) + x19) * -0.15466909)) * 0.974954"
15,0.017087594,"(x26 + ((((x2 + -0.94063646) * 1.2046322) + x19) * -0.15466909)) + (x8 * -0.14459166)"
