Complexity,Loss,Equation
1,0.046192117,"x26"
3,0.045688108,"x26 * 0.956052"
5,0.043991655,"x26 - (0.09411427 * x19)"
7,0.04018753,"(x2 * -0.23575634) + (x26 + 0.23775916)"
9,0.03920738,"(x2 * -0.23575634) + ((x26 + 0.23775916) * 0.98450696)"
