Complexity,Loss,Equation
1,0.03363051,"x26"
3,0.033307362,"x26 * 0.9713478"
5,0.03133934,"x26 + (x8 * -0.12989092)"
7,0.012146546,"(-0.000103737664 / (-0.000103737664 - x8)) + x26"
9,0.011822907,"(-0.000103737664 / (-0.000103737664 - x8)) + (x26 / 1.0296592)"
11,0.011221675,"(3.818457e-5 / ((x26 * 0.0009481456) - (x25 - 3.8432707e-5))) + x26"
13,0.010895078,"(3.818457e-5 / ((x26 * 0.0009481456) - (x25 - 3.8432707e-5))) + (x26 / 1.0227675)"
15,0.010767731,"((3.818457e-5 / ((x26 * 0.0009481456) - (x25 - 3.8432707e-5))) + (x26 / 1.0227675)) - 0.008849861"
17,0.0107615525,"((3.818457e-5 / ((x26 * 0.0009481456) - (x25 - 3.8432707e-5))) + (x26 / 1.0227675)) - (0.008849861 * 1.4512198)"
