Complexity,Loss,Equation
1,0.08532748,"x26"
3,0.07524352,"x26 * 0.8349034"
5,0.07129041,"x26 - (x19 * 0.17899266)"
7,0.06253434,"(0.015157609 / x2) + (x26 * 0.82242817)"
9,0.051817905,"((x26 + (x2 - 1.0081978)) * -0.3436954) + x26"
11,0.046848487,"(((x26 + (x2 - 0.9847319)) * -0.4358096) + x26) / 0.84157413"
15,0.040049005,"x26 + (((x2 - 1.7220857) + (x26 - (-1.216905 * (x8 + 0.5182131)))) * -0.4716568)"
17,0.03297529,"(x26 + (((x2 - 1.7220857) + (x26 - (-1.216905 * (x8 + 0.5182131)))) * -0.4716568)) / 0.7482837"
