episode,70<=BG<=180,BG>180,BG<70,BG>250,BG<50,LBGI,HBGI,Risk Index
0,46.56964656964657,37.00623700623701,16.424116424116423,22.66112266112266,0.0,2.782976842379552,11.575667168291176,14.358644010670725
