Complexity,Loss,Equation
1,0.4317666,"0.072209895"
3,0.38931698,"x25 * 0.02297007"
5,0.3452103,"(x25 - x16) * 0.021391483"
7,0.32806394,"((x25 - x16) - x12) * 0.016675366"
9,0.31947464,"(((x25 - x16) - x12) * 0.016675366) - -0.083409846"
