Complexity,Loss,Equation
1,0.05890289,"x26"
3,0.054029744,"x26 / 1.1379229"
5,0.05185064,"(x22 * -0.1348327) + x26"
7,0.049566977,"(x26 + (x8 * -0.25871688)) * 0.87439436"
9,0.043570507,"(x26 - ((x2 * 0.43806148) + -0.41470724)) * 0.67285943"
11,0.040086716,"x26 - (((x2 * 0.43806148) - (x26 * -0.31202716)) + -0.41470724)"
19,0.030976057,"((x21 - ((-0.21813019 / x2) + (x26 + x8))) * 0.37377903) + ((x21 * -0.27046552) + (x26 + -0.101877965))"
