policy,mean_reward,std_reward
teacher,297.0435739,1.836300231453308
student_best,232.8736673,1.505089424550188
