Complexity,Loss,Equation
1,0.027416622,"x26"
3,0.026811033,"x26 / 1.0579526"
5,0.02594146,"(x17 * -0.087168574) + x26"
7,0.025714403,"(x8 * -0.13243271) + (x26 / 1.059229)"
9,0.023840746,"(x2 * -0.2559947) + ((x26 / 1.1861993) + 0.2488805)"
13,0.0187362,"(((((x8 + 1.2703767) * -0.8552058) * x2) + x26) / 1.7196267) + 0.6127042"
15,0.01804827,"(((((x8 / 0.82814527) + 1.2703767) * (-0.8552058 * x2)) + x26) / 1.7196267) + 0.6127042"
17,0.017465878,"((((((x8 / 0.82814527) + 1.2703767) * (-0.8552058 * x2)) + x26) / 1.7196267) + 0.6127042) + 0.01511172"
