Complexity,Loss,Equation
1,0.030343799,"x26"
3,0.02950666,"x26 / 1.0589597"
5,0.026601152,"x26 + (x18 * -0.12787968)"
6,0.026290065,"x26 + (sin(x18) * -0.14746161)"
7,0.02544736,"((x19 + x8) * -0.11766517) + x26"
8,0.023551466,"sin((x26 - (x2 * 0.46452078)) + 0.49357453)"
10,0.023267513,"sin((0.49357453 + (x26 - (x2 * 0.46452078))) * 0.981037)"
