{
  "timesteps": 3000000,
  "episode_steps": 480,
  "mean_cgm": 134.0985565185547,
  "mean_action": -0.6969009041786194,
  "mean_insulin": 0.04886828735470772,
  "mean_proposed_insulin": 0.04886828735470772,
  "mean_shielded_insulin": 0.04886828735470772,
  "total_insulin": 23.456777572631836,
  "total_proposed_insulin": 23.456777572631836,
  "total_shielded_insulin": 23.456777572631836,
  "mean_iob": 0.9181067943572998,
  "pct_tir_70_180": 100.0,
  "pct_above_250": 0.0,
  "pct_below_70": 0.0,
  "pct_shield_active": 0.0,
  "shield_count": 0,
  "total_reward": 468.52203369140625,
  "mean_reward": 0.9760875701904297
}