{
  "timesteps": 1700000,
  "episode_steps": 480,
  "mean_cgm": 143.00306701660156,
  "mean_action": -0.693389892578125,
  "mean_insulin": 0.05681699141860008,
  "mean_proposed_insulin": 0.05681699141860008,
  "mean_shielded_insulin": 0.05681699141860008,
  "total_insulin": 27.27215576171875,
  "total_proposed_insulin": 27.27215576171875,
  "total_shielded_insulin": 27.27215576171875,
  "mean_iob": 1.0823500156402588,
  "pct_tir_70_180": 80.625,
  "pct_above_250": 0.0,
  "pct_below_70": 1.0416666666666665,
  "pct_shield_active": 0.0,
  "shield_count": 0,
  "total_reward": 417.30120849609375,
  "mean_reward": 0.8693774938583374
}