{
  "timesteps": 1500000,
  "episode_steps": 474,
  "mean_cgm": 144.6607666015625,
  "mean_action": -0.8295549750328064,
  "mean_insulin": 0.05366179719567299,
  "mean_proposed_insulin": 0.05366179719567299,
  "mean_shielded_insulin": 0.05366179719567299,
  "total_insulin": 25.435691833496094,
  "total_proposed_insulin": 25.435691833496094,
  "total_shielded_insulin": 25.435691833496094,
  "mean_iob": 1.028564453125,
  "pct_tir_70_180": 81.22362869198312,
  "pct_above_250": 0.0,
  "pct_below_70": 1.6877637130801686,
  "pct_shield_active": 0.0,
  "shield_count": 0,
  "total_reward": 410.99371337890625,
  "mean_reward": 0.8670753240585327
}