{
  "timesteps": 3500000,
  "episode_steps": 379,
  "mean_cgm": 138.03224182128906,
  "mean_action": -0.73946613073349,
  "mean_insulin": 0.05066122114658356,
  "mean_proposed_insulin": 0.05066122114658356,
  "mean_shielded_insulin": 0.05066122114658356,
  "total_insulin": 19.200603485107422,
  "total_proposed_insulin": 19.200603485107422,
  "total_shielded_insulin": 19.200603485107422,
  "mean_iob": 0.9890077114105225,
  "pct_tir_70_180": 91.02902374670184,
  "pct_above_250": 0.0,
  "pct_below_70": 3.95778364116095,
  "pct_shield_active": 0.0,
  "shield_count": 0,
  "total_reward": 349.58367919921875,
  "mean_reward": 0.9223843812942505
}