{
  "timesteps": 1200000,
  "episode_steps": 480,
  "mean_cgm": 158.52728271484375,
  "mean_action": -0.8451248407363892,
  "mean_insulin": 0.050015583634376526,
  "mean_proposed_insulin": 0.050015583634376526,
  "mean_shielded_insulin": 0.050015583634376526,
  "total_insulin": 24.00748062133789,
  "total_proposed_insulin": 24.00748062133789,
  "total_shielded_insulin": 24.00748062133789,
  "mean_iob": 0.88960862159729,
  "pct_tir_70_180": 78.125,
  "pct_above_250": 0.0,
  "pct_below_70": 0.0,
  "pct_shield_active": 0.0,
  "shield_count": 0,
  "total_reward": 409.0991516113281,
  "mean_reward": 0.8522899150848389
}