{
  "timesteps": 2700000,
  "episode_steps": 480,
  "mean_cgm": 141.60679626464844,
  "mean_action": -0.7556630373001099,
  "mean_insulin": 0.0483536571264267,
  "mean_proposed_insulin": 0.0483536571264267,
  "mean_shielded_insulin": 0.0483536571264267,
  "total_insulin": 23.209754943847656,
  "total_proposed_insulin": 23.209754943847656,
  "total_shielded_insulin": 23.209754943847656,
  "mean_iob": 0.9202835559844971,
  "pct_tir_70_180": 86.66666666666667,
  "pct_above_250": 0.0,
  "pct_below_70": 1.25,
  "pct_shield_active": 0.0,
  "shield_count": 0,
  "total_reward": 434.6151123046875,
  "mean_reward": 0.9054481387138367
}