{
  "timesteps": 1800000,
  "episode_steps": 480,
  "mean_cgm": 130.09237670898438,
  "mean_action": -0.9151796698570251,
  "mean_insulin": 0.061861567199230194,
  "mean_proposed_insulin": 0.061861567199230194,
  "mean_shielded_insulin": 0.061861567199230194,
  "total_insulin": 29.693552017211914,
  "total_proposed_insulin": 29.693552017211914,
  "total_shielded_insulin": 29.693552017211914,
  "mean_iob": 1.1760013103485107,
  "pct_tir_70_180": 71.66666666666667,
  "pct_above_250": 0.0,
  "pct_below_70": 15.416666666666668,
  "pct_shield_active": 0.0,
  "shield_count": 0,
  "total_reward": 392.8897705078125,
  "mean_reward": 0.8185203671455383
}