{
  "timesteps": 3700000,
  "episode_steps": 480,
  "mean_cgm": 140.95187377929688,
  "mean_action": -0.7541899085044861,
  "mean_insulin": 0.05426761135458946,
  "mean_proposed_insulin": 0.05426761135458946,
  "mean_shielded_insulin": 0.05426761135458946,
  "total_insulin": 26.04845428466797,
  "total_proposed_insulin": 26.04845428466797,
  "total_shielded_insulin": 26.04845428466797,
  "mean_iob": 1.0415550470352173,
  "pct_tir_70_180": 90.41666666666667,
  "pct_above_250": 0.0,
  "pct_below_70": 0.0,
  "pct_shield_active": 0.0,
  "shield_count": 0,
  "total_reward": 445.17987060546875,
  "mean_reward": 0.9274580478668213
}