{
  "timesteps": 600000,
  "episode_steps": 480,
  "mean_cgm": 191.2208709716797,
  "mean_action": -0.8795174360275269,
  "mean_insulin": 0.03496820852160454,
  "mean_proposed_insulin": 0.03496820852160454,
  "mean_shielded_insulin": 0.03496820852160454,
  "total_insulin": 16.784740447998047,
  "total_proposed_insulin": 16.784740447998047,
  "total_shielded_insulin": 16.784740447998047,
  "mean_iob": 0.6664765477180481,
  "pct_tir_70_180": 42.083333333333336,
  "pct_above_250": 0.8333333333333334,
  "pct_below_70": 0.0,
  "pct_shield_active": 0.0,
  "shield_count": 0,
  "total_reward": 309.35687255859375,
  "mean_reward": 0.6444934606552124
}