{
  "timesteps": 1100000,
  "episode_steps": 480,
  "mean_cgm": 143.46551513671875,
  "mean_action": -0.9057231545448303,
  "mean_insulin": 0.050100602209568024,
  "mean_proposed_insulin": 0.050100602209568024,
  "mean_shielded_insulin": 0.050100602209568024,
  "total_insulin": 24.048288345336914,
  "total_proposed_insulin": 24.048288345336914,
  "total_shielded_insulin": 24.048288345336914,
  "mean_iob": 0.9146842360496521,
  "pct_tir_70_180": 86.875,
  "pct_above_250": 0.0,
  "pct_below_70": 0.0,
  "pct_shield_active": 0.0,
  "shield_count": 0,
  "total_reward": 433.6556701660156,
  "mean_reward": 0.903449296951294
}