{
  "timesteps": 2500000,
  "episode_steps": 480,
  "mean_cgm": 143.52487182617188,
  "mean_action": -0.6512002348899841,
  "mean_insulin": 0.046010855585336685,
  "mean_proposed_insulin": 0.046010855585336685,
  "mean_shielded_insulin": 0.046010855585336685,
  "total_insulin": 22.0852108001709,
  "total_proposed_insulin": 22.0852108001709,
  "total_shielded_insulin": 22.0852108001709,
  "mean_iob": 0.8903239369392395,
  "pct_tir_70_180": 88.33333333333333,
  "pct_above_250": 0.0,
  "pct_below_70": 1.0416666666666665,
  "pct_shield_active": 0.0,
  "shield_count": 0,
  "total_reward": 439.85675048828125,
  "mean_reward": 0.9163682460784912
}