{
  "timesteps": 2400000,
  "episode_steps": 480,
  "mean_cgm": 152.53585815429688,
  "mean_action": -0.6488348841667175,
  "mean_insulin": 0.043846480548381805,
  "mean_proposed_insulin": 0.043846480548381805,
  "mean_shielded_insulin": 0.043846480548381805,
  "total_insulin": 21.046310424804688,
  "total_proposed_insulin": 21.046310424804688,
  "total_shielded_insulin": 21.046310424804688,
  "mean_iob": 0.8166559338569641,
  "pct_tir_70_180": 80.83333333333333,
  "pct_above_250": 0.0,
  "pct_below_70": 0.0,
  "pct_shield_active": 0.0,
  "shield_count": 0,
  "total_reward": 416.3974304199219,
  "mean_reward": 0.8674946427345276
}