{
  "timesteps": 3300000,
  "episode_steps": 384,
  "mean_cgm": 128.33514404296875,
  "mean_action": -0.8444342613220215,
  "mean_insulin": 0.04952647164463997,
  "mean_proposed_insulin": 0.04952647164463997,
  "mean_shielded_insulin": 0.04952647164463997,
  "total_insulin": 19.018165588378906,
  "total_proposed_insulin": 19.018165588378906,
  "total_shielded_insulin": 19.018165588378906,
  "mean_iob": 0.957452118396759,
  "pct_tir_70_180": 91.14583333333334,
  "pct_above_250": 0.0,
  "pct_below_70": 3.6458333333333335,
  "pct_shield_active": 0.0,
  "shield_count": 0,
  "total_reward": 351.8111267089844,
  "mean_reward": 0.9161748290061951
}