{
  "timesteps": 2000000,
  "episode_steps": 480,
  "mean_cgm": 148.65916442871094,
  "mean_action": -0.6345131397247314,
  "mean_insulin": 0.04563158378005028,
  "mean_proposed_insulin": 0.04563158378005028,
  "mean_shielded_insulin": 0.04563158378005028,
  "total_insulin": 21.903160095214844,
  "total_proposed_insulin": 21.903160095214844,
  "total_shielded_insulin": 21.903160095214844,
  "mean_iob": 0.8706141114234924,
  "pct_tir_70_180": 90.20833333333333,
  "pct_above_250": 0.625,
  "pct_below_70": 0.0,
  "pct_shield_active": 0.0,
  "shield_count": 0,
  "total_reward": 440.55712890625,
  "mean_reward": 0.9178273677825928
}