{
  "timesteps": 1300000,
  "episode_steps": 480,
  "mean_cgm": 152.5221405029297,
  "mean_action": -0.7257606983184814,
  "mean_insulin": 0.04784370958805084,
  "mean_proposed_insulin": 0.04784370958805084,
  "mean_shielded_insulin": 0.04784370958805084,
  "total_insulin": 22.964981079101562,
  "total_proposed_insulin": 22.964981079101562,
  "total_shielded_insulin": 22.964981079101562,
  "mean_iob": 0.8731548190116882,
  "pct_tir_70_180": 82.70833333333333,
  "pct_above_250": 0.0,
  "pct_below_70": 0.0,
  "pct_shield_active": 0.0,
  "shield_count": 0,
  "total_reward": 422.856201171875,
  "mean_reward": 0.880950391292572
}