{
  "timesteps": 900000,
  "episode_steps": 480,
  "mean_cgm": 147.98020935058594,
  "mean_action": -0.957073450088501,
  "mean_insulin": 0.04825959727168083,
  "mean_proposed_insulin": 0.04825959727168083,
  "mean_shielded_insulin": 0.04825959727168083,
  "total_insulin": 23.16460609436035,
  "total_proposed_insulin": 23.16460609436035,
  "total_shielded_insulin": 23.16460609436035,
  "mean_iob": 0.8748999238014221,
  "pct_tir_70_180": 82.91666666666667,
  "pct_above_250": 0.0,
  "pct_below_70": 1.875,
  "pct_shield_active": 0.0,
  "shield_count": 0,
  "total_reward": 421.76116943359375,
  "mean_reward": 0.8786690831184387
}