{
  "timesteps": 400000,
  "episode_steps": 480,
  "mean_cgm": 193.56993103027344,
  "mean_action": -0.7263504266738892,
  "mean_insulin": 0.031824249774217606,
  "mean_proposed_insulin": 0.031824249774217606,
  "mean_shielded_insulin": 0.031824249774217606,
  "total_insulin": 15.275639533996582,
  "total_proposed_insulin": 15.275639533996582,
  "total_shielded_insulin": 15.275639533996582,
  "mean_iob": 0.5931714177131653,
  "pct_tir_70_180": 38.333333333333336,
  "pct_above_250": 8.333333333333332,
  "pct_below_70": 0.0,
  "pct_shield_active": 0.0,
  "shield_count": 0,
  "total_reward": 299.91900634765625,
  "mean_reward": 0.6248312592506409
}