{
  "timesteps": 300000,
  "episode_steps": 244,
  "mean_cgm": 228.76724243164062,
  "mean_action": -0.9347428679466248,
  "mean_insulin": 0.00359274516813457,
  "mean_proposed_insulin": 0.00359274516813457,
  "mean_shielded_insulin": 0.00359274516813457,
  "total_insulin": 0.8766298294067383,
  "total_proposed_insulin": 0.8766298294067383,
  "total_shielded_insulin": 0.8766298294067383,
  "mean_iob": 0.10651879012584686,
  "pct_tir_70_180": 45.08196721311475,
  "pct_above_250": 39.75409836065574,
  "pct_below_70": 0.0,
  "pct_shield_active": 0.0,
  "shield_count": 0,
  "total_reward": 151.35577392578125,
  "mean_reward": 0.6203105449676514
}