{
  "timesteps": 3200000,
  "episode_steps": 480,
  "mean_cgm": 142.1281280517578,
  "mean_action": -0.666056215763092,
  "mean_insulin": 0.046918291598558426,
  "mean_proposed_insulin": 0.046918291598558426,
  "mean_shielded_insulin": 0.046918291598558426,
  "total_insulin": 22.520780563354492,
  "total_proposed_insulin": 22.520780563354492,
  "total_shielded_insulin": 22.520780563354492,
  "mean_iob": 0.9034725427627563,
  "pct_tir_70_180": 82.29166666666666,
  "pct_above_250": 0.0,
  "pct_below_70": 0.0,
  "pct_shield_active": 0.0,
  "shield_count": 0,
  "total_reward": 424.6102294921875,
  "mean_reward": 0.8846046328544617
}