{
  "timesteps": 3600000,
  "episode_steps": 323,
  "mean_cgm": 127.14810180664062,
  "mean_action": -0.7887182235717773,
  "mean_insulin": 0.04311976209282875,
  "mean_proposed_insulin": 0.04311976209282875,
  "mean_shielded_insulin": 0.04311976209282875,
  "total_insulin": 13.927682876586914,
  "total_proposed_insulin": 13.927682876586914,
  "total_shielded_insulin": 13.927682876586914,
  "mean_iob": 0.8540847897529602,
  "pct_tir_70_180": 86.9969040247678,
  "pct_above_250": 0.0,
  "pct_below_70": 9.907120743034056,
  "pct_shield_active": 0.0,
  "shield_count": 0,
  "total_reward": 281.95245361328125,
  "mean_reward": 0.8729178309440613
}