{
  "timesteps": 800000,
  "episode_steps": 480,
  "mean_cgm": 148.4951934814453,
  "mean_action": -0.920928418636322,
  "mean_insulin": 0.05166460573673248,
  "mean_proposed_insulin": 0.05166460573673248,
  "mean_shielded_insulin": 0.05166460573673248,
  "total_insulin": 24.79901123046875,
  "total_proposed_insulin": 24.79901123046875,
  "total_shielded_insulin": 24.79901123046875,
  "mean_iob": 0.9713075757026672,
  "pct_tir_70_180": 82.29166666666666,
  "pct_above_250": 0.0,
  "pct_below_70": 3.3333333333333335,
  "pct_shield_active": 0.0,
  "shield_count": 0,
  "total_reward": 420.46337890625,
  "mean_reward": 0.8759653568267822
}