{
  "timesteps": 3900000,
  "episode_steps": 480,
  "mean_cgm": 136.2967071533203,
  "mean_action": -0.6915543079376221,
  "mean_insulin": 0.0477050356566906,
  "mean_proposed_insulin": 0.0477050356566906,
  "mean_shielded_insulin": 0.0477050356566906,
  "total_insulin": 22.89841651916504,
  "total_proposed_insulin": 22.89841651916504,
  "total_shielded_insulin": 22.89841651916504,
  "mean_iob": 0.8962990045547485,
  "pct_tir_70_180": 94.58333333333333,
  "pct_above_250": 0.0,
  "pct_below_70": 0.0,
  "pct_shield_active": 0.0,
  "shield_count": 0,
  "total_reward": 457.01556396484375,
  "mean_reward": 0.9521157741546631
}