{
  "timesteps": 2800000,
  "episode_steps": 480,
  "mean_cgm": 139.9479217529297,
  "mean_action": -0.7627149224281311,
  "mean_insulin": 0.05112193152308464,
  "mean_proposed_insulin": 0.05112193152308464,
  "mean_shielded_insulin": 0.05112193152308464,
  "total_insulin": 24.53852653503418,
  "total_proposed_insulin": 24.53852653503418,
  "total_shielded_insulin": 24.53852653503418,
  "mean_iob": 0.9502748847007751,
  "pct_tir_70_180": 82.91666666666667,
  "pct_above_250": 0.0,
  "pct_below_70": 6.458333333333334,
  "pct_shield_active": 0.0,
  "shield_count": 0,
  "total_reward": 419.58843994140625,
  "mean_reward": 0.874142587184906
}