{
  "timesteps": 200000,
  "episode_steps": 279,
  "mean_cgm": 242.9346466064453,
  "mean_action": -0.9999143481254578,
  "mean_insulin": 0.0016779161524027586,
  "mean_proposed_insulin": 0.0016779161524027586,
  "mean_shielded_insulin": 0.0016779161524027586,
  "total_insulin": 0.46813860535621643,
  "total_proposed_insulin": 0.46813860535621643,
  "total_shielded_insulin": 0.46813860535621643,
  "mean_iob": 0.08123449236154556,
  "pct_tir_70_180": 41.21863799283154,
  "pct_above_250": 47.67025089605735,
  "pct_below_70": 0.0,
  "pct_shield_active": 0.0,
  "shield_count": 0,
  "total_reward": 164.1529998779297,
  "mean_reward": 0.5883619785308838
}