{
  "timesteps": 3400000,
  "episode_steps": 480,
  "mean_cgm": 140.86410522460938,
  "mean_action": -0.7632915377616882,
  "mean_insulin": 0.05313374474644661,
  "mean_proposed_insulin": 0.05313374474644661,
  "mean_shielded_insulin": 0.05313374474644661,
  "total_insulin": 25.50419807434082,
  "total_proposed_insulin": 25.50419807434082,
  "total_shielded_insulin": 25.50419807434082,
  "mean_iob": 0.993137001991272,
  "pct_tir_70_180": 83.125,
  "pct_above_250": 0.0,
  "pct_below_70": 0.0,
  "pct_shield_active": 0.0,
  "shield_count": 0,
  "total_reward": 425.4684753417969,
  "mean_reward": 0.8863926529884338
}