{
  "timesteps": 2300000,
  "episode_steps": 480,
  "mean_cgm": 123.72384643554688,
  "mean_action": -0.7519156336784363,
  "mean_insulin": 0.03142604976892471,
  "mean_proposed_insulin": 0.03142604976892471,
  "mean_shielded_insulin": 0.03142604976892471,
  "total_insulin": 15.084503173828125,
  "total_proposed_insulin": 15.084503173828125,
  "total_shielded_insulin": 15.084503173828125,
  "mean_iob": 0.574067234992981,
  "pct_tir_70_180": 82.08333333333333,
  "pct_above_250": 0.0,
  "pct_below_70": 6.25,
  "pct_shield_active": 0.0,
  "shield_count": 0,
  "total_reward": 422.70635986328125,
  "mean_reward": 0.8806382417678833
}