Complexity,Loss,Equation
1,0.033966307,"x26"
3,0.032987304,"x26 * 0.9340667"
5,0.030949688,"x26 + (x8 * -0.20231888)"
7,0.029957024,"(x26 + (x8 * -0.20231888)) / 1.0773764"
9,0.029942054,"((0.3070576 * x8) / -1.4829744) + (x26 * 0.92901164)"
