Complexity,Loss,Equation
1,0.03020369,"x26"
3,0.02992177,"x26 - -0.016789945"
5,0.02706317,"x26 - (-0.017786767 / x2)"
7,0.026190013,"(x26 - (-0.023682902 / x2)) * 0.9445079"
9,0.0107692685,"x26 + (-0.09824771 / (-0.09824771 - (x26 / 0.0019182386)))"
11,0.0107584745,"(-0.103196934 / ((x26 / -0.00041075383) + (-0.08104103 * 1.2756748))) + x26"
13,0.009148074,"(x26 + (1.3473647 / (1.3239049 - (x26 * -8293.943)))) + (x18 * -0.07880868)"
15,0.0088683525,"((x26 + (1.3473647 / (1.3239049 - (x26 * -8293.943)))) + (x18 * -0.07880868)) - 0.016662804"
19,0.008754549,"(x26 + (-0.06452523 / ((0.45671272 - ((x26 * -22.258512) / 0.008439543)) * -0.13897656))) + ((x17 * -0.08023967) - 0.01702743)"
