Complexity,Loss,Equation
1,0.02645843,"x26"
3,0.025795097,"x26 / 1.0590862"
5,0.024247425,"x26 - (x17 * 0.10002785)"
7,0.023459278,"x26 + (-0.10073398 * (x19 + x8))"
9,0.022782674,"((x26 + 0.3057879) - (x2 * 0.312598)) / 1.1975902"
11,0.018894663,"1.5917727 * (0.36380643 + ((x26 - (x2 + x8)) * 0.3747771))"
13,0.01551635,"1.5917727 * (0.36380643 + ((x26 - (x2 + (x8 * x2))) * 0.3747771))"
19,0.01490786,"((x26 + 0.7358621) - (((((x26 * 0.44533363) * x26) + (x18 * 0.3536728)) + x2) * 0.70114434)) * 0.8562332"
