Complexity,Loss,Equation
1,0.03532707,"x26"
3,0.034929387,"x26 * 0.9595324"
5,0.03013527,"x26 + (0.035886496 / x2)"
7,0.027490174,"(x26 + (0.035886496 / x2)) - 0.045214295"
9,0.025034437,"(x26 + (0.035886496 / (x2 - 0.045214295))) / 1.2095774"
