Complexity,Loss,Equation
1,0.005770893,"x26"
3,0.005610138,"x26 - -0.012679029"
5,0.004158062,"x26 - (x17 * 0.08853702)"
6,0.0040906356,"x26 - (sin(x17) * 0.10097782)"
7,0.0033991868,"(x26 - (x20 * 0.13785477)) * 1.106209"
8,0.0033267133,"(x26 - (sin(x20) * 0.1548253)) * 1.1044683"
10,0.0032806958,"(x26 - (sin(x20 / 0.6299248) * 0.11360966)) * 1.0984255"
