episode,70<=BG<=180,BG>180,BG<70,BG>250,BG<50,LBGI,HBGI,Risk Index
0,45.11434511434512,54.88565488565489,0.0,35.75883575883576,0.0,0.6166209518531055,17.746006167538777,18.362627119391878
