Complexity,Loss,Equation
1,0.012490937,"x26"
3,0.012101905,"x26 + 0.019720599"
5,0.011009127,"x26 + (0.019720599 / x2)"
7,0.010881594,"(x26 + (0.019723644 / x2)) / 1.0068594"
9,0.0089721475,"x26 + ((0.019723644 / x2) * (1.6513503 - x26))"
