episode,70<=BG<=180,BG>180,BG<70,BG>250,BG<50,LBGI,HBGI,Risk Index
0,44.49064449064449,55.50935550935551,0.0,46.77754677754678,0.0,0.0008862407886367328,19.876729169617054,19.87761541040569
1,25.987525987525988,74.01247401247402,0.0,59.04365904365905,0.0,0.0,21.493234887684494,21.493234887684494
2,28.482328482328484,71.51767151767152,0.0,52.18295218295218,0.0,0.0,22.241203009063238,22.241203009063238
3,26.403326403326403,73.5966735966736,0.0,49.8960498960499,0.0,0.0,22.304900530839475,22.304900530839475
