Complexity,Loss,Equation
1,0.033067934,"x26"
3,0.032709315,"x26 * 0.95951855"
5,0.028566258,"x26 + (0.025226278 / x2)"
7,0.026848,"(0.025226278 / x2) + (x26 * 0.84068227)"
