{
  "timesteps": 1700000,
  "episode_steps": 480,
  "mean_cgm": 148.97320556640625,
  "mean_action": -0.743999719619751,
  "mean_insulin": 0.04597789794206619,
  "mean_proposed_insulin": 0.04597789794206619,
  "mean_shielded_insulin": 0.04597789794206619,
  "total_insulin": 22.06939125061035,
  "total_proposed_insulin": 22.06939125061035,
  "total_shielded_insulin": 22.06939125061035,
  "mean_iob": 0.8843759298324585,
  "pct_tir_70_180": 71.45833333333333,
  "pct_above_250": 2.083333333333333,
  "pct_below_70": 4.791666666666667,
  "pct_shield_active": 0.0,
  "shield_count": 0,
  "total_reward": 392.55609130859375,
  "mean_reward": 0.817825198173523
}