{
  "timesteps": 3700000,
  "episode_steps": 480,
  "mean_cgm": 139.72923278808594,
  "mean_action": -0.5637313723564148,
  "mean_insulin": 0.05408947542309761,
  "mean_proposed_insulin": 0.05408947542309761,
  "mean_shielded_insulin": 0.05408947542309761,
  "total_insulin": 25.962947845458984,
  "total_proposed_insulin": 25.962947845458984,
  "total_shielded_insulin": 25.962947845458984,
  "mean_iob": 1.0377706289291382,
  "pct_tir_70_180": 87.5,
  "pct_above_250": 0.0,
  "pct_below_70": 0.0,
  "pct_shield_active": 0.0,
  "shield_count": 0,
  "total_reward": 437.27789306640625,
  "mean_reward": 0.910995602607727
}