{
  "timesteps": 1500000,
  "episode_steps": 480,
  "mean_cgm": 154.88241577148438,
  "mean_action": -0.7452644109725952,
  "mean_insulin": 0.04547456279397011,
  "mean_proposed_insulin": 0.04547456279397011,
  "mean_shielded_insulin": 0.04547456279397011,
  "total_insulin": 21.827789306640625,
  "total_proposed_insulin": 21.827789306640625,
  "total_shielded_insulin": 21.827789306640625,
  "mean_iob": 0.8794810175895691,
  "pct_tir_70_180": 71.66666666666667,
  "pct_above_250": 3.125,
  "pct_below_70": 2.5,
  "pct_shield_active": 0.0,
  "shield_count": 0,
  "total_reward": 389.4715270996094,
  "mean_reward": 0.8113990426063538
}