{
  "timesteps": 600000,
  "episode_steps": 480,
  "mean_cgm": 194.824462890625,
  "mean_action": -0.7349927425384521,
  "mean_insulin": 0.027498137205839157,
  "mean_proposed_insulin": 0.027498137205839157,
  "mean_shielded_insulin": 0.027498137205839157,
  "total_insulin": 13.199106216430664,
  "total_proposed_insulin": 13.199106216430664,
  "total_shielded_insulin": 13.199106216430664,
  "mean_iob": 0.5482989549636841,
  "pct_tir_70_180": 41.66666666666667,
  "pct_above_250": 16.25,
  "pct_below_70": 0.0,
  "pct_shield_active": 0.0,
  "shield_count": 0,
  "total_reward": 307.1624755859375,
  "mean_reward": 0.6399218440055847
}