{
  "timesteps": 3400000,
  "episode_steps": 480,
  "mean_cgm": 141.93875122070312,
  "mean_action": -0.6959260106086731,
  "mean_insulin": 0.0485345683991909,
  "mean_proposed_insulin": 0.0485345683991909,
  "mean_shielded_insulin": 0.0485345683991909,
  "total_insulin": 23.296592712402344,
  "total_proposed_insulin": 23.296592712402344,
  "total_shielded_insulin": 23.296592712402344,
  "mean_iob": 0.9364200234413147,
  "pct_tir_70_180": 72.91666666666666,
  "pct_above_250": 0.20833333333333334,
  "pct_below_70": 8.75,
  "pct_shield_active": 0.0,
  "shield_count": 0,
  "total_reward": 392.21771240234375,
  "mean_reward": 0.8171202540397644
}