{
  "timesteps": 700000,
  "episode_steps": 480,
  "mean_cgm": 176.61463928222656,
  "mean_action": -0.6931347250938416,
  "mean_insulin": 0.03661530837416649,
  "mean_proposed_insulin": 0.03661530837416649,
  "mean_shielded_insulin": 0.03661530837416649,
  "total_insulin": 17.575347900390625,
  "total_proposed_insulin": 17.575347900390625,
  "total_shielded_insulin": 17.575347900390625,
  "mean_iob": 0.7168663740158081,
  "pct_tir_70_180": 56.041666666666664,
  "pct_above_250": 12.083333333333334,
  "pct_below_70": 0.0,
  "pct_shield_active": 0.0,
  "shield_count": 0,
  "total_reward": 347.95709228515625,
  "mean_reward": 0.7249106168746948
}