{
  "timesteps": 1000000,
  "episode_steps": 480,
  "mean_cgm": 164.04013061523438,
  "mean_action": -0.7448351979255676,
  "mean_insulin": 0.048313118517398834,
  "mean_proposed_insulin": 0.048313118517398834,
  "mean_shielded_insulin": 0.048313118517398834,
  "total_insulin": 23.190296173095703,
  "total_proposed_insulin": 23.190296173095703,
  "total_shielded_insulin": 23.190296173095703,
  "mean_iob": 0.9280902743339539,
  "pct_tir_70_180": 71.45833333333333,
  "pct_above_250": 4.375,
  "pct_below_70": 0.0,
  "pct_shield_active": 0.0,
  "shield_count": 0,
  "total_reward": 391.3638916015625,
  "mean_reward": 0.8153414130210876
}