{
  "timesteps": 2300000,
  "episode_steps": 480,
  "mean_cgm": 146.1610870361328,
  "mean_action": -0.5830449461936951,
  "mean_insulin": 0.052324168384075165,
  "mean_proposed_insulin": 0.052324168384075165,
  "mean_shielded_insulin": 0.052324168384075165,
  "total_insulin": 25.1156005859375,
  "total_proposed_insulin": 25.1156005859375,
  "total_shielded_insulin": 25.1156005859375,
  "mean_iob": 0.9906885027885437,
  "pct_tir_70_180": 80.625,
  "pct_above_250": 3.125,
  "pct_below_70": 2.9166666666666665,
  "pct_shield_active": 0.0,
  "shield_count": 0,
  "total_reward": 417.41827392578125,
  "mean_reward": 0.8696213960647583
}