{
  "timesteps": 2100000,
  "episode_steps": 238,
  "mean_cgm": 155.24249267578125,
  "mean_action": -0.7271577715873718,
  "mean_insulin": 0.054325997829437256,
  "mean_proposed_insulin": 0.054325997829437256,
  "mean_shielded_insulin": 0.054325997829437256,
  "total_insulin": 12.929587364196777,
  "total_proposed_insulin": 12.929587364196777,
  "total_shielded_insulin": 12.929587364196777,
  "mean_iob": 1.048118233680725,
  "pct_tir_70_180": 68.90756302521008,
  "pct_above_250": 10.504201680672269,
  "pct_below_70": 10.084033613445378,
  "pct_shield_active": 0.0,
  "shield_count": 0,
  "total_reward": 186.9390869140625,
  "mean_reward": 0.7854583263397217
}