{
  "timesteps": 3800000,
  "episode_steps": 480,
  "mean_cgm": 141.70755004882812,
  "mean_action": -0.6448848247528076,
  "mean_insulin": 0.04896833747625351,
  "mean_proposed_insulin": 0.04896833747625351,
  "mean_shielded_insulin": 0.04896833747625351,
  "total_insulin": 23.504802703857422,
  "total_proposed_insulin": 23.504802703857422,
  "total_shielded_insulin": 23.504802703857422,
  "mean_iob": 0.9484780430793762,
  "pct_tir_70_180": 86.25,
  "pct_above_250": 0.0,
  "pct_below_70": 1.4583333333333333,
  "pct_shield_active": 0.0,
  "shield_count": 0,
  "total_reward": 433.4233703613281,
  "mean_reward": 0.9029653668403625
}