{
  "timesteps": 2200000,
  "episode_steps": 480,
  "mean_cgm": 147.78424072265625,
  "mean_action": -0.7061225771903992,
  "mean_insulin": 0.04689003899693489,
  "mean_proposed_insulin": 0.04689003899693489,
  "mean_shielded_insulin": 0.04689003899693489,
  "total_insulin": 22.507219314575195,
  "total_proposed_insulin": 22.507219314575195,
  "total_shielded_insulin": 22.507219314575195,
  "mean_iob": 0.9182270169258118,
  "pct_tir_70_180": 72.29166666666667,
  "pct_above_250": 1.6666666666666667,
  "pct_below_70": 2.2916666666666665,
  "pct_shield_active": 0.0,
  "shield_count": 0,
  "total_reward": 395.6556396484375,
  "mean_reward": 0.8242825865745544
}