{
  "timesteps": 3300000,
  "episode_steps": 480,
  "mean_cgm": 133.83932495117188,
  "mean_action": -0.6456413865089417,
  "mean_insulin": 0.0529915876686573,
  "mean_proposed_insulin": 0.0529915876686573,
  "mean_shielded_insulin": 0.0529915876686573,
  "total_insulin": 25.435962677001953,
  "total_proposed_insulin": 25.435962677001953,
  "total_shielded_insulin": 25.435962677001953,
  "mean_iob": 1.0194002389907837,
  "pct_tir_70_180": 70.20833333333333,
  "pct_above_250": 0.0,
  "pct_below_70": 14.166666666666666,
  "pct_shield_active": 0.0,
  "shield_count": 0,
  "total_reward": 381.64984130859375,
  "mean_reward": 0.7951038479804993
}