{
  "timesteps": 1800000,
  "episode_steps": 480,
  "mean_cgm": 151.67613220214844,
  "mean_action": -0.7184924483299255,
  "mean_insulin": 0.04574356973171234,
  "mean_proposed_insulin": 0.04574356973171234,
  "mean_shielded_insulin": 0.04574356973171234,
  "total_insulin": 21.956912994384766,
  "total_proposed_insulin": 21.956912994384766,
  "total_shielded_insulin": 21.956912994384766,
  "mean_iob": 0.8927350640296936,
  "pct_tir_70_180": 79.79166666666667,
  "pct_above_250": 0.0,
  "pct_below_70": 1.0416666666666665,
  "pct_shield_active": 0.0,
  "shield_count": 0,
  "total_reward": 411.39935302734375,
  "mean_reward": 0.8570820093154907
}