{
  "timesteps": 3500000,
  "episode_steps": 480,
  "mean_cgm": 148.58599853515625,
  "mean_action": -0.6884058117866516,
  "mean_insulin": 0.05158373340964317,
  "mean_proposed_insulin": 0.05158373340964317,
  "mean_shielded_insulin": 0.05158373340964317,
  "total_insulin": 24.76019287109375,
  "total_proposed_insulin": 24.76019287109375,
  "total_shielded_insulin": 24.76019287109375,
  "mean_iob": 1.0055902004241943,
  "pct_tir_70_180": 69.58333333333333,
  "pct_above_250": 2.2916666666666665,
  "pct_below_70": 7.083333333333333,
  "pct_shield_active": 0.0,
  "shield_count": 0,
  "total_reward": 385.6492919921875,
  "mean_reward": 0.8034360408782959
}