{
  "timesteps": 900000,
  "episode_steps": 480,
  "mean_cgm": 166.26519775390625,
  "mean_action": -0.8318952918052673,
  "mean_insulin": 0.0436868816614151,
  "mean_proposed_insulin": 0.0436868816614151,
  "mean_shielded_insulin": 0.0436868816614151,
  "total_insulin": 20.969703674316406,
  "total_proposed_insulin": 20.969703674316406,
  "total_shielded_insulin": 20.969703674316406,
  "mean_iob": 0.8541317582130432,
  "pct_tir_70_180": 64.375,
  "pct_above_250": 1.6666666666666667,
  "pct_below_70": 0.0,
  "pct_shield_active": 0.0,
  "shield_count": 0,
  "total_reward": 373.851318359375,
  "mean_reward": 0.7788569331169128
}