{
  "timesteps": 100000,
  "episode_steps": 276,
  "mean_cgm": 240.01956176757812,
  "mean_action": -1.0,
  "mean_insulin": 0.0016773130046203732,
  "mean_proposed_insulin": 0.0016773130046203732,
  "mean_shielded_insulin": 0.0016773130046203732,
  "total_insulin": 0.4629383981227875,
  "total_proposed_insulin": 0.4629383981227875,
  "total_shielded_insulin": 0.4629383981227875,
  "mean_iob": 0.06516747176647186,
  "pct_tir_70_180": 28.985507246376812,
  "pct_above_250": 45.289855072463766,
  "pct_below_70": 0.0,
  "pct_shield_active": 0.0,
  "shield_count": 0,
  "total_reward": 146.85983276367188,
  "mean_reward": 0.5321008563041687
}