{
  "timesteps": 500000,
  "episode_steps": 258,
  "mean_cgm": 232.2837677001953,
  "mean_action": -1.0,
  "mean_insulin": 0.001677313121035695,
  "mean_proposed_insulin": 0.001677313121035695,
  "mean_shielded_insulin": 0.001677313121035695,
  "total_insulin": 0.4327467978000641,
  "total_proposed_insulin": 0.4327467978000641,
  "total_shielded_insulin": 0.4327467978000641,
  "mean_iob": 0.0901084691286087,
  "pct_tir_70_180": 33.72093023255814,
  "pct_above_250": 34.883720930232556,
  "pct_below_70": 0.0,
  "pct_shield_active": 0.0,
  "shield_count": 0,
  "total_reward": 145.2804718017578,
  "mean_reward": 0.5631026029586792
}