{
  "timesteps": 200000,
  "episode_steps": 254,
  "mean_cgm": 225.46044921875,
  "mean_action": -1.0,
  "mean_insulin": 0.001677313237451017,
  "mean_proposed_insulin": 0.001677313237451017,
  "mean_shielded_insulin": 0.001677313237451017,
  "total_insulin": 0.4260375499725342,
  "total_proposed_insulin": 0.4260375499725342,
  "total_shielded_insulin": 0.4260375499725342,
  "mean_iob": 0.09665647149085999,
  "pct_tir_70_180": 40.15748031496063,
  "pct_above_250": 35.43307086614173,
  "pct_below_70": 0.0,
  "pct_shield_active": 0.0,
  "shield_count": 0,
  "total_reward": 152.66375732421875,
  "mean_reward": 0.60103839635849
}