{
  "timesteps": 4000000,
  "episode_steps": 480,
  "mean_cgm": 150.72412109375,
  "mean_action": -0.6334760189056396,
  "mean_insulin": 0.04927252233028412,
  "mean_proposed_insulin": 0.04927252233028412,
  "mean_shielded_insulin": 0.04927252233028412,
  "total_insulin": 23.65081024169922,
  "total_proposed_insulin": 23.65081024169922,
  "total_shielded_insulin": 23.65081024169922,
  "mean_iob": 0.9373251795768738,
  "pct_tir_70_180": 84.58333333333333,
  "pct_above_250": 0.0,
  "pct_below_70": 0.0,
  "pct_shield_active": 0.0,
  "shield_count": 0,
  "total_reward": 424.51165771484375,
  "mean_reward": 0.8843992948532104
}