{
  "timesteps": 2800000,
  "episode_steps": 480,
  "mean_cgm": 150.9659881591797,
  "mean_action": -0.6614574790000916,
  "mean_insulin": 0.046627555042505264,
  "mean_proposed_insulin": 0.046627555042505264,
  "mean_shielded_insulin": 0.046627555042505264,
  "total_insulin": 22.3812255859375,
  "total_proposed_insulin": 22.3812255859375,
  "total_shielded_insulin": 22.3812255859375,
  "mean_iob": 0.8731032013893127,
  "pct_tir_70_180": 91.66666666666666,
  "pct_above_250": 0.0,
  "pct_below_70": 0.0,
  "pct_shield_active": 0.0,
  "shield_count": 0,
  "total_reward": 443.5201721191406,
  "mean_reward": 0.9240003824234009
}