{
  "timesteps": 1600000,
  "episode_steps": 480,
  "mean_cgm": 165.65147399902344,
  "mean_action": -0.7424917221069336,
  "mean_insulin": 0.03270433843135834,
  "mean_proposed_insulin": 0.03270433843135834,
  "mean_shielded_insulin": 0.03270433843135834,
  "total_insulin": 15.698081970214844,
  "total_proposed_insulin": 15.698081970214844,
  "total_shielded_insulin": 15.698081970214844,
  "mean_iob": 0.6337960362434387,
  "pct_tir_70_180": 62.916666666666664,
  "pct_above_250": 4.791666666666667,
  "pct_below_70": 0.8333333333333334,
  "pct_shield_active": 0.0,
  "shield_count": 0,
  "total_reward": 367.14581298828125,
  "mean_reward": 0.7648870944976807
}