{
  "timesteps": 3100000,
  "episode_steps": 480,
  "mean_cgm": 158.20947265625,
  "mean_action": -0.7282759547233582,
  "mean_insulin": 0.045717623084783554,
  "mean_proposed_insulin": 0.045717623084783554,
  "mean_shielded_insulin": 0.045717623084783554,
  "total_insulin": 21.944459915161133,
  "total_proposed_insulin": 21.944459915161133,
  "total_shielded_insulin": 21.944459915161133,
  "mean_iob": 0.8853533267974854,
  "pct_tir_70_180": 73.54166666666667,
  "pct_above_250": 8.333333333333332,
  "pct_below_70": 0.8333333333333334,
  "pct_shield_active": 0.0,
  "shield_count": 0,
  "total_reward": 395.9944152832031,
  "mean_reward": 0.8249883651733398
}