{
  "timesteps": 1300000,
  "episode_steps": 480,
  "mean_cgm": 160.2602081298828,
  "mean_action": -0.7314055562019348,
  "mean_insulin": 0.042272552847862244,
  "mean_proposed_insulin": 0.042272552847862244,
  "mean_shielded_insulin": 0.042272552847862244,
  "total_insulin": 20.29082489013672,
  "total_proposed_insulin": 20.29082489013672,
  "total_shielded_insulin": 20.29082489013672,
  "mean_iob": 0.806569516658783,
  "pct_tir_70_180": 65.41666666666667,
  "pct_above_250": 4.166666666666666,
  "pct_below_70": 4.791666666666667,
  "pct_shield_active": 0.0,
  "shield_count": 0,
  "total_reward": 371.978271484375,
  "mean_reward": 0.7749547362327576
}