{
  "timesteps": 2700000,
  "episode_steps": 480,
  "mean_cgm": 152.05845642089844,
  "mean_action": -0.5801690220832825,
  "mean_insulin": 0.05135764181613922,
  "mean_proposed_insulin": 0.05135764181613922,
  "mean_shielded_insulin": 0.05135764181613922,
  "total_insulin": 24.651668548583984,
  "total_proposed_insulin": 24.651668548583984,
  "total_shielded_insulin": 24.651668548583984,
  "mean_iob": 0.9751518368721008,
  "pct_tir_70_180": 75.83333333333333,
  "pct_above_250": 0.0,
  "pct_below_70": 0.0,
  "pct_shield_active": 0.0,
  "shield_count": 0,
  "total_reward": 405.01214599609375,
  "mean_reward": 0.8437753319740295
}