{
  "timesteps": 2000000,
  "episode_steps": 480,
  "mean_cgm": 147.18603515625,
  "mean_action": -0.6606577038764954,
  "mean_insulin": 0.0460965633392334,
  "mean_proposed_insulin": 0.0460965633392334,
  "mean_shielded_insulin": 0.0460965633392334,
  "total_insulin": 22.12635040283203,
  "total_proposed_insulin": 22.12635040283203,
  "total_shielded_insulin": 22.12635040283203,
  "mean_iob": 0.8918737769126892,
  "pct_tir_70_180": 71.875,
  "pct_above_250": 0.625,
  "pct_below_70": 0.625,
  "pct_shield_active": 0.0,
  "shield_count": 0,
  "total_reward": 391.46484375,
  "mean_reward": 0.8155517578125
}