Complexity,Loss,Equation
1,0.022447057,"x26"
3,0.02222641,"x26 / 1.0339724"
5,0.020274527,"x26 + (x17 * -0.100660644)"
7,0.019918837,"((x19 * -0.12937135) + x26) * 1.0578542"
9,0.01988894,"1.0578542 * (((x8 + x19) * -0.12937135) + x26)"
11,0.0168324,"(x26 * 0.86416054) + (((0.25093463 / x2) + -0.3379727) * 0.19792387)"
15,0.013819237,"(((-0.817336 / ((0.9722719 / (x1 + -1.2460599)) - x8)) + x26) - x2) * 0.66116536"
17,0.01326632,"((((0.7095337 - x26) - ((x26 / x2) + (x22 * -0.54920673))) * x2) - 0.7273774) * -0.5990467"
19,0.012398456,"((x2 * ((0.85058415 - x26) - ((x19 * (-0.5999402 / 1.2471149)) + (x26 / x2)))) - 0.8550319) * -0.5458937"
