Complexity,Loss,Equation
1,0.03806568,"x26"
3,0.036883157,"x26 - -0.034437403"
