Complexity,Loss,Equation
1,0.026824346,"x26"
3,0.026419874,"x26 * 0.9633895"
5,0.02438667,"(x18 * -0.094232306) + x26"
7,0.023935014,"((x21 * -0.14789888) + x26) * 1.0884192"
