Complexity,Loss,Equation
1,0.021194598,"x26"
3,0.021125533,"x26 * 0.98276603"
5,0.018939303,"x26 + (x17 * -0.094930485)"
7,0.018525084,"(-0.111031756 * x17) + (x26 / 0.95449454)"
