Complexity,Loss,Equation
1,0.059457816,"x26"
3,0.058110934,"x26 * 0.92960095"
5,0.055369522,"(x20 * -0.12267997) + x26"
7,0.04077645,"((x26 - x2) - -0.9679831) * 0.65854675"
9,0.022925781,"(((1.0513296 - x2) + x26) - x8) * 0.6825642"
11,0.018053412,"1.039201 - (x2 * ((x8 + (1.4655902 - x26)) / 1.4985551))"
13,0.016400363,"(((-0.4245521 - x2) * ((x8 + 1.7179558) - x26)) / 1.9867461) - -1.2947198"
