Complexity,Loss,Equation
1,0.02040832,"x26"
3,0.020287542,"x26 + 0.010989879"
5,0.018144673,"x26 + (0.020617852 / x2)"
7,0.014608858,"x26 + (0.0041390043 / (x2 - 0.10329096))"
9,0.0140459705,"(x26 * 0.9212704) + (0.0055375923 / (x2 + -0.10047199))"
11,0.013815283,"(x8 * -0.2562276) + ((0.03795616 / x2) + (x26 * 0.899091))"
