{
  "timesteps": 1700000,
  "episode_steps": 480,
  "mean_cgm": 148.392822265625,
  "mean_action": -0.6555206179618835,
  "mean_insulin": 0.042702533304691315,
  "mean_proposed_insulin": 0.042702533304691315,
  "mean_shielded_insulin": 0.042702533304691315,
  "total_insulin": 20.497215270996094,
  "total_proposed_insulin": 20.497215270996094,
  "total_shielded_insulin": 20.497215270996094,
  "mean_iob": 0.832004964351654,
  "pct_tir_70_180": 79.79166666666667,
  "pct_above_250": 0.0,
  "pct_below_70": 0.8333333333333334,
  "pct_shield_active": 0.0,
  "shield_count": 0,
  "total_reward": 416.2011413574219,
  "mean_reward": 0.8670856952667236
}