{
  "timesteps": 2200000,
  "episode_steps": 480,
  "mean_cgm": 141.37684631347656,
  "mean_action": -0.674938440322876,
  "mean_insulin": 0.04872715100646019,
  "mean_proposed_insulin": 0.04872715100646019,
  "mean_shielded_insulin": 0.04872715100646019,
  "total_insulin": 23.3890323638916,
  "total_proposed_insulin": 23.3890323638916,
  "total_shielded_insulin": 23.3890323638916,
  "mean_iob": 0.9246493577957153,
  "pct_tir_70_180": 71.45833333333333,
  "pct_above_250": 3.3333333333333335,
  "pct_below_70": 3.958333333333333,
  "pct_shield_active": 0.0,
  "shield_count": 0,
  "total_reward": 392.3027038574219,
  "mean_reward": 0.8172972798347473
}