{
  "timesteps": 3800000,
  "episode_steps": 480,
  "mean_cgm": 129.19126892089844,
  "mean_action": -0.7437841296195984,
  "mean_insulin": 0.04965054243803024,
  "mean_proposed_insulin": 0.04965054243803024,
  "mean_shielded_insulin": 0.04965054243803024,
  "total_insulin": 23.832260131835938,
  "total_proposed_insulin": 23.832260131835938,
  "total_shielded_insulin": 23.832260131835938,
  "mean_iob": 0.9476625919342041,
  "pct_tir_70_180": 66.04166666666667,
  "pct_above_250": 4.375,
  "pct_below_70": 15.416666666666668,
  "pct_shield_active": 0.0,
  "shield_count": 0,
  "total_reward": 370.6910400390625,
  "mean_reward": 0.7722730040550232
}