{
  "timesteps": 3700000,
  "episode_steps": 480,
  "mean_cgm": 135.0718994140625,
  "mean_action": -0.6836728453636169,
  "mean_insulin": 0.04866386577486992,
  "mean_proposed_insulin": 0.04866386577486992,
  "mean_shielded_insulin": 0.04866386577486992,
  "total_insulin": 23.35865592956543,
  "total_proposed_insulin": 23.35865592956543,
  "total_shielded_insulin": 23.35865592956543,
  "mean_iob": 0.9411072134971619,
  "pct_tir_70_180": 78.125,
  "pct_above_250": 6.25,
  "pct_below_70": 2.7083333333333335,
  "pct_shield_active": 0.0,
  "shield_count": 0,
  "total_reward": 408.8201599121094,
  "mean_reward": 0.8517086505889893
}