{
  "timesteps": 400000,
  "episode_steps": 480,
  "mean_cgm": 238.14785766601562,
  "mean_action": -0.8262444734573364,
  "mean_insulin": 0.03396476432681084,
  "mean_proposed_insulin": 0.03396476432681084,
  "mean_shielded_insulin": 0.03396476432681084,
  "total_insulin": 16.30308723449707,
  "total_proposed_insulin": 16.30308723449707,
  "total_shielded_insulin": 16.30308723449707,
  "mean_iob": 0.6160997748374939,
  "pct_tir_70_180": 23.958333333333336,
  "pct_above_250": 47.91666666666667,
  "pct_below_70": 0.0,
  "pct_shield_active": 0.0,
  "shield_count": 0,
  "total_reward": 244.68463134765625,
  "mean_reward": 0.5097596645355225
}