{
  "timesteps": 2700000,
  "episode_steps": 480,
  "mean_cgm": 147.15345764160156,
  "mean_action": -0.6932247877120972,
  "mean_insulin": 0.04546106606721878,
  "mean_proposed_insulin": 0.04546106606721878,
  "mean_shielded_insulin": 0.04546106606721878,
  "total_insulin": 21.821311950683594,
  "total_proposed_insulin": 21.821311950683594,
  "total_shielded_insulin": 21.821311950683594,
  "mean_iob": 0.8807893395423889,
  "pct_tir_70_180": 66.66666666666666,
  "pct_above_250": 4.583333333333333,
  "pct_below_70": 6.041666666666667,
  "pct_shield_active": 0.0,
  "shield_count": 0,
  "total_reward": 375.2476806640625,
  "mean_reward": 0.7817659974098206
}