{
  "timesteps": 500000,
  "episode_steps": 480,
  "mean_cgm": 228.27447509765625,
  "mean_action": -0.7286914587020874,
  "mean_insulin": 0.036402154713869095,
  "mean_proposed_insulin": 0.036402154713869095,
  "mean_shielded_insulin": 0.036402154713869095,
  "total_insulin": 17.473033905029297,
  "total_proposed_insulin": 17.473033905029297,
  "total_shielded_insulin": 17.473033905029297,
  "mean_iob": 0.7013083696365356,
  "pct_tir_70_180": 23.333333333333332,
  "pct_above_250": 35.0,
  "pct_below_70": 0.0,
  "pct_shield_active": 0.0,
  "shield_count": 0,
  "total_reward": 248.2628936767578,
  "mean_reward": 0.5172143578529358
}