{
  "timesteps": 300000,
  "episode_steps": 159,
  "mean_cgm": 228.4950408935547,
  "mean_action": -0.7655779719352722,
  "mean_insulin": 0.007498419377952814,
  "mean_proposed_insulin": 0.007498419377952814,
  "mean_shielded_insulin": 0.007498419377952814,
  "total_insulin": 1.1922487020492554,
  "total_proposed_insulin": 1.1922487020492554,
  "total_shielded_insulin": 1.1922487020492554,
  "mean_iob": 0.1747443675994873,
  "pct_tir_70_180": 37.10691823899371,
  "pct_above_250": 42.76729559748428,
  "pct_below_70": 0.0,
  "pct_shield_active": 0.0,
  "shield_count": 0,
  "total_reward": 92.81346130371094,
  "mean_reward": 0.5837324857711792
}