{
  "timesteps": 1100000,
  "episode_steps": 480,
  "mean_cgm": 162.3987274169922,
  "mean_action": -0.7389957308769226,
  "mean_insulin": 0.042860690504312515,
  "mean_proposed_insulin": 0.042860690504312515,
  "mean_shielded_insulin": 0.042860690504312515,
  "total_insulin": 20.573131561279297,
  "total_proposed_insulin": 20.573131561279297,
  "total_shielded_insulin": 20.573131561279297,
  "mean_iob": 0.818516194820404,
  "pct_tir_70_180": 57.291666666666664,
  "pct_above_250": 6.25,
  "pct_below_70": 4.166666666666666,
  "pct_shield_active": 0.0,
  "shield_count": 0,
  "total_reward": 352.3560791015625,
  "mean_reward": 0.7340751886367798
}