{
  "timesteps": 2800000,
  "episode_steps": 480,
  "mean_cgm": 149.76669311523438,
  "mean_action": -0.6852865219116211,
  "mean_insulin": 0.04676816612482071,
  "mean_proposed_insulin": 0.04676816612482071,
  "mean_shielded_insulin": 0.04676816612482071,
  "total_insulin": 22.448719024658203,
  "total_proposed_insulin": 22.448719024658203,
  "total_shielded_insulin": 22.448719024658203,
  "mean_iob": 0.9027765393257141,
  "pct_tir_70_180": 77.08333333333334,
  "pct_above_250": 6.041666666666667,
  "pct_below_70": 1.4583333333333333,
  "pct_shield_active": 0.0,
  "shield_count": 0,
  "total_reward": 405.7286376953125,
  "mean_reward": 0.8452680110931396
}