{
  "timesteps": 200000,
  "episode_steps": 157,
  "mean_cgm": 224.49288940429688,
  "mean_action": -0.9826518297195435,
  "mean_insulin": 0.0018421460408717394,
  "mean_proposed_insulin": 0.0018421460408717394,
  "mean_shielded_insulin": 0.0018421460408717394,
  "total_insulin": 0.28921693563461304,
  "total_proposed_insulin": 0.28921693563461304,
  "total_shielded_insulin": 0.28921693563461304,
  "mean_iob": 0.1294698566198349,
  "pct_tir_70_180": 35.6687898089172,
  "pct_above_250": 33.12101910828025,
  "pct_below_70": 0.0,
  "pct_shield_active": 0.0,
  "shield_count": 0,
  "total_reward": 91.33395385742188,
  "mean_reward": 0.581744909286499
}