{
  "timesteps": 1400000,
  "episode_steps": 480,
  "mean_cgm": 151.68731689453125,
  "mean_action": -0.6889544725418091,
  "mean_insulin": 0.04452642425894737,
  "mean_proposed_insulin": 0.04452642425894737,
  "mean_shielded_insulin": 0.04452642425894737,
  "total_insulin": 21.372684478759766,
  "total_proposed_insulin": 21.372684478759766,
  "total_shielded_insulin": 21.372684478759766,
  "mean_iob": 0.8465259671211243,
  "pct_tir_70_180": 76.875,
  "pct_above_250": 0.0,
  "pct_below_70": 0.0,
  "pct_shield_active": 0.0,
  "shield_count": 0,
  "total_reward": 407.2843017578125,
  "mean_reward": 0.8485089540481567
}