{
  "timesteps": 3200000,
  "episode_steps": 480,
  "mean_cgm": 136.0833282470703,
  "mean_action": -0.7064827084541321,
  "mean_insulin": 0.04608168825507164,
  "mean_proposed_insulin": 0.04608168825507164,
  "mean_shielded_insulin": 0.04608168825507164,
  "total_insulin": 22.119211196899414,
  "total_proposed_insulin": 22.119211196899414,
  "total_shielded_insulin": 22.119211196899414,
  "mean_iob": 0.8895720839500427,
  "pct_tir_70_180": 67.5,
  "pct_above_250": 0.0,
  "pct_below_70": 7.916666666666666,
  "pct_shield_active": 0.0,
  "shield_count": 0,
  "total_reward": 385.8182678222656,
  "mean_reward": 0.8037880659103394
}