{
  "timesteps": 2400000,
  "episode_steps": 477,
  "mean_cgm": 146.2952423095703,
  "mean_action": -0.6671361327171326,
  "mean_insulin": 0.048517677932977676,
  "mean_proposed_insulin": 0.048517677932977676,
  "mean_shielded_insulin": 0.048517677932977676,
  "total_insulin": 23.142932891845703,
  "total_proposed_insulin": 23.142932891845703,
  "total_shielded_insulin": 23.142932891845703,
  "mean_iob": 0.9329537153244019,
  "pct_tir_70_180": 77.56813417190776,
  "pct_above_250": 4.40251572327044,
  "pct_below_70": 1.4675052410901468,
  "pct_shield_active": 0.0,
  "shield_count": 0,
  "total_reward": 405.7681884765625,
  "mean_reward": 0.8506670594215393
}