{
  "timesteps": 3600000,
  "episode_steps": 457,
  "mean_cgm": 119.33253479003906,
  "mean_action": -0.7523541450500488,
  "mean_insulin": 0.04462594538927078,
  "mean_proposed_insulin": 0.04462594538927078,
  "mean_shielded_insulin": 0.04462594538927078,
  "total_insulin": 20.39405632019043,
  "total_proposed_insulin": 20.39405632019043,
  "total_shielded_insulin": 20.39405632019043,
  "mean_iob": 0.8528602719306946,
  "pct_tir_70_180": 75.27352297592998,
  "pct_above_250": 0.0,
  "pct_below_70": 12.035010940919037,
  "pct_shield_active": 0.0,
  "shield_count": 0,
  "total_reward": 382.1513977050781,
  "mean_reward": 0.8362175226211548
}