{
  "timesteps": 1300000,
  "episode_steps": 480,
  "mean_cgm": 157.94244384765625,
  "mean_action": -0.6790119409561157,
  "mean_insulin": 0.04409809038043022,
  "mean_proposed_insulin": 0.04409809038043022,
  "mean_shielded_insulin": 0.04409809038043022,
  "total_insulin": 21.167083740234375,
  "total_proposed_insulin": 21.167083740234375,
  "total_shielded_insulin": 21.167083740234375,
  "mean_iob": 0.8291653394699097,
  "pct_tir_70_180": 66.45833333333333,
  "pct_above_250": 0.8333333333333334,
  "pct_below_70": 2.7083333333333335,
  "pct_shield_active": 0.0,
  "shield_count": 0,
  "total_reward": 379.163818359375,
  "mean_reward": 0.7899246215820312
}