{
  "timesteps": 800000,
  "episode_steps": 480,
  "mean_cgm": 197.1214141845703,
  "mean_action": -0.6980343461036682,
  "mean_insulin": 0.039993833750486374,
  "mean_proposed_insulin": 0.039993833750486374,
  "mean_shielded_insulin": 0.039993833750486374,
  "total_insulin": 19.197040557861328,
  "total_proposed_insulin": 19.197040557861328,
  "total_shielded_insulin": 19.197040557861328,
  "mean_iob": 0.769756555557251,
  "pct_tir_70_180": 33.125,
  "pct_above_250": 12.291666666666666,
  "pct_below_70": 1.0416666666666665,
  "pct_shield_active": 0.0,
  "shield_count": 0,
  "total_reward": 285.01513671875,
  "mean_reward": 0.5937815308570862
}