{
  "timesteps": 1600000,
  "episode_steps": 480,
  "mean_cgm": 139.49681091308594,
  "mean_action": -0.8326802849769592,
  "mean_insulin": 0.0428030900657177,
  "mean_proposed_insulin": 0.0428030900657177,
  "mean_shielded_insulin": 0.0428030900657177,
  "total_insulin": 20.545482635498047,
  "total_proposed_insulin": 20.545482635498047,
  "total_shielded_insulin": 20.545482635498047,
  "mean_iob": 0.8268754482269287,
  "pct_tir_70_180": 72.5,
  "pct_above_250": 0.4166666666666667,
  "pct_below_70": 7.291666666666667,
  "pct_shield_active": 0.0,
  "shield_count": 0,
  "total_reward": 396.30462646484375,
  "mean_reward": 0.8256346583366394
}