{
  "timesteps": 2900000,
  "episode_steps": 480,
  "mean_cgm": 135.1851043701172,
  "mean_action": -0.7710429430007935,
  "mean_insulin": 0.04513987526297569,
  "mean_proposed_insulin": 0.04513987526297569,
  "mean_shielded_insulin": 0.04513987526297569,
  "total_insulin": 21.66714096069336,
  "total_proposed_insulin": 21.66714096069336,
  "total_shielded_insulin": 21.66714096069336,
  "mean_iob": 0.8743725419044495,
  "pct_tir_70_180": 69.79166666666666,
  "pct_above_250": 0.0,
  "pct_below_70": 8.541666666666666,
  "pct_shield_active": 0.0,
  "shield_count": 0,
  "total_reward": 389.5184020996094,
  "mean_reward": 0.8114966750144958
}