{
  "timesteps": 900000,
  "episode_steps": 480,
  "mean_cgm": 176.8782501220703,
  "mean_action": -0.7409140467643738,
  "mean_insulin": 0.03936450928449631,
  "mean_proposed_insulin": 0.03936450928449631,
  "mean_shielded_insulin": 0.03936450928449631,
  "total_insulin": 18.89496421813965,
  "total_proposed_insulin": 18.89496421813965,
  "total_shielded_insulin": 18.89496421813965,
  "mean_iob": 0.7603057622909546,
  "pct_tir_70_180": 55.833333333333336,
  "pct_above_250": 10.0,
  "pct_below_70": 0.0,
  "pct_shield_active": 0.0,
  "shield_count": 0,
  "total_reward": 348.7475891113281,
  "mean_reward": 0.7265574932098389
}