{
  "timesteps": 2600000,
  "episode_steps": 480,
  "mean_cgm": 140.26199340820312,
  "mean_action": -0.7118344902992249,
  "mean_insulin": 0.041479069739580154,
  "mean_proposed_insulin": 0.041479069739580154,
  "mean_shielded_insulin": 0.041479069739580154,
  "total_insulin": 19.909954071044922,
  "total_proposed_insulin": 19.909954071044922,
  "total_shielded_insulin": 19.909954071044922,
  "mean_iob": 0.8029155731201172,
  "pct_tir_70_180": 62.708333333333336,
  "pct_above_250": 0.0,
  "pct_below_70": 11.25,
  "pct_shield_active": 0.0,
  "shield_count": 0,
  "total_reward": 372.63922119140625,
  "mean_reward": 0.7763317227363586
}