{
  "timesteps": 1900000,
  "episode_steps": 480,
  "mean_cgm": 138.15162658691406,
  "mean_action": -0.665429413318634,
  "mean_insulin": 0.046508219093084335,
  "mean_proposed_insulin": 0.046508219093084335,
  "mean_shielded_insulin": 0.046508219093084335,
  "total_insulin": 22.323945999145508,
  "total_proposed_insulin": 22.323945999145508,
  "total_shielded_insulin": 22.323945999145508,
  "mean_iob": 0.9026150107383728,
  "pct_tir_70_180": 79.79166666666667,
  "pct_above_250": 0.4166666666666667,
  "pct_below_70": 2.2916666666666665,
  "pct_shield_active": 0.0,
  "shield_count": 0,
  "total_reward": 414.7953186035156,
  "mean_reward": 0.8641569018363953
}