{
  "timesteps": 3500000,
  "episode_steps": 480,
  "mean_cgm": 133.03634643554688,
  "mean_action": -0.6944673657417297,
  "mean_insulin": 0.04668567702174187,
  "mean_proposed_insulin": 0.04668567702174187,
  "mean_shielded_insulin": 0.04668567702174187,
  "total_insulin": 22.40912437438965,
  "total_proposed_insulin": 22.40912437438965,
  "total_shielded_insulin": 22.40912437438965,
  "mean_iob": 0.9004550576210022,
  "pct_tir_70_180": 71.875,
  "pct_above_250": 0.0,
  "pct_below_70": 7.083333333333333,
  "pct_shield_active": 0.0,
  "shield_count": 0,
  "total_reward": 394.30694580078125,
  "mean_reward": 0.8214728236198425
}