{
  "timesteps": 3300000,
  "episode_steps": 364,
  "mean_cgm": 132.4759521484375,
  "mean_action": -0.7017148733139038,
  "mean_insulin": 0.041396789252758026,
  "mean_proposed_insulin": 0.041396789252758026,
  "mean_shielded_insulin": 0.041396789252758026,
  "total_insulin": 15.068431854248047,
  "total_proposed_insulin": 15.068431854248047,
  "total_shielded_insulin": 15.068431854248047,
  "mean_iob": 0.8158461451530457,
  "pct_tir_70_180": 83.79120879120879,
  "pct_above_250": 0.0,
  "pct_below_70": 3.021978021978022,
  "pct_shield_active": 0.0,
  "shield_count": 0,
  "total_reward": 323.0145263671875,
  "mean_reward": 0.8874025344848633
}