{
  "timesteps": 700000,
  "episode_steps": 480,
  "mean_cgm": 196.67254638671875,
  "mean_action": -0.8042429089546204,
  "mean_insulin": 0.0407102108001709,
  "mean_proposed_insulin": 0.0407102108001709,
  "mean_shielded_insulin": 0.0407102108001709,
  "total_insulin": 19.54090118408203,
  "total_proposed_insulin": 19.54090118408203,
  "total_shielded_insulin": 19.54090118408203,
  "mean_iob": 0.7584294080734253,
  "pct_tir_70_180": 47.291666666666664,
  "pct_above_250": 21.041666666666668,
  "pct_below_70": 0.0,
  "pct_shield_active": 0.0,
  "shield_count": 0,
  "total_reward": 318.4015808105469,
  "mean_reward": 0.6633366346359253
}