{
  "timesteps": 1500000,
  "episode_steps": 480,
  "mean_cgm": 152.341796875,
  "mean_action": -0.6977294087409973,
  "mean_insulin": 0.043916817754507065,
  "mean_proposed_insulin": 0.043916817754507065,
  "mean_shielded_insulin": 0.043916817754507065,
  "total_insulin": 21.0800724029541,
  "total_proposed_insulin": 21.0800724029541,
  "total_shielded_insulin": 21.0800724029541,
  "mean_iob": 0.8502557277679443,
  "pct_tir_70_180": 68.33333333333333,
  "pct_above_250": 0.0,
  "pct_below_70": 3.5416666666666665,
  "pct_shield_active": 0.0,
  "shield_count": 0,
  "total_reward": 384.8201904296875,
  "mean_reward": 0.8017087578773499
}