{
  "timesteps": 2000000,
  "episode_steps": 480,
  "mean_cgm": 148.95111083984375,
  "mean_action": -0.6783871054649353,
  "mean_insulin": 0.045522868633270264,
  "mean_proposed_insulin": 0.045522868633270264,
  "mean_shielded_insulin": 0.045522868633270264,
  "total_insulin": 21.850976943969727,
  "total_proposed_insulin": 21.850976943969727,
  "total_shielded_insulin": 21.850976943969727,
  "mean_iob": 0.8758350014686584,
  "pct_tir_70_180": 71.25,
  "pct_above_250": 4.375,
  "pct_below_70": 1.25,
  "pct_shield_active": 0.0,
  "shield_count": 0,
  "total_reward": 392.3887023925781,
  "mean_reward": 0.8174764513969421
}