{
  "timesteps": 4000000,
  "episode_steps": 480,
  "mean_cgm": 132.74368286132812,
  "mean_action": -0.6746293306350708,
  "mean_insulin": 0.04602367430925369,
  "mean_proposed_insulin": 0.04602367430925369,
  "mean_shielded_insulin": 0.04602367430925369,
  "total_insulin": 22.09136390686035,
  "total_proposed_insulin": 22.09136390686035,
  "total_shielded_insulin": 22.09136390686035,
  "mean_iob": 0.8984912633895874,
  "pct_tir_70_180": 76.45833333333333,
  "pct_above_250": 0.0,
  "pct_below_70": 7.5,
  "pct_shield_active": 0.0,
  "shield_count": 0,
  "total_reward": 401.43389892578125,
  "mean_reward": 0.8363206386566162
}