{
  "timesteps": 3000000,
  "episode_steps": 480,
  "mean_cgm": 140.02734375,
  "mean_action": -0.6917413473129272,
  "mean_insulin": 0.04742894694209099,
  "mean_proposed_insulin": 0.04742894694209099,
  "mean_shielded_insulin": 0.04742894694209099,
  "total_insulin": 22.765893936157227,
  "total_proposed_insulin": 22.765893936157227,
  "total_shielded_insulin": 22.765893936157227,
  "mean_iob": 0.9210649728775024,
  "pct_tir_70_180": 72.91666666666666,
  "pct_above_250": 0.0,
  "pct_below_70": 3.75,
  "pct_shield_active": 0.0,
  "shield_count": 0,
  "total_reward": 397.73492431640625,
  "mean_reward": 0.8286144137382507
}