{
  "timesteps": 1200000,
  "episode_steps": 474,
  "mean_cgm": 159.4728240966797,
  "mean_action": -0.6718495488166809,
  "mean_insulin": 0.04595151171088219,
  "mean_proposed_insulin": 0.04595151171088219,
  "mean_shielded_insulin": 0.04595151171088219,
  "total_insulin": 21.781017303466797,
  "total_proposed_insulin": 21.781017303466797,
  "total_shielded_insulin": 21.781017303466797,
  "mean_iob": 0.8812509179115295,
  "pct_tir_70_180": 67.08860759493672,
  "pct_above_250": 11.60337552742616,
  "pct_below_70": 1.89873417721519,
  "pct_shield_active": 0.0,
  "shield_count": 0,
  "total_reward": 372.8223571777344,
  "mean_reward": 0.7865450382232666
}