{
  "timesteps": 3100000,
  "episode_steps": 480,
  "mean_cgm": 146.80563354492188,
  "mean_action": -0.6899916529655457,
  "mean_insulin": 0.04937467351555824,
  "mean_proposed_insulin": 0.04937467351555824,
  "mean_shielded_insulin": 0.04937467351555824,
  "total_insulin": 23.69984245300293,
  "total_proposed_insulin": 23.69984245300293,
  "total_shielded_insulin": 23.69984245300293,
  "mean_iob": 0.944336473941803,
  "pct_tir_70_180": 78.125,
  "pct_above_250": 6.458333333333334,
  "pct_below_70": 1.25,
  "pct_shield_active": 0.0,
  "shield_count": 0,
  "total_reward": 410.3013000488281,
  "mean_reward": 0.8547943830490112
}