{
  "timesteps": 2600000,
  "episode_steps": 480,
  "mean_cgm": 121.23977661132812,
  "mean_action": -0.6122415661811829,
  "mean_insulin": 0.032763730734586716,
  "mean_proposed_insulin": 0.032763730734586716,
  "mean_shielded_insulin": 0.032763730734586716,
  "total_insulin": 15.726591110229492,
  "total_proposed_insulin": 15.726591110229492,
  "total_shielded_insulin": 15.726591110229492,
  "mean_iob": 0.6344884037971497,
  "pct_tir_70_180": 91.45833333333333,
  "pct_above_250": 0.0,
  "pct_below_70": 1.0416666666666665,
  "pct_shield_active": 0.0,
  "shield_count": 0,
  "total_reward": 449.2755432128906,
  "mean_reward": 0.9359906911849976
}