{
  "timesteps": 2500000,
  "episode_steps": 480,
  "mean_cgm": 123.97225189208984,
  "mean_action": -0.5210951566696167,
  "mean_insulin": 0.032047469168901443,
  "mean_proposed_insulin": 0.032047469168901443,
  "mean_shielded_insulin": 0.032047469168901443,
  "total_insulin": 15.38278579711914,
  "total_proposed_insulin": 15.38278579711914,
  "total_shielded_insulin": 15.38278579711914,
  "mean_iob": 0.6315874457359314,
  "pct_tir_70_180": 100.0,
  "pct_above_250": 0.0,
  "pct_below_70": 0.0,
  "pct_shield_active": 0.0,
  "shield_count": 0,
  "total_reward": 473.5418701171875,
  "mean_reward": 0.9865455627441406
}