{
  "timesteps": 3700000,
  "episode_steps": 480,
  "mean_cgm": 124.01554107666016,
  "mean_action": -0.544875979423523,
  "mean_insulin": 0.033339064568281174,
  "mean_proposed_insulin": 0.033339064568281174,
  "mean_shielded_insulin": 0.033339064568281174,
  "total_insulin": 16.002750396728516,
  "total_proposed_insulin": 16.002750396728516,
  "total_shielded_insulin": 16.002750396728516,
  "mean_iob": 0.6468584537506104,
  "pct_tir_70_180": 94.58333333333333,
  "pct_above_250": 0.0,
  "pct_below_70": 2.9166666666666665,
  "pct_shield_active": 0.0,
  "shield_count": 0,
  "total_reward": 457.1934814453125,
  "mean_reward": 0.9524863958358765
}