{
  "timesteps": 2100000,
  "episode_steps": 480,
  "mean_cgm": 125.17350769042969,
  "mean_action": -0.48626086115837097,
  "mean_insulin": 0.035260092467069626,
  "mean_proposed_insulin": 0.035260092467069626,
  "mean_shielded_insulin": 0.035260092467069626,
  "total_insulin": 16.92484474182129,
  "total_proposed_insulin": 16.92484474182129,
  "total_shielded_insulin": 16.92484474182129,
  "mean_iob": 0.6773312091827393,
  "pct_tir_70_180": 96.875,
  "pct_above_250": 0.0,
  "pct_below_70": 1.4583333333333333,
  "pct_shield_active": 0.0,
  "shield_count": 0,
  "total_reward": 463.02166748046875,
  "mean_reward": 0.9646284580230713
}