{
  "timesteps": 3100000,
  "episode_steps": 480,
  "mean_cgm": 120.33026885986328,
  "mean_action": -0.6279112696647644,
  "mean_insulin": 0.03286363556981087,
  "mean_proposed_insulin": 0.03286363556981087,
  "mean_shielded_insulin": 0.03286363556981087,
  "total_insulin": 15.774544715881348,
  "total_proposed_insulin": 15.774544715881348,
  "total_shielded_insulin": 15.774544715881348,
  "mean_iob": 0.6325103044509888,
  "pct_tir_70_180": 95.625,
  "pct_above_250": 0.0,
  "pct_below_70": 3.125,
  "pct_shield_active": 0.0,
  "shield_count": 0,
  "total_reward": 459.3604736328125,
  "mean_reward": 0.9570009708404541
}