{
  "timesteps": 3600000,
  "episode_steps": 480,
  "mean_cgm": 121.18592834472656,
  "mean_action": -0.5734846591949463,
  "mean_insulin": 0.03400984779000282,
  "mean_proposed_insulin": 0.03400984779000282,
  "mean_shielded_insulin": 0.03400984779000282,
  "total_insulin": 16.324726104736328,
  "total_proposed_insulin": 16.324726104736328,
  "total_shielded_insulin": 16.324726104736328,
  "mean_iob": 0.6736682653427124,
  "pct_tir_70_180": 94.79166666666666,
  "pct_above_250": 0.0,
  "pct_below_70": 3.3333333333333335,
  "pct_shield_active": 0.0,
  "shield_count": 0,
  "total_reward": 457.8081359863281,
  "mean_reward": 0.953766942024231
}