{
  "timesteps": 2300000,
  "episode_steps": 480,
  "mean_cgm": 123.90177154541016,
  "mean_action": -0.5220280289649963,
  "mean_insulin": 0.03263641893863678,
  "mean_proposed_insulin": 0.03263641893863678,
  "mean_shielded_insulin": 0.03263641893863678,
  "total_insulin": 15.665481567382812,
  "total_proposed_insulin": 15.665481567382812,
  "total_shielded_insulin": 15.665481567382812,
  "mean_iob": 0.612753689289093,
  "pct_tir_70_180": 100.0,
  "pct_above_250": 0.0,
  "pct_below_70": 0.0,
  "pct_shield_active": 0.0,
  "shield_count": 0,
  "total_reward": 473.07000732421875,
  "mean_reward": 0.9855625033378601
}