{
  "timesteps": 1300000,
  "episode_steps": 480,
  "mean_cgm": 128.22781372070312,
  "mean_action": -0.6016070246696472,
  "mean_insulin": 0.033219750970602036,
  "mean_proposed_insulin": 0.033219750970602036,
  "mean_shielded_insulin": 0.033219750970602036,
  "total_insulin": 15.945481300354004,
  "total_proposed_insulin": 15.945481300354004,
  "total_shielded_insulin": 15.945481300354004,
  "mean_iob": 0.6508773565292358,
  "pct_tir_70_180": 90.625,
  "pct_above_250": 0.0,
  "pct_below_70": 2.9166666666666665,
  "pct_shield_active": 0.0,
  "shield_count": 0,
  "total_reward": 444.4677734375,
  "mean_reward": 0.9259745478630066
}