{
  "timesteps": 2900000,
  "episode_steps": 480,
  "mean_cgm": 124.30426788330078,
  "mean_action": -0.5925319790840149,
  "mean_insulin": 0.03410809487104416,
  "mean_proposed_insulin": 0.03410809487104416,
  "mean_shielded_insulin": 0.03410809487104416,
  "total_insulin": 16.371885299682617,
  "total_proposed_insulin": 16.371885299682617,
  "total_shielded_insulin": 16.371885299682617,
  "mean_iob": 0.6649882793426514,
  "pct_tir_70_180": 90.20833333333333,
  "pct_above_250": 0.0,
  "pct_below_70": 4.166666666666666,
  "pct_shield_active": 0.0,
  "shield_count": 0,
  "total_reward": 442.77838134765625,
  "mean_reward": 0.9224549531936646
}