{
  "timesteps": 1700000,
  "episode_steps": 480,
  "mean_cgm": 123.26713562011719,
  "mean_action": -0.5683698654174805,
  "mean_insulin": 0.03547638654708862,
  "mean_proposed_insulin": 0.03547638654708862,
  "mean_shielded_insulin": 0.03547638654708862,
  "total_insulin": 17.02866554260254,
  "total_proposed_insulin": 17.02866554260254,
  "total_shielded_insulin": 17.02866554260254,
  "mean_iob": 0.6841965913772583,
  "pct_tir_70_180": 85.83333333333333,
  "pct_above_250": 0.0,
  "pct_below_70": 11.25,
  "pct_shield_active": 0.0,
  "shield_count": 0,
  "total_reward": 430.5296630859375,
  "mean_reward": 0.8969367742538452
}