{
  "timesteps": 900000,
  "episode_steps": 480,
  "mean_cgm": 129.5590362548828,
  "mean_action": -0.5685209631919861,
  "mean_insulin": 0.034482259303331375,
  "mean_proposed_insulin": 0.034482259303331375,
  "mean_shielded_insulin": 0.034482259303331375,
  "total_insulin": 16.551485061645508,
  "total_proposed_insulin": 16.551485061645508,
  "total_shielded_insulin": 16.551485061645508,
  "mean_iob": 0.6637939214706421,
  "pct_tir_70_180": 97.08333333333333,
  "pct_above_250": 0.0,
  "pct_below_70": 0.0,
  "pct_shield_active": 0.0,
  "shield_count": 0,
  "total_reward": 463.7161865234375,
  "mean_reward": 0.9660753607749939
}