{
  "timesteps": 1100000,
  "episode_steps": 480,
  "mean_cgm": 135.5486602783203,
  "mean_action": -0.5151684284210205,
  "mean_insulin": 0.0326952189207077,
  "mean_proposed_insulin": 0.0326952189207077,
  "mean_shielded_insulin": 0.0326952189207077,
  "total_insulin": 15.693705558776855,
  "total_proposed_insulin": 15.693705558776855,
  "total_shielded_insulin": 15.693705558776855,
  "mean_iob": 0.6414961218833923,
  "pct_tir_70_180": 95.625,
  "pct_above_250": 0.0,
  "pct_below_70": 0.0,
  "pct_shield_active": 0.0,
  "shield_count": 0,
  "total_reward": 459.2101135253906,
  "mean_reward": 0.9566877484321594
}