{
  "timesteps": 2400000,
  "episode_steps": 480,
  "mean_cgm": 121.02938079833984,
  "mean_action": -0.5870237946510315,
  "mean_insulin": 0.03220164403319359,
  "mean_proposed_insulin": 0.03220164403319359,
  "mean_shielded_insulin": 0.03220164403319359,
  "total_insulin": 15.45678997039795,
  "total_proposed_insulin": 15.45678997039795,
  "total_shielded_insulin": 15.45678997039795,
  "mean_iob": 0.6249408721923828,
  "pct_tir_70_180": 93.54166666666667,
  "pct_above_250": 0.0,
  "pct_below_70": 2.5,
  "pct_shield_active": 0.0,
  "shield_count": 0,
  "total_reward": 452.62286376953125,
  "mean_reward": 0.9429643154144287
}