{
  "timesteps": 3400000,
  "episode_steps": 480,
  "mean_cgm": 120.91079711914062,
  "mean_action": -0.572016716003418,
  "mean_insulin": 0.034832291305065155,
  "mean_proposed_insulin": 0.034832291305065155,
  "mean_shielded_insulin": 0.034832291305065155,
  "total_insulin": 16.719499588012695,
  "total_proposed_insulin": 16.719499588012695,
  "total_shielded_insulin": 16.719499588012695,
  "mean_iob": 0.6647594571113586,
  "pct_tir_70_180": 93.33333333333333,
  "pct_above_250": 0.0,
  "pct_below_70": 1.0416666666666665,
  "pct_shield_active": 0.0,
  "shield_count": 0,
  "total_reward": 454.41070556640625,
  "mean_reward": 0.9466889500617981
}