{
  "timesteps": 1600000,
  "episode_steps": 480,
  "mean_cgm": 127.36497497558594,
  "mean_action": -0.5800167322158813,
  "mean_insulin": 0.029793258756399155,
  "mean_proposed_insulin": 0.029793258756399155,
  "mean_shielded_insulin": 0.029793258756399155,
  "total_insulin": 14.300764083862305,
  "total_proposed_insulin": 14.300764083862305,
  "total_shielded_insulin": 14.300764083862305,
  "mean_iob": 0.5941701531410217,
  "pct_tir_70_180": 97.29166666666667,
  "pct_above_250": 0.0,
  "pct_below_70": 0.0,
  "pct_shield_active": 0.0,
  "shield_count": 0,
  "total_reward": 465.48065185546875,
  "mean_reward": 0.9697513580322266
}