{
  "timesteps": 2000000,
  "episode_steps": 480,
  "mean_cgm": 120.69645690917969,
  "mean_action": -0.5598062872886658,
  "mean_insulin": 0.029368137940764427,
  "mean_proposed_insulin": 0.029368137940764427,
  "mean_shielded_insulin": 0.029368137940764427,
  "total_insulin": 14.09670639038086,
  "total_proposed_insulin": 14.09670639038086,
  "total_shielded_insulin": 14.09670639038086,
  "mean_iob": 0.5660188794136047,
  "pct_tir_70_180": 98.95833333333334,
  "pct_above_250": 0.0,
  "pct_below_70": 0.0,
  "pct_shield_active": 0.0,
  "shield_count": 0,
  "total_reward": 472.9214172363281,
  "mean_reward": 0.9852529764175415
}