{
  "timesteps": 600000,
  "episode_steps": 480,
  "mean_cgm": 144.93496704101562,
  "mean_action": -0.5271364450454712,
  "mean_insulin": 0.02956681326031685,
  "mean_proposed_insulin": 0.02956681326031685,
  "mean_shielded_insulin": 0.02956681326031685,
  "total_insulin": 14.192070007324219,
  "total_proposed_insulin": 14.192070007324219,
  "total_shielded_insulin": 14.192070007324219,
  "mean_iob": 0.5824403166770935,
  "pct_tir_70_180": 93.125,
  "pct_above_250": 0.0,
  "pct_below_70": 0.0,
  "pct_shield_active": 0.0,
  "shield_count": 0,
  "total_reward": 449.3800048828125,
  "mean_reward": 0.9362083673477173
}