{
  "timesteps": 1500000,
  "episode_steps": 480,
  "mean_cgm": 128.74200439453125,
  "mean_action": -0.5352821946144104,
  "mean_insulin": 0.03065195493400097,
  "mean_proposed_insulin": 0.03065195493400097,
  "mean_shielded_insulin": 0.03065195493400097,
  "total_insulin": 14.71293830871582,
  "total_proposed_insulin": 14.71293830871582,
  "total_shielded_insulin": 14.71293830871582,
  "mean_iob": 0.6043654084205627,
  "pct_tir_70_180": 100.0,
  "pct_above_250": 0.0,
  "pct_below_70": 0.0,
  "pct_shield_active": 0.0,
  "shield_count": 0,
  "total_reward": 473.020263671875,
  "mean_reward": 0.9854589104652405
}