{
  "timesteps": 1800000,
  "episode_steps": 480,
  "mean_cgm": 128.69497680664062,
  "mean_action": -0.5575584173202515,
  "mean_insulin": 0.033111412078142166,
  "mean_proposed_insulin": 0.033111412078142166,
  "mean_shielded_insulin": 0.033111412078142166,
  "total_insulin": 15.893478393554688,
  "total_proposed_insulin": 15.893478393554688,
  "total_shielded_insulin": 15.893478393554688,
  "mean_iob": 0.652844250202179,
  "pct_tir_70_180": 94.375,
  "pct_above_250": 0.0,
  "pct_below_70": 0.0,
  "pct_shield_active": 0.0,
  "shield_count": 0,
  "total_reward": 457.4608154296875,
  "mean_reward": 0.9530433416366577
}