{
  "timesteps": 700000,
  "episode_steps": 480,
  "mean_cgm": 132.55670166015625,
  "mean_action": -0.4841124415397644,
  "mean_insulin": 0.03431747853755951,
  "mean_proposed_insulin": 0.03431747853755951,
  "mean_shielded_insulin": 0.03431747853755951,
  "total_insulin": 16.472389221191406,
  "total_proposed_insulin": 16.472389221191406,
  "total_shielded_insulin": 16.472389221191406,
  "mean_iob": 0.6692649126052856,
  "pct_tir_70_180": 94.79166666666666,
  "pct_above_250": 0.0,
  "pct_below_70": 0.0,
  "pct_shield_active": 0.0,
  "shield_count": 0,
  "total_reward": 456.805419921875,
  "mean_reward": 0.9516779780387878
}