{
  "timesteps": 3900000,
  "episode_steps": 480,
  "mean_cgm": 115.78958129882812,
  "mean_action": -0.6708446741104126,
  "mean_insulin": 0.03289315477013588,
  "mean_proposed_insulin": 0.03289315477013588,
  "mean_shielded_insulin": 0.03289315477013588,
  "total_insulin": 15.788714408874512,
  "total_proposed_insulin": 15.788714408874512,
  "total_shielded_insulin": 15.788714408874512,
  "mean_iob": 0.6484126448631287,
  "pct_tir_70_180": 99.375,
  "pct_above_250": 0.0,
  "pct_below_70": 0.0,
  "pct_shield_active": 0.0,
  "shield_count": 0,
  "total_reward": 466.5290832519531,
  "mean_reward": 0.9719355702400208
}