{
  "timesteps": 3200000,
  "episode_steps": 480,
  "mean_cgm": 113.95545196533203,
  "mean_action": -0.6440641283988953,
  "mean_insulin": 0.03344980999827385,
  "mean_proposed_insulin": 0.03344980999827385,
  "mean_shielded_insulin": 0.03344980999827385,
  "total_insulin": 16.055908203125,
  "total_proposed_insulin": 16.055908203125,
  "total_shielded_insulin": 16.055908203125,
  "mean_iob": 0.64903324842453,
  "pct_tir_70_180": 72.70833333333333,
  "pct_above_250": 0.0,
  "pct_below_70": 19.583333333333332,
  "pct_shield_active": 0.0,
  "shield_count": 0,
  "total_reward": 397.83935546875,
  "mean_reward": 0.8288319706916809
}