{
  "timesteps": 2700000,
  "episode_steps": 480,
  "mean_cgm": 125.66707611083984,
  "mean_action": -0.5723444223403931,
  "mean_insulin": 0.03517642244696617,
  "mean_proposed_insulin": 0.03517642244696617,
  "mean_shielded_insulin": 0.03517642244696617,
  "total_insulin": 16.88468360900879,
  "total_proposed_insulin": 16.88468360900879,
  "total_shielded_insulin": 16.88468360900879,
  "mean_iob": 0.6908490657806396,
  "pct_tir_70_180": 99.375,
  "pct_above_250": 0.0,
  "pct_below_70": 0.625,
  "pct_shield_active": 0.0,
  "shield_count": 0,
  "total_reward": 466.9541015625,
  "mean_reward": 0.972821056842804
}