{
  "timesteps": 3500000,
  "episode_steps": 480,
  "mean_cgm": 117.47976684570312,
  "mean_action": -0.6415916681289673,
  "mean_insulin": 0.03343462571501732,
  "mean_proposed_insulin": 0.03343462571501732,
  "mean_shielded_insulin": 0.03343462571501732,
  "total_insulin": 16.048620223999023,
  "total_proposed_insulin": 16.048620223999023,
  "total_shielded_insulin": 16.048620223999023,
  "mean_iob": 0.635632336139679,
  "pct_tir_70_180": 95.20833333333333,
  "pct_above_250": 0.0,
  "pct_below_70": 4.791666666666667,
  "pct_shield_active": 0.0,
  "shield_count": 0,
  "total_reward": 458.2354736328125,
  "mean_reward": 0.954657256603241
}