Complexity,Loss,Equation
1,3.0609357,"0.11290456"
3,2.9996042,"x0 - x2"
5,2.988936,"x0 * (x3 * 5.7263365)"
7,2.6555877,"x0 / ((x2 + 1.023878) - x3)"
9,2.5021698,"(x0 * x0) / (1.0117452 - (x3 - x2))"
11,2.4902976,"(x0 * x0) / (1.0117452 - (x3 - (2.2076068 * x2)))"
13,2.402955,"(x0 - x2) * ((x0 + x3) / ((x2 + x1) + 0.033600755))"
15,2.2715554,"((x0 + x3) * (x0 - (x2 + 0.1061138))) / ((x2 + x1) + 0.023380568)"
17,2.2615528,"(x0 + x3) * (((x0 - (x2 + 0.1061138)) / ((x2 + x1) + 0.023380568)) - x1)"
