Complexity,Loss,Equation
1,0.025858385,"x26"
3,0.025602197,"x26 + 0.016006071"
5,0.02142871,"x26 - (-0.026853137 / x2)"
7,0.012861466,"x26 - (-0.0014647652 / (x2 - 0.11048615))"
11,0.012063245,"x26 - ((0.08975314 / x2) * ((x2 + -1.1148112) + x26))"
13,0.011479912,"(x26 + -0.02814745) - ((0.08975314 / x2) * ((x2 + -1.2441894) + x26))"
15,0.011000375,"((x26 + -0.02814745) - ((0.08975314 / x2) * ((x2 + -1.2441894) + x26))) * 1.0721798"
19,0.008142862,"(x26 + (x7 - ((0.08975314 / x2) * (x2 + (-1.2441894 + x26))))) - ((x8 / 2.1012216) / 1.4362353)"
