Complexity,Loss,Equation
1,0.008600029,"x26"
3,0.00834703,"x26 - -0.015921993"
