Complexity,Loss,Equation
1,0.024261639,"x26"
3,0.024153735,"x26 / 1.0225531"
5,0.021935873,"(0.01916771 / x2) + x26"
7,0.013230012,"(-0.00011346307 / (x8 + -0.00013115787)) + x26"
9,0.012489253,"(-0.00011346307 / ((x8 / -0.00013115787) + -0.00013115787)) + x26"
