episode,70<=BG<=180,BG>180,BG<70,BG>250,BG<50,LBGI,HBGI,Risk Index
0,72.76507276507277,23.7006237006237,3.5343035343035343,19.12681912681913,0.0,0.7789740693507174,8.563062813346031,9.342036882696748
1,57.17255717255717,42.82744282744283,0.0,9.563409563409564,0.0,0.0,9.44398706494126,9.44398706494126
2,53.84615384615385,46.15384615384615,0.0,42.20374220374221,0.0,0.08401227415311402,14.833563178528143,14.917575452681255
3,26.819126819126822,73.18087318087319,0.0,64.44906444906445,0.0,0.0,26.84016785765154,26.84016785765154
4,59.45945945945946,40.54054054054054,0.0,0.0,0.0,0.0,7.314221215099688,7.314221215099688
