Complexity,Loss,Equation
1,0.008600029,"x26"
3,0.008347031,"x26 + 0.015910434"
5,0.007123764,"(x17 * -0.086801134) + x26"
7,0.0061080065,"x26 - (x2 * (x25 - x26))"
9,0.0060535497,"(x26 - (x2 * (x25 - x26))) + 0.0034312308"
11,0.0058958116,"x26 + (0.026240803 - (x2 * ((x25 - -0.015231051) - x26)))"
13,0.0057692598,"(x26 + (0.27996987 * 0.30751404)) - (x2 * ((x25 - -0.08350595) - x26))"
15,0.0057577468,"(x26 + (0.27996987 * 0.30751404)) - ((x2 * 0.9332662) * ((x25 - -0.08350595) - x26))"
