{
  "timesteps": 2900000,
  "episode_steps": 230,
  "mean_cgm": 128.40646362304688,
  "mean_action": -0.5141091346740723,
  "mean_insulin": 0.05087475851178169,
  "mean_proposed_insulin": 0.05087475851178169,
  "mean_shielded_insulin": 0.05087475851178169,
  "total_insulin": 11.701194763183594,
  "total_proposed_insulin": 11.701194763183594,
  "total_shielded_insulin": 11.701194763183594,
  "mean_iob": 0.9981542825698853,
  "pct_tir_70_180": 86.52173913043478,
  "pct_above_250": 0.0,
  "pct_below_70": 5.6521739130434785,
  "pct_shield_active": 0.0,
  "shield_count": 0,
  "total_reward": 206.53277587890625,
  "mean_reward": 0.897968590259552
}