{
  "timesteps": 1700000,
  "episode_steps": 480,
  "mean_cgm": 128.82484436035156,
  "mean_action": -0.5366291403770447,
  "mean_insulin": 0.051202043890953064,
  "mean_proposed_insulin": 0.051202043890953064,
  "mean_shielded_insulin": 0.051202043890953064,
  "total_insulin": 24.576980590820312,
  "total_proposed_insulin": 24.576980590820312,
  "total_shielded_insulin": 24.576980590820312,
  "mean_iob": 0.9837198853492737,
  "pct_tir_70_180": 91.45833333333333,
  "pct_above_250": 0.0,
  "pct_below_70": 2.9166666666666665,
  "pct_shield_active": 0.0,
  "shield_count": 0,
  "total_reward": 445.47271728515625,
  "mean_reward": 0.9280681610107422
}