{
  "timesteps": 1300000,
  "episode_steps": 480,
  "mean_cgm": 136.4825897216797,
  "mean_action": -0.5833184123039246,
  "mean_insulin": 0.05040213093161583,
  "mean_proposed_insulin": 0.05040213093161583,
  "mean_shielded_insulin": 0.05040213093161583,
  "total_insulin": 24.193023681640625,
  "total_proposed_insulin": 24.193023681640625,
  "total_shielded_insulin": 24.193023681640625,
  "mean_iob": 0.9823799133300781,
  "pct_tir_70_180": 84.375,
  "pct_above_250": 0.0,
  "pct_below_70": 5.0,
  "pct_shield_active": 0.0,
  "shield_count": 0,
  "total_reward": 427.45306396484375,
  "mean_reward": 0.8905271887779236
}