{
  "timesteps": 800000,
  "episode_steps": 480,
  "mean_cgm": 149.17666625976562,
  "mean_action": -0.5968190431594849,
  "mean_insulin": 0.044608257710933685,
  "mean_proposed_insulin": 0.044608257710933685,
  "mean_shielded_insulin": 0.044608257710933685,
  "total_insulin": 21.411964416503906,
  "total_proposed_insulin": 21.411964416503906,
  "total_shielded_insulin": 21.411964416503906,
  "mean_iob": 0.8611383438110352,
  "pct_tir_70_180": 79.58333333333333,
  "pct_above_250": 0.0,
  "pct_below_70": 0.4166666666666667,
  "pct_shield_active": 0.0,
  "shield_count": 0,
  "total_reward": 413.41400146484375,
  "mean_reward": 0.8612791895866394
}