{
  "timesteps": 4000000,
  "episode_steps": 479,
  "mean_cgm": 133.8331756591797,
  "mean_action": -0.5061968564987183,
  "mean_insulin": 0.06076584756374359,
  "mean_proposed_insulin": 0.06076584756374359,
  "mean_shielded_insulin": 0.06076584756374359,
  "total_insulin": 29.106840133666992,
  "total_proposed_insulin": 29.106840133666992,
  "total_shielded_insulin": 29.106840133666992,
  "mean_iob": 1.1692368984222412,
  "pct_tir_70_180": 72.65135699373695,
  "pct_above_250": 0.0,
  "pct_below_70": 10.855949895615867,
  "pct_shield_active": 0.0,
  "shield_count": 0,
  "total_reward": 385.5907897949219,
  "mean_reward": 0.8049911856651306
}