{
  "timesteps": 3700000,
  "episode_steps": 480,
  "mean_cgm": 126.95800018310547,
  "mean_action": -0.4427102506160736,
  "mean_insulin": 0.0472845695912838,
  "mean_proposed_insulin": 0.0472845695912838,
  "mean_shielded_insulin": 0.0472845695912838,
  "total_insulin": 22.69659423828125,
  "total_proposed_insulin": 22.69659423828125,
  "total_shielded_insulin": 22.69659423828125,
  "mean_iob": 0.9106227159500122,
  "pct_tir_70_180": 93.33333333333333,
  "pct_above_250": 0.0,
  "pct_below_70": 5.833333333333333,
  "pct_shield_active": 0.0,
  "shield_count": 0,
  "total_reward": 449.6263732910156,
  "mean_reward": 0.9367216229438782
}