{
  "timesteps": 1200000,
  "episode_steps": 474,
  "mean_cgm": 147.00564575195312,
  "mean_action": -0.4785729944705963,
  "mean_insulin": 0.05505288764834404,
  "mean_proposed_insulin": 0.05505288764834404,
  "mean_shielded_insulin": 0.05505288764834404,
  "total_insulin": 26.095067977905273,
  "total_proposed_insulin": 26.095067977905273,
  "total_shielded_insulin": 26.095067977905273,
  "mean_iob": 1.055223822593689,
  "pct_tir_70_180": 78.27004219409282,
  "pct_above_250": 0.21097046413502107,
  "pct_below_70": 3.5864978902953584,
  "pct_shield_active": 0.0,
  "shield_count": 0,
  "total_reward": 402.9664306640625,
  "mean_reward": 0.8501401543617249
}