{
  "timesteps": 3200000,
  "episode_steps": 459,
  "mean_cgm": 133.18116760253906,
  "mean_action": -0.5065494179725647,
  "mean_insulin": 0.05945480614900589,
  "mean_proposed_insulin": 0.05945480614900589,
  "mean_shielded_insulin": 0.05945480614900589,
  "total_insulin": 27.289756774902344,
  "total_proposed_insulin": 27.289756774902344,
  "total_shielded_insulin": 27.289756774902344,
  "mean_iob": 1.136687994003296,
  "pct_tir_70_180": 84.53159041394336,
  "pct_above_250": 0.0,
  "pct_below_70": 3.9215686274509802,
  "pct_shield_active": 0.0,
  "shield_count": 0,
  "total_reward": 405.25,
  "mean_reward": 0.8828976154327393
}