{
  "timesteps": 3900000,
  "episode_steps": 480,
  "mean_cgm": 132.52919006347656,
  "mean_action": -0.47428348660469055,
  "mean_insulin": 0.056944943964481354,
  "mean_proposed_insulin": 0.056944943964481354,
  "mean_shielded_insulin": 0.056944943964481354,
  "total_insulin": 27.333572387695312,
  "total_proposed_insulin": 27.333572387695312,
  "total_shielded_insulin": 27.333572387695312,
  "mean_iob": 1.0919502973556519,
  "pct_tir_70_180": 81.66666666666667,
  "pct_above_250": 0.0,
  "pct_below_70": 3.75,
  "pct_shield_active": 0.0,
  "shield_count": 0,
  "total_reward": 420.5822448730469,
  "mean_reward": 0.876213014125824
}