{
  "timesteps": 2600000,
  "episode_steps": 235,
  "mean_cgm": 124.4236831665039,
  "mean_action": -0.48902270197868347,
  "mean_insulin": 0.05746155604720116,
  "mean_proposed_insulin": 0.05746155604720116,
  "mean_shielded_insulin": 0.05746155604720116,
  "total_insulin": 13.50346565246582,
  "total_proposed_insulin": 13.50346565246582,
  "total_shielded_insulin": 13.50346565246582,
  "mean_iob": 1.1448017358779907,
  "pct_tir_70_180": 78.72340425531915,
  "pct_above_250": 0.0,
  "pct_below_70": 8.51063829787234,
  "pct_shield_active": 0.0,
  "shield_count": 0,
  "total_reward": 200.7105712890625,
  "mean_reward": 0.8540875315666199
}