{
  "timesteps": 2200000,
  "episode_steps": 237,
  "mean_cgm": 132.62315368652344,
  "mean_action": -0.5963436961174011,
  "mean_insulin": 0.05510152503848076,
  "mean_proposed_insulin": 0.05510152503848076,
  "mean_shielded_insulin": 0.05510152503848076,
  "total_insulin": 13.059061050415039,
  "total_proposed_insulin": 13.059061050415039,
  "total_shielded_insulin": 13.059061050415039,
  "mean_iob": 1.0800906419754028,
  "pct_tir_70_180": 76.79324894514767,
  "pct_above_250": 0.0,
  "pct_below_70": 8.438818565400844,
  "pct_shield_active": 0.0,
  "shield_count": 0,
  "total_reward": 198.19915771484375,
  "mean_reward": 0.8362833857536316
}