{
  "timesteps": 3100000,
  "episode_steps": 480,
  "mean_cgm": 127.70722198486328,
  "mean_action": -0.4970267713069916,
  "mean_insulin": 0.05428674444556236,
  "mean_proposed_insulin": 0.05428674444556236,
  "mean_shielded_insulin": 0.05428674444556236,
  "total_insulin": 26.05763816833496,
  "total_proposed_insulin": 26.05763816833496,
  "total_shielded_insulin": 26.05763816833496,
  "mean_iob": 1.0484325885772705,
  "pct_tir_70_180": 90.20833333333333,
  "pct_above_250": 0.0,
  "pct_below_70": 7.708333333333334,
  "pct_shield_active": 0.0,
  "shield_count": 0,
  "total_reward": 439.59930419921875,
  "mean_reward": 0.9158318638801575
}