{
  "timesteps": 900000,
  "episode_steps": 480,
  "mean_cgm": 144.11598205566406,
  "mean_action": -0.4875258505344391,
  "mean_insulin": 0.05342188850045204,
  "mean_proposed_insulin": 0.05342188850045204,
  "mean_shielded_insulin": 0.05342188850045204,
  "total_insulin": 25.642505645751953,
  "total_proposed_insulin": 25.642505645751953,
  "total_shielded_insulin": 25.642505645751953,
  "mean_iob": 1.038195013999939,
  "pct_tir_70_180": 83.54166666666667,
  "pct_above_250": 1.875,
  "pct_below_70": 2.083333333333333,
  "pct_shield_active": 0.0,
  "shield_count": 0,
  "total_reward": 423.537353515625,
  "mean_reward": 0.8823694586753845
}