{
  "timesteps": 2400000,
  "episode_steps": 480,
  "mean_cgm": 133.69435119628906,
  "mean_action": -0.4104258418083191,
  "mean_insulin": 0.05173361301422119,
  "mean_proposed_insulin": 0.05173361301422119,
  "mean_shielded_insulin": 0.05173361301422119,
  "total_insulin": 24.832134246826172,
  "total_proposed_insulin": 24.832134246826172,
  "total_shielded_insulin": 24.832134246826172,
  "mean_iob": 0.9917452335357666,
  "pct_tir_70_180": 89.79166666666667,
  "pct_above_250": 0.0,
  "pct_below_70": 2.9166666666666665,
  "pct_shield_active": 0.0,
  "shield_count": 0,
  "total_reward": 441.74737548828125,
  "mean_reward": 0.9203070402145386
}