{
  "timesteps": 3000000,
  "episode_steps": 231,
  "mean_cgm": 126.1265869140625,
  "mean_action": -0.44208773970603943,
  "mean_insulin": 0.05575824901461601,
  "mean_proposed_insulin": 0.05575824901461601,
  "mean_shielded_insulin": 0.05575824901461601,
  "total_insulin": 12.880155563354492,
  "total_proposed_insulin": 12.880155563354492,
  "total_shielded_insulin": 12.880155563354492,
  "mean_iob": 1.1096538305282593,
  "pct_tir_70_180": 91.34199134199135,
  "pct_above_250": 0.0,
  "pct_below_70": 3.463203463203463,
  "pct_shield_active": 0.0,
  "shield_count": 0,
  "total_reward": 212.85122680664062,
  "mean_reward": 0.9214338660240173
}