{
  "timesteps": 700000,
  "episode_steps": 480,
  "mean_cgm": 150.30072021484375,
  "mean_action": -0.6846471428871155,
  "mean_insulin": 0.04765235260128975,
  "mean_proposed_insulin": 0.04765235260128975,
  "mean_shielded_insulin": 0.04765235260128975,
  "total_insulin": 22.87312889099121,
  "total_proposed_insulin": 22.87312889099121,
  "total_shielded_insulin": 22.87312889099121,
  "mean_iob": 0.9214658141136169,
  "pct_tir_70_180": 75.20833333333333,
  "pct_above_250": 0.0,
  "pct_below_70": 1.4583333333333333,
  "pct_shield_active": 0.0,
  "shield_count": 0,
  "total_reward": 401.668701171875,
  "mean_reward": 0.8368098139762878
}