{
  "timesteps": 100000,
  "episode_steps": 234,
  "mean_cgm": 238.485107421875,
  "mean_action": -0.9997087121009827,
  "mean_insulin": 0.0016793980030342937,
  "mean_proposed_insulin": 0.0016793980030342937,
  "mean_shielded_insulin": 0.0016793980030342937,
  "total_insulin": 0.39297914505004883,
  "total_proposed_insulin": 0.39297914505004883,
  "total_shielded_insulin": 0.39297914505004883,
  "mean_iob": 0.08399772644042969,
  "pct_tir_70_180": 36.75213675213676,
  "pct_above_250": 34.61538461538461,
  "pct_below_70": 0.0,
  "pct_shield_active": 0.0,
  "shield_count": 0,
  "total_reward": 133.72555541992188,
  "mean_reward": 0.5714767575263977
}