{
  "timesteps": 2700000,
  "episode_steps": 444,
  "mean_cgm": 128.45152282714844,
  "mean_action": -0.5446428656578064,
  "mean_insulin": 0.062332771718502045,
  "mean_proposed_insulin": 0.062332771718502045,
  "mean_shielded_insulin": 0.062332771718502045,
  "total_insulin": 27.675750732421875,
  "total_proposed_insulin": 27.675750732421875,
  "total_shielded_insulin": 27.675750732421875,
  "mean_iob": 1.1887431144714355,
  "pct_tir_70_180": 82.65765765765765,
  "pct_above_250": 0.0,
  "pct_below_70": 4.72972972972973,
  "pct_shield_active": 0.0,
  "shield_count": 0,
  "total_reward": 392.55072021484375,
  "mean_reward": 0.8841232657432556
}