{
  "timesteps": 500000,
  "episode_steps": 480,
  "mean_cgm": 168.22012329101562,
  "mean_action": -0.5041103959083557,
  "mean_insulin": 0.04227627068758011,
  "mean_proposed_insulin": 0.04227627068758011,
  "mean_shielded_insulin": 0.04227627068758011,
  "total_insulin": 20.29261016845703,
  "total_proposed_insulin": 20.29261016845703,
  "total_shielded_insulin": 20.29261016845703,
  "mean_iob": 0.8106578588485718,
  "pct_tir_70_180": 56.041666666666664,
  "pct_above_250": 2.083333333333333,
  "pct_below_70": 0.8333333333333334,
  "pct_shield_active": 0.0,
  "shield_count": 0,
  "total_reward": 351.60986328125,
  "mean_reward": 0.7325205206871033
}