{
  "timesteps": 1800000,
  "episode_steps": 480,
  "mean_cgm": 132.3990936279297,
  "mean_action": -0.5178582072257996,
  "mean_insulin": 0.04602217674255371,
  "mean_proposed_insulin": 0.04602217674255371,
  "mean_shielded_insulin": 0.04602217674255371,
  "total_insulin": 22.09064483642578,
  "total_proposed_insulin": 22.09064483642578,
  "total_shielded_insulin": 22.09064483642578,
  "mean_iob": 0.8849834203720093,
  "pct_tir_70_180": 95.20833333333333,
  "pct_above_250": 0.0,
  "pct_below_70": 3.3333333333333335,
  "pct_shield_active": 0.0,
  "shield_count": 0,
  "total_reward": 454.13519287109375,
  "mean_reward": 0.9461149573326111
}