{
  "timesteps": 400000,
  "episode_steps": 480,
  "mean_cgm": 224.56878662109375,
  "mean_action": -0.5239109396934509,
  "mean_insulin": 0.022727975621819496,
  "mean_proposed_insulin": 0.022727975621819496,
  "mean_shielded_insulin": 0.022727975621819496,
  "total_insulin": 10.909428596496582,
  "total_proposed_insulin": 10.909428596496582,
  "total_shielded_insulin": 10.909428596496582,
  "mean_iob": 0.4451872706413269,
  "pct_tir_70_180": 27.291666666666664,
  "pct_above_250": 34.375,
  "pct_below_70": 0.0,
  "pct_shield_active": 0.0,
  "shield_count": 0,
  "total_reward": 258.531005859375,
  "mean_reward": 0.5386062860488892
}