{
  "timesteps": 3300000,
  "episode_steps": 480,
  "mean_cgm": 131.79519653320312,
  "mean_action": -0.49958470463752747,
  "mean_insulin": 0.05144269019365311,
  "mean_proposed_insulin": 0.05144269019365311,
  "mean_shielded_insulin": 0.05144269019365311,
  "total_insulin": 24.69249153137207,
  "total_proposed_insulin": 24.69249153137207,
  "total_shielded_insulin": 24.69249153137207,
  "mean_iob": 0.9921156764030457,
  "pct_tir_70_180": 86.875,
  "pct_above_250": 0.0,
  "pct_below_70": 1.0416666666666665,
  "pct_shield_active": 0.0,
  "shield_count": 0,
  "total_reward": 435.4963684082031,
  "mean_reward": 0.9072840809822083
}