{
  "timesteps": 1900000,
  "episode_steps": 254,
  "mean_cgm": 137.49493408203125,
  "mean_action": -0.522092878818512,
  "mean_insulin": 0.05409103259444237,
  "mean_proposed_insulin": 0.05409103259444237,
  "mean_shielded_insulin": 0.05409103259444237,
  "total_insulin": 13.73912239074707,
  "total_proposed_insulin": 13.73912239074707,
  "total_shielded_insulin": 13.73912239074707,
  "mean_iob": 1.0688832998275757,
  "pct_tir_70_180": 79.92125984251969,
  "pct_above_250": 0.0,
  "pct_below_70": 7.874015748031496,
  "pct_shield_active": 0.0,
  "shield_count": 0,
  "total_reward": 218.24583435058594,
  "mean_reward": 0.8592355847358704
}