{
  "timesteps": 2100000,
  "episode_steps": 258,
  "mean_cgm": 133.57395935058594,
  "mean_action": -0.5775812864303589,
  "mean_insulin": 0.05851457267999649,
  "mean_proposed_insulin": 0.05851457267999649,
  "mean_shielded_insulin": 0.05851457267999649,
  "total_insulin": 15.096759796142578,
  "total_proposed_insulin": 15.096759796142578,
  "total_shielded_insulin": 15.096759796142578,
  "mean_iob": 1.1264511346817017,
  "pct_tir_70_180": 77.90697674418605,
  "pct_above_250": 0.0,
  "pct_below_70": 11.24031007751938,
  "pct_shield_active": 0.0,
  "shield_count": 0,
  "total_reward": 218.40316772460938,
  "mean_reward": 0.8465238809585571
}