{
  "timesteps": 3800000,
  "episode_steps": 480,
  "mean_cgm": 131.50694274902344,
  "mean_action": -0.5119961500167847,
  "mean_insulin": 0.05429591238498688,
  "mean_proposed_insulin": 0.05429591238498688,
  "mean_shielded_insulin": 0.05429591238498688,
  "total_insulin": 26.06203842163086,
  "total_proposed_insulin": 26.06203842163086,
  "total_shielded_insulin": 26.06203842163086,
  "mean_iob": 1.0544852018356323,
  "pct_tir_70_180": 87.29166666666667,
  "pct_above_250": 0.0,
  "pct_below_70": 2.083333333333333,
  "pct_shield_active": 0.0,
  "shield_count": 0,
  "total_reward": 436.2547302246094,
  "mean_reward": 0.9088640213012695
}