{
  "timesteps": 3500000,
  "episode_steps": 480,
  "mean_cgm": 132.49375915527344,
  "mean_action": -0.4413204789161682,
  "mean_insulin": 0.05388569086790085,
  "mean_proposed_insulin": 0.05388569086790085,
  "mean_shielded_insulin": 0.05388569086790085,
  "total_insulin": 25.865131378173828,
  "total_proposed_insulin": 25.865131378173828,
  "total_shielded_insulin": 25.865131378173828,
  "mean_iob": 1.0281692743301392,
  "pct_tir_70_180": 90.0,
  "pct_above_250": 0.0,
  "pct_below_70": 1.25,
  "pct_shield_active": 0.0,
  "shield_count": 0,
  "total_reward": 444.49969482421875,
  "mean_reward": 0.9260410070419312
}