Complexity,Loss,Equation
1,0.072587065,"x26"
2,0.06267212,"sin(x26)"
4,0.057514008,"x26 * cos(x20)"
5,0.055041015,"sqrt(cos(x22)) * x26"
6,0.047692858,"(x8 + cos(x23)) * x26"
7,0.04491138,"(cos(x23) + x8) * sin(x26)"
8,0.027850846,"x26 * cos(x26 + (x2 + -0.75445855))"
10,0.023200277,"x26 * cos(x20 * (x26 + (x2 + -0.75445855)))"
