episode,70<=BG<=180,BG>180,BG<70,BG>250,BG<50,LBGI,HBGI,Risk Index
0,34.92723492723493,46.56964656964657,18.503118503118504,30.353430353430355,7.484407484407485,5.236061140445628,14.957998244982292,20.194059385427916
1,36.17463617463618,47.81704781704782,16.008316008316008,33.264033264033266,0.0,2.510361122837217,16.074376661315945,18.584737784153162
