Complexity,Loss,Equation
1,0.025509272,"x26"
3,0.025433484,"x26 - -0.008704899"
5,0.022112602,"x26 - (-0.031321246 / x2)"
7,0.020903705,"(x26 - (-0.031321246 / x2)) - 0.028096117"
9,0.02048335,"(x26 - (-0.031321246 / x2)) - (x23 * 0.10226059)"
