Complexity,Loss,Equation
1,0.041052748,"x26"
3,0.04034189,"x26 * 0.94387585"
5,0.034864575,"(0.029918877 / x2) + x26"
7,0.029871318,"x26 + (0.009694523 / (x2 - 0.09824074))"
9,0.024072338,"(0.007437984 / (x2 - 0.10009069)) + (x26 * 0.86183435)"
11,0.02205733,"((-0.04316748 / x2) * ((x26 * 1.6256891) - 1.5921985)) + x26"
13,0.017511075,"((-0.04316748 / x2) * ((x26 * 1.4186926) - 1.5921985)) + (x26 - 0.081837386)"
15,0.016007226,"((-0.04316748 / x2) * ((x26 * 1.4186926) - (1.9206936 + x4))) + (x26 - 0.081837386)"
