Complexity,Loss,Equation
1,0.054552518,"x26"
3,0.05301824,"x26 + 0.039181203"
5,0.043639388,"x26 + (0.0283602 / x2)"
7,0.039805222,"(x26 * 0.89455837) + (0.03530855 / x2)"
9,0.0300487,"((0.07383335 / x2) + -0.16707936) + (x26 * 0.76060003)"
11,0.023647198,"((0.13037169 / (x2 + x8)) - (x25 / -1.222487)) - 0.17152596"
