episode,70<=BG<=180,BG>180,BG<70,BG>250,BG<50,LBGI,HBGI,Risk Index
0,53.222453222453225,46.77754677754678,0.0,27.027027027027028,0.0,0.011923087661950075,15.061024256387531,15.07294734404948
1,93.34719334719335,0.0,6.652806652806653,0.0,0.0,1.4084433828553118,0.2454062706388076,1.6538496534941192
