Complexity,Loss,Equation
1,0.024152296,"x26"
3,0.023738855,"x26 + 0.020331778"
5,0.02127812,"x26 + (0.016985834 / x2)"
7,0.004786163,"x26 + (0.0035321184 / (0.0035321184 - x26))"
9,0.004184658,"x26 + (0.0035321184 / ((0.0035321184 - x26) - x22))"
