Complexity,Loss,Equation
1,0.053368267,"x26"
3,0.052535474,"x26 / 1.0462983"
5,0.04913868,"x26 - (x8 * 0.17422567)"
7,0.046348993,"(x26 + (x8 * -0.2452318)) + 0.059098773"
9,0.045623537,"((x26 * 0.9578319) + 0.053868808) + (x8 * -0.2463223)"
11,0.045229677,"x26 - (x26 * ((x26 * (x26 * 0.04644897)) * x26))"
13,0.024014698,"(x2 * ((-1.0516143 - x8) * 0.7968151)) + ((x24 * 0.43239957) + 0.8802345)"
15,0.017526247,"(((-1.0281291 - x8) * (x2 * 0.7421609)) + 0.80185574) + ((x26 + x25) * 0.24232817)"
17,0.016325613,"((x26 + (x25 * 0.43058693)) * 0.38515228) + (((-1.0157781 - x8) * (x2 * 0.6397518)) + 0.677436)"
