Complexity,Loss,Equation
1,0.05079489,"x26"
3,0.05035549,"x26 * 0.95947856"
5,0.04775138,"x26 - (0.09142846 * x16)"
7,0.0416975,"(x26 + -0.09301933) - (-0.044692878 / x2)"
9,0.04145354,"x26 + (-0.11894119 * (x16 + (x2 - 0.76593167)))"
