{
  "timesteps": 3900000,
  "episode_steps": 480,
  "mean_cgm": 122.67436981201172,
  "mean_action": -0.5928667783737183,
  "mean_insulin": 0.04689668118953705,
  "mean_proposed_insulin": 0.04689668118953705,
  "mean_shielded_insulin": 0.04689668118953705,
  "total_insulin": 22.510406494140625,
  "total_proposed_insulin": 22.510406494140625,
  "total_shielded_insulin": 22.510406494140625,
  "mean_iob": 0.8862983584403992,
  "pct_tir_70_180": 98.125,
  "pct_above_250": 0.0,
  "pct_below_70": 0.0,
  "pct_shield_active": 0.0,
  "shield_count": 0,
  "total_reward": 466.6924133300781,
  "mean_reward": 0.9722758531570435
}