{
  "timesteps": 200000,
  "episode_steps": 145,
  "mean_cgm": 226.56668090820312,
  "mean_action": -0.9906265735626221,
  "mean_insulin": 0.0017924851272255182,
  "mean_proposed_insulin": 0.0017924851272255182,
  "mean_shielded_insulin": 0.0017924851272255182,
  "total_insulin": 0.25991034507751465,
  "total_proposed_insulin": 0.25991034507751465,
  "total_shielded_insulin": 0.25991034507751465,
  "mean_iob": 0.11834778636693954,
  "pct_tir_70_180": 37.93103448275862,
  "pct_above_250": 37.24137931034483,
  "pct_below_70": 0.0,
  "pct_shield_active": 0.0,
  "shield_count": 0,
  "total_reward": 85.29423522949219,
  "mean_reward": 0.5882360935211182
}