{
  "timesteps": 3400000,
  "episode_steps": 480,
  "mean_cgm": 123.88627624511719,
  "mean_action": -0.5975579619407654,
  "mean_insulin": 0.04648865759372711,
  "mean_proposed_insulin": 0.04648865759372711,
  "mean_shielded_insulin": 0.04648865759372711,
  "total_insulin": 22.314556121826172,
  "total_proposed_insulin": 22.314556121826172,
  "total_shielded_insulin": 22.314556121826172,
  "mean_iob": 0.8982048034667969,
  "pct_tir_70_180": 86.66666666666667,
  "pct_above_250": 0.0,
  "pct_below_70": 0.20833333333333334,
  "pct_shield_active": 0.0,
  "shield_count": 0,
  "total_reward": 435.9210205078125,
  "mean_reward": 0.9081687927246094
}