{
  "timesteps": 2700000,
  "episode_steps": 480,
  "mean_cgm": 128.9215545654297,
  "mean_action": -0.5686964392662048,
  "mean_insulin": 0.04534970596432686,
  "mean_proposed_insulin": 0.04534970596432686,
  "mean_shielded_insulin": 0.04534970596432686,
  "total_insulin": 21.767858505249023,
  "total_proposed_insulin": 21.767858505249023,
  "total_shielded_insulin": 21.767858505249023,
  "mean_iob": 0.8781997561454773,
  "pct_tir_70_180": 87.5,
  "pct_above_250": 0.0,
  "pct_below_70": 0.20833333333333334,
  "pct_shield_active": 0.0,
  "shield_count": 0,
  "total_reward": 439.7998046875,
  "mean_reward": 0.9162495732307434
}