{
  "timesteps": 4000000,
  "episode_steps": 480,
  "mean_cgm": 123.5020980834961,
  "mean_action": -0.6463951468467712,
  "mean_insulin": 0.048717398196458817,
  "mean_proposed_insulin": 0.048717398196458817,
  "mean_shielded_insulin": 0.048717398196458817,
  "total_insulin": 23.38435173034668,
  "total_proposed_insulin": 23.38435173034668,
  "total_shielded_insulin": 23.38435173034668,
  "mean_iob": 0.9190781712532043,
  "pct_tir_70_180": 87.91666666666667,
  "pct_above_250": 0.0,
  "pct_below_70": 0.8333333333333334,
  "pct_shield_active": 0.0,
  "shield_count": 0,
  "total_reward": 440.1483154296875,
  "mean_reward": 0.9169756770133972
}