{
  "timesteps": 600000,
  "episode_steps": 132,
  "mean_cgm": 168.1023406982422,
  "mean_action": -0.9549570083618164,
  "mean_insulin": 0.04819295182824135,
  "mean_proposed_insulin": 0.04819295182824135,
  "mean_shielded_insulin": 0.04819295182824135,
  "total_insulin": 6.361469745635986,
  "total_proposed_insulin": 6.361469745635986,
  "total_shielded_insulin": 6.361469745635986,
  "mean_iob": 0.9197660088539124,
  "pct_tir_70_180": 46.96969696969697,
  "pct_above_250": 8.333333333333332,
  "pct_below_70": 7.575757575757576,
  "pct_shield_active": 0.0,
  "shield_count": 0,
  "total_reward": 87.3828125,
  "mean_reward": 0.6619910001754761
}