{
  "timesteps": 2000000,
  "episode_steps": 480,
  "mean_cgm": 130.34164428710938,
  "mean_action": -0.6908546090126038,
  "mean_insulin": 0.04632030427455902,
  "mean_proposed_insulin": 0.04632030427455902,
  "mean_shielded_insulin": 0.04632030427455902,
  "total_insulin": 22.233745574951172,
  "total_proposed_insulin": 22.233745574951172,
  "total_shielded_insulin": 22.233745574951172,
  "mean_iob": 0.8600848317146301,
  "pct_tir_70_180": 77.29166666666667,
  "pct_above_250": 0.0,
  "pct_below_70": 8.125,
  "pct_shield_active": 0.0,
  "shield_count": 0,
  "total_reward": 407.56982421875,
  "mean_reward": 0.8491038084030151
}