{
  "timesteps": 3200000,
  "episode_steps": 480,
  "mean_cgm": 112.40601348876953,
  "mean_action": -0.6760274171829224,
  "mean_insulin": 0.04492240026593208,
  "mean_proposed_insulin": 0.04492240026593208,
  "mean_shielded_insulin": 0.04492240026593208,
  "total_insulin": 21.56275177001953,
  "total_proposed_insulin": 21.56275177001953,
  "total_shielded_insulin": 21.56275177001953,
  "mean_iob": 0.8487615585327148,
  "pct_tir_70_180": 76.25,
  "pct_above_250": 0.0,
  "pct_below_70": 15.208333333333332,
  "pct_shield_active": 0.0,
  "shield_count": 0,
  "total_reward": 402.7320556640625,
  "mean_reward": 0.8390251398086548
}