{
  "timesteps": 1800000,
  "episode_steps": 480,
  "mean_cgm": 139.7467803955078,
  "mean_action": -0.6615482568740845,
  "mean_insulin": 0.04150431230664253,
  "mean_proposed_insulin": 0.04150431230664253,
  "mean_shielded_insulin": 0.04150431230664253,
  "total_insulin": 19.922069549560547,
  "total_proposed_insulin": 19.922069549560547,
  "total_shielded_insulin": 19.922069549560547,
  "mean_iob": 0.7867468595504761,
  "pct_tir_70_180": 86.25,
  "pct_above_250": 0.0,
  "pct_below_70": 0.0,
  "pct_shield_active": 0.0,
  "shield_count": 0,
  "total_reward": 436.7458190917969,
  "mean_reward": 0.9098871350288391
}