{
  "timesteps": 1500000,
  "episode_steps": 480,
  "mean_cgm": 126.31449127197266,
  "mean_action": -0.5351970791816711,
  "mean_insulin": 0.04493003711104393,
  "mean_proposed_insulin": 0.04493003711104393,
  "mean_shielded_insulin": 0.04493003711104393,
  "total_insulin": 21.566417694091797,
  "total_proposed_insulin": 21.566417694091797,
  "total_shielded_insulin": 21.566417694091797,
  "mean_iob": 0.8500884175300598,
  "pct_tir_70_180": 94.79166666666666,
  "pct_above_250": 0.0,
  "pct_below_70": 2.083333333333333,
  "pct_shield_active": 0.0,
  "shield_count": 0,
  "total_reward": 455.80291748046875,
  "mean_reward": 0.9495894312858582
}