{
  "timesteps": 1700000,
  "episode_steps": 348,
  "mean_cgm": 128.91622924804688,
  "mean_action": -0.6831436157226562,
  "mean_insulin": 0.047262728214263916,
  "mean_proposed_insulin": 0.047262728214263916,
  "mean_shielded_insulin": 0.047262728214263916,
  "total_insulin": 16.447429656982422,
  "total_proposed_insulin": 16.447429656982422,
  "total_shielded_insulin": 16.447429656982422,
  "mean_iob": 0.9209659695625305,
  "pct_tir_70_180": 78.16091954022988,
  "pct_above_250": 0.0,
  "pct_below_70": 8.045977011494253,
  "pct_shield_active": 0.0,
  "shield_count": 0,
  "total_reward": 297.51678466796875,
  "mean_reward": 0.8549332618713379
}