{
  "timesteps": 700000,
  "episode_steps": 480,
  "mean_cgm": 175.14608764648438,
  "mean_action": -0.9223112463951111,
  "mean_insulin": 0.028598308563232422,
  "mean_proposed_insulin": 0.028598308563232422,
  "mean_shielded_insulin": 0.028598308563232422,
  "total_insulin": 13.727188110351562,
  "total_proposed_insulin": 13.727188110351562,
  "total_shielded_insulin": 13.727188110351562,
  "mean_iob": 0.5649986267089844,
  "pct_tir_70_180": 58.75,
  "pct_above_250": 4.166666666666666,
  "pct_below_70": 0.0,
  "pct_shield_active": 0.0,
  "shield_count": 0,
  "total_reward": 355.4805603027344,
  "mean_reward": 0.7405844926834106
}