{
  "timesteps": 1200000,
  "episode_steps": 480,
  "mean_cgm": 147.2119140625,
  "mean_action": -0.5698079466819763,
  "mean_insulin": 0.041565146297216415,
  "mean_proposed_insulin": 0.041565146297216415,
  "mean_shielded_insulin": 0.041565146297216415,
  "total_insulin": 19.951271057128906,
  "total_proposed_insulin": 19.951271057128906,
  "total_shielded_insulin": 19.951271057128906,
  "mean_iob": 0.7800164818763733,
  "pct_tir_70_180": 76.875,
  "pct_above_250": 0.0,
  "pct_below_70": 0.0,
  "pct_shield_active": 0.0,
  "shield_count": 0,
  "total_reward": 408.8599853515625,
  "mean_reward": 0.8517916202545166
}