{
  "timesteps": 1000000,
  "episode_steps": 480,
  "mean_cgm": 139.4514923095703,
  "mean_action": -0.5635851621627808,
  "mean_insulin": 0.03845326974987984,
  "mean_proposed_insulin": 0.03845326974987984,
  "mean_shielded_insulin": 0.03845326974987984,
  "total_insulin": 18.457569122314453,
  "total_proposed_insulin": 18.457569122314453,
  "total_shielded_insulin": 18.457569122314453,
  "mean_iob": 0.7392005920410156,
  "pct_tir_70_180": 85.20833333333333,
  "pct_above_250": 0.0,
  "pct_below_70": 0.0,
  "pct_shield_active": 0.0,
  "shield_count": 0,
  "total_reward": 433.41278076171875,
  "mean_reward": 0.9029433131217957
}