{
  "timesteps": 2600000,
  "episode_steps": 480,
  "mean_cgm": 124.726318359375,
  "mean_action": -0.5415834188461304,
  "mean_insulin": 0.042453583329916,
  "mean_proposed_insulin": 0.042453583329916,
  "mean_shielded_insulin": 0.042453583329916,
  "total_insulin": 20.37771987915039,
  "total_proposed_insulin": 20.37771987915039,
  "total_shielded_insulin": 20.37771987915039,
  "mean_iob": 0.7972103357315063,
  "pct_tir_70_180": 100.0,
  "pct_above_250": 0.0,
  "pct_below_70": 0.0,
  "pct_shield_active": 0.0,
  "shield_count": 0,
  "total_reward": 471.84344482421875,
  "mean_reward": 0.9830071926116943
}