{
  "timesteps": 800000,
  "episode_steps": 480,
  "mean_cgm": 183.3220977783203,
  "mean_action": -0.7306649684906006,
  "mean_insulin": 0.03343702852725983,
  "mean_proposed_insulin": 0.03343702852725983,
  "mean_shielded_insulin": 0.03343702852725983,
  "total_insulin": 16.049774169921875,
  "total_proposed_insulin": 16.049774169921875,
  "total_shielded_insulin": 16.049774169921875,
  "mean_iob": 0.6416886448860168,
  "pct_tir_70_180": 49.791666666666664,
  "pct_above_250": 5.208333333333334,
  "pct_below_70": 0.0,
  "pct_shield_active": 0.0,
  "shield_count": 0,
  "total_reward": 332.09326171875,
  "mean_reward": 0.6918609738349915
}