{
  "timesteps": 2300000,
  "episode_steps": 480,
  "mean_cgm": 134.67388916015625,
  "mean_action": -0.5662187337875366,
  "mean_insulin": 0.044322364032268524,
  "mean_proposed_insulin": 0.044322364032268524,
  "mean_shielded_insulin": 0.044322364032268524,
  "total_insulin": 21.274734497070312,
  "total_proposed_insulin": 21.274734497070312,
  "total_shielded_insulin": 21.274734497070312,
  "mean_iob": 0.8373327851295471,
  "pct_tir_70_180": 92.29166666666667,
  "pct_above_250": 0.0,
  "pct_below_70": 0.0,
  "pct_shield_active": 0.0,
  "shield_count": 0,
  "total_reward": 449.6925048828125,
  "mean_reward": 0.9368593692779541
}