{
  "timesteps": 3600000,
  "episode_steps": 480,
  "mean_cgm": 122.05109405517578,
  "mean_action": -0.6811169981956482,
  "mean_insulin": 0.047439996153116226,
  "mean_proposed_insulin": 0.047439996153116226,
  "mean_shielded_insulin": 0.047439996153116226,
  "total_insulin": 22.771198272705078,
  "total_proposed_insulin": 22.771198272705078,
  "total_shielded_insulin": 22.771198272705078,
  "mean_iob": 0.9117069244384766,
  "pct_tir_70_180": 76.04166666666666,
  "pct_above_250": 0.0,
  "pct_below_70": 8.75,
  "pct_shield_active": 0.0,
  "shield_count": 0,
  "total_reward": 405.0092468261719,
  "mean_reward": 0.8437692523002625
}