{
  "timesteps": 2500000,
  "episode_steps": 480,
  "mean_cgm": 121.160888671875,
  "mean_action": -0.5589293837547302,
  "mean_insulin": 0.04555782303214073,
  "mean_proposed_insulin": 0.04555782303214073,
  "mean_shielded_insulin": 0.04555782303214073,
  "total_insulin": 21.867755889892578,
  "total_proposed_insulin": 21.867755889892578,
  "total_shielded_insulin": 21.867755889892578,
  "mean_iob": 0.8700597882270813,
  "pct_tir_70_180": 96.875,
  "pct_above_250": 0.0,
  "pct_below_70": 1.25,
  "pct_shield_active": 0.0,
  "shield_count": 0,
  "total_reward": 461.07025146484375,
  "mean_reward": 0.9605630040168762
}