episode,70<=BG<=180,BG>180,BG<70,BG>250,BG<50,LBGI,HBGI,Risk Index
0,73.18087318087319,19.542619542619544,7.276507276507277,0.0,3.7422037422037424,1.961111684465518,4.3524044989038115,6.31351618336933
1,54.469854469854475,45.53014553014553,0.0,14.137214137214137,0.0,0.1691815158957446,9.588868507102623,9.758050022998367
2,75.46777546777547,0.0,24.532224532224532,0.0,2.494802494802495,4.382272810425136,0.896946358745224,5.279219169170361
3,46.98544698544699,44.07484407484408,8.93970893970894,0.0,0.0,1.3539453904059118,7.6059881027158385,8.95993349312175
4,49.48024948024948,48.44074844074844,2.079002079002079,25.571725571725572,0.0,0.40479210414233674,13.758778859456575,14.163570963598914
5,63.82536382536382,36.17463617463618,0.0,18.711018711018713,0.0,1.3814081979070529e-06,9.80787671985911,9.807878101267308
6,43.24324324324324,44.49064449064449,12.266112266112266,27.234927234927238,0.0,1.5793562112668924,12.69545091366821,14.274807124935103
7,58.004158004158,36.17463617463618,5.8212058212058215,17.463617463617464,0.0,1.1824999060441994,9.886023275104387,11.068523181148587
