{
  "best_value": 288.2132873535156,
  "best_trial_number": 3,
  "best_params": {
    "n_steps": 1920,
    "batch_size": 320,
    "net_arch": "128,128,64",
    "ent_coef": 0.02,
    "n_epochs": 20,
    "learning_rate": 0.0032960073727094515,
    "gamma": 0.9853129333476246,
    "gae_lambda": 0.9880004909385572,
    "clip_range": 0.18084913196308133,
    "vf_coef": 0.5555460381599875,
    "max_grad_norm": 0.3529866518377986
  },
  "best_user_attrs": {
    "best_mean_reward": 288.2132873535156
  }
}