parameter,importance
n_steps,0.27374950067250337
learning_rate,0.1255093448205648
net_arch,0.12250339404083002
gae_lambda,0.10470415117397826
batch_size,0.09874279740786687
max_grad_norm,0.09668398895036882
ent_coef,0.05216314389573932
vf_coef,0.04698407065376597
clip_range,0.03332243968774747
n_epochs,0.025288934770878034
gamma,0.020348233925757242
