Complexity,Loss,Equation
1,0.021985387,"x26"
3,0.021674527,"x26 + 0.017626736"
5,0.019264614,"(0.02104395 / x2) + x26"
7,0.019219717,"((x8 * -0.20101357) + x26) - -0.03281173"
9,0.019187486,"((x8 * -0.2917705) * x8) + (x26 - -0.037097547)"
11,0.019165443,"((x8 * -0.2917705) * x8) + ((x26 - -0.037097547) * 0.98983)"
13,0.018678393,"(((x8 - ((x19 * -0.37677047) - -0.11444093)) * 0.17505991) - x26) * -1.0362986"
17,0.01698464,"(-0.106997766 - x7) + ((x8 * (x9 + -0.34926924)) + (x26 - (0.2635981 / (-0.7383121 - x2))))"
19,0.016602855,"(-0.106997766 - x7) + ((x8 * (x9 + -0.34926924)) + (x26 - (0.2635981 / ((-0.7383121 - x23) - x2))))"
