Complexity,Loss,Equation
1,0.053788472,"x26"
3,0.051785816,"x26 + 0.044707783"
5,0.043228995,"x26 + (x17 * -0.19657484)"
7,0.04268539,"x26 + ((x8 + x17) * -0.1483154)"
9,0.04162696,"x26 + (((x8 + x17) * -0.1483154) - -0.020833174)"
11,0.0345767,"(((x2 + x19) * -0.28651813) + (x26 - -0.29375085)) / 1.0210304"
15,0.029860077,"((((x8 + x19) + x2) * ((x2 - -0.9588823) * -0.15284231)) + x26) - -0.31903672"
17,0.029160514,"(((-0.12294172 * ((x8 + x19) + x2)) * (x2 - -1.5981666)) + (x26 - -0.32562426)) / 1.0812542"
19,0.02804725,"((-0.12294172 * ((x8 + x19) + x2)) * ((x2 - x17) - -1.5981666)) + ((x26 - -0.32562426) / 1.0812542)"
