Complexity,Loss,Equation
1,0.025024226,"x26"
3,0.024878945,"x26 * 0.9736799"
5,0.023145156,"x26 - (0.0968494 * x16)"
7,0.021145703,"((0.035928532 / x2) + x26) + -0.050549034"
9,0.020771997,"(0.035928532 / x2) + (-0.050549034 + (x26 / 1.0097462))"
