Complexity,Loss,Equation
1,0.040765736,"x26"
3,0.039511748,"x26 * 0.9290161"
5,0.036700133,"x26 - (-0.018018682 / x2)"
7,0.03560149,"(x26 - (-0.018018682 / x2)) / 1.0263535"
9,0.03410107,"(x26 - 0.39948565) + (0.34022212 - (-0.04183347 / x2))"
