Complexity,Loss,Equation
1,0.020167204,"x26"
3,0.020071592,"x26 + 0.009778183"
5,0.018306648,"x26 + (0.018604854 / x2)"
7,0.017487517,"((0.025928129 / x2) + x26) * 0.93261474"
9,0.016089164,"(0.041922454 / x2) + ((0.059099376 - x26) * -0.8960113)"
11,0.010708367,"(0.116825745 / (x2 / (0.97366536 - x26))) + (x26 + -0.11748991)"
13,0.009065238,"(0.116825745 / (x2 / (0.97366536 - (x26 * 0.8199481)))) + (x26 + -0.11748991)"
15,0.008750164,"(((0.116825745 / (x2 / (0.933988 - (x26 * 0.8199481)))) + x26) + -0.11748991) / 0.95448273"
17,0.008719678,"((((0.116825745 / (x2 / (0.933988 - (x26 * 0.8199481)))) + x26) + -0.11748991) / 0.95448273) - -0.010831913"
