Complexity,Loss,Equation
1,0.059209853,"x26"
3,0.058734227,"x26 * 0.95785016"
5,0.053663127,"(0.027302174 / x2) + x26"
7,0.0506264,"((0.027302174 / x2) + x26) + -0.0377691"
9,0.043848798,"x26 + ((-0.03078774 * (x25 - 1.2357695)) / x2)"
