iteration,mean_reward
0,333.862627
1,42.3048315
2,35.8825348
3,466.1731651000001
4,131.8989652
