policy,mean_reward,std_reward
teacher,474.1320299999999,1.1368683772161603e-13
student_best,407.1926546200001,134.7796144235886
