episode,70<=BG<=180,BG>180,BG<70,BG>250,BG<50,LBGI,HBGI,Risk Index
0,48.85654885654886,39.5010395010395,11.642411642411643,22.453222453222455,4.98960498960499,2.928210325863393,11.52503360131899,14.453243927182385
1,43.45114345114345,47.19334719334719,9.355509355509357,28.482328482328484,1.2474012474012475,1.6740750108768978,13.66937854355565,15.34345355443255
