Complexity,Loss,Equation
1,0.03380541,"x26"
3,0.03327205,"x26 * 0.9510657"
5,0.03195034,"x26 + (-0.09370096 * x19)"
7,0.029387556,"x26 + (-0.07607611 * (-0.3470517 / x2))"
9,0.026794665,"x26 + (-0.07607611 * ((-0.3470517 / x2) + x22))"
