Complexity,Loss,Equation
1,0.026532676,"x26"
3,0.025872167,"x26 * 0.9486982"
5,0.023767587,"x26 - (x20 * 0.10530388)"
7,0.02231034,"(0.0257318 / x2) + (0.8969798 * x26)"
9,0.019101236,"(((0.06252034 / x2) + x26) * 0.8308829) - 0.08337469"
11,0.01784014,"((0.06928893 / x2) + x26) - ((0.06928893 / x2) * x26)"
13,0.0132551845,"((0.06928893 / x2) + x26) - (((0.06928893 / x2) * x26) + 0.0852801)"
17,0.009746049,"(0.12225599 / x2) + (x26 - (((x26 * 0.10365279) / ((x2 + x26) - x26)) + 0.13748215))"
