episode,70<=BG<=180,BG>180,BG<70,BG>250,BG<50,LBGI,HBGI,Risk Index
0,65.9043659043659,33.88773388773389,0.2079002079002079,9.147609147609149,0.0,0.7652938920338404,7.148350815104283,7.913644707138123
1,62.37006237006237,29.72972972972973,7.900207900207901,13.721413721413722,4.5738045738045745,3.030928719873504,6.936791747031983,9.967720466905488
2,49.272349272349274,37.42203742203743,13.305613305613306,16.216216216216218,0.0,2.4079988426353176,9.120901429719678,11.528900272354997
3,55.71725571725572,37.62993762993763,6.652806652806653,11.434511434511435,2.7027027027027026,1.637659196636242,7.9216552119101955,9.55931440854644
4,49.8960498960499,43.03534303534304,7.0686070686070686,12.681912681912683,0.0,1.136869457562873,8.886390923060345,10.02326038062322
5,59.25155925155925,30.353430353430355,10.395010395010395,12.474012474012476,0.0,2.166633162406448,7.5045511409064405,9.67118430331289
6,43.45114345114345,49.48024948024948,7.0686070686070686,12.889812889812891,3.7422037422037424,1.8441988260479787,9.162806591936196,11.007005417984173
7,52.5987525987526,36.38253638253639,11.01871101871102,10.81081081081081,0.0,1.9821807535097704,8.027264663934446,10.009445417444214
8,62.16216216216216,37.83783783783784,0.0,18.08731808731809,0.0,0.5372549049954607,9.539366899253144,10.076621804248605
