{
  "timesteps": 1800000,
  "episode_steps": 465,
  "mean_cgm": 150.79782104492188,
  "mean_action": -0.5229091644287109,
  "mean_insulin": 0.03028080239892006,
  "mean_proposed_insulin": 0.03028080239892006,
  "mean_shielded_insulin": 0.03028080239892006,
  "total_insulin": 14.080573081970215,
  "total_proposed_insulin": 14.080573081970215,
  "total_shielded_insulin": 14.080573081970215,
  "mean_iob": 0.5997063517570496,
  "pct_tir_70_180": 70.10752688172043,
  "pct_above_250": 7.311827956989248,
  "pct_below_70": 1.935483870967742,
  "pct_shield_active": 0.0,
  "shield_count": 0,
  "total_reward": 370.8846740722656,
  "mean_reward": 0.7976014614105225
}