{
  "timesteps": 2700000,
  "episode_steps": 217,
  "mean_cgm": 133.9152069091797,
  "mean_action": -0.5558070540428162,
  "mean_insulin": 0.0312519334256649,
  "mean_proposed_insulin": 0.0312519334256649,
  "mean_shielded_insulin": 0.0312519334256649,
  "total_insulin": 6.781669616699219,
  "total_proposed_insulin": 6.781669616699219,
  "total_shielded_insulin": 6.781669616699219,
  "mean_iob": 0.6359580755233765,
  "pct_tir_70_180": 76.49769585253456,
  "pct_above_250": 4.6082949308755765,
  "pct_below_70": 7.373271889400922,
  "pct_shield_active": 0.0,
  "shield_count": 0,
  "total_reward": 181.81069946289062,
  "mean_reward": 0.8378373384475708
}