{
  "timesteps": 200000,
  "episode_steps": 105,
  "mean_cgm": 219.29299926757812,
  "mean_action": -1.0,
  "mean_insulin": 0.0016773133538663387,
  "mean_proposed_insulin": 0.0016773133538663387,
  "mean_shielded_insulin": 0.0016773133538663387,
  "total_insulin": 0.1761178970336914,
  "total_proposed_insulin": 0.1761178970336914,
  "total_shielded_insulin": 0.1761178970336914,
  "mean_iob": 0.16630543768405914,
  "pct_tir_70_180": 47.61904761904761,
  "pct_above_250": 31.428571428571427,
  "pct_below_70": 0.0,
  "pct_shield_active": 0.0,
  "shield_count": 0,
  "total_reward": 67.56267547607422,
  "mean_reward": 0.6434540748596191
}