{
  "timesteps": 1600000,
  "episode_steps": 480,
  "mean_cgm": 148.5183563232422,
  "mean_action": -0.550502359867096,
  "mean_insulin": 0.02767084911465645,
  "mean_proposed_insulin": 0.02767084911465645,
  "mean_shielded_insulin": 0.02767084911465645,
  "total_insulin": 13.282007217407227,
  "total_proposed_insulin": 13.282007217407227,
  "total_shielded_insulin": 13.282007217407227,
  "mean_iob": 0.5461529493331909,
  "pct_tir_70_180": 72.08333333333333,
  "pct_above_250": 1.875,
  "pct_below_70": 3.75,
  "pct_shield_active": 0.0,
  "shield_count": 0,
  "total_reward": 393.018798828125,
  "mean_reward": 0.8187891840934753
}