{
  "timesteps": 1000000,
  "episode_steps": 104,
  "mean_cgm": 210.44674682617188,
  "mean_action": -0.8457345962524414,
  "mean_insulin": 0.008582019247114658,
  "mean_proposed_insulin": 0.008582019247114658,
  "mean_shielded_insulin": 0.008582019247114658,
  "total_insulin": 0.8925299644470215,
  "total_proposed_insulin": 0.8925299644470215,
  "total_shielded_insulin": 0.8925299644470215,
  "mean_iob": 0.1783033162355423,
  "pct_tir_70_180": 51.92307692307693,
  "pct_above_250": 29.807692307692307,
  "pct_below_70": 0.0,
  "pct_shield_active": 0.0,
  "shield_count": 0,
  "total_reward": 70.12271118164062,
  "mean_reward": 0.6742568612098694
}