{
  "timesteps": 3400000,
  "episode_steps": 339,
  "mean_cgm": 129.10707092285156,
  "mean_action": -0.5171827673912048,
  "mean_insulin": 0.03261614963412285,
  "mean_proposed_insulin": 0.03261614963412285,
  "mean_shielded_insulin": 0.03261614963412285,
  "total_insulin": 11.056875228881836,
  "total_proposed_insulin": 11.056875228881836,
  "total_shielded_insulin": 11.056875228881836,
  "mean_iob": 0.6553223133087158,
  "pct_tir_70_180": 79.64601769911505,
  "pct_above_250": 3.5398230088495577,
  "pct_below_70": 8.259587020648967,
  "pct_shield_active": 0.0,
  "shield_count": 0,
  "total_reward": 287.44769287109375,
  "mean_reward": 0.8479282855987549
}