{
  "timesteps": 1700000,
  "episode_steps": 480,
  "mean_cgm": 146.0510711669922,
  "mean_action": -0.5461582541465759,
  "mean_insulin": 0.030407775193452835,
  "mean_proposed_insulin": 0.030407775193452835,
  "mean_shielded_insulin": 0.030407775193452835,
  "total_insulin": 14.595731735229492,
  "total_proposed_insulin": 14.595731735229492,
  "total_shielded_insulin": 14.595731735229492,
  "mean_iob": 0.5909572243690491,
  "pct_tir_70_180": 70.0,
  "pct_above_250": 9.166666666666666,
  "pct_below_70": 5.416666666666667,
  "pct_shield_active": 0.0,
  "shield_count": 0,
  "total_reward": 377.9171142578125,
  "mean_reward": 0.7873273491859436
}