{
  "timesteps": 700000,
  "episode_steps": 105,
  "mean_cgm": 219.3812713623047,
  "mean_action": -1.0,
  "mean_insulin": 0.0016773133538663387,
  "mean_proposed_insulin": 0.0016773133538663387,
  "mean_shielded_insulin": 0.0016773133538663387,
  "total_insulin": 0.1761178970336914,
  "total_proposed_insulin": 0.1761178970336914,
  "total_shielded_insulin": 0.1761178970336914,
  "mean_iob": 0.1142890676856041,
  "pct_tir_70_180": 47.61904761904761,
  "pct_above_250": 33.33333333333333,
  "pct_below_70": 0.0,
  "pct_shield_active": 0.0,
  "shield_count": 0,
  "total_reward": 67.4723892211914,
  "mean_reward": 0.6425941586494446
}