{
  "timesteps": 1500000,
  "episode_steps": 480,
  "mean_cgm": 153.2997283935547,
  "mean_action": -0.5308967232704163,
  "mean_insulin": 0.02939826436340809,
  "mean_proposed_insulin": 0.02939826436340809,
  "mean_shielded_insulin": 0.02939826436340809,
  "total_insulin": 14.111166954040527,
  "total_proposed_insulin": 14.111166954040527,
  "total_shielded_insulin": 14.111166954040527,
  "mean_iob": 0.5792972445487976,
  "pct_tir_70_180": 65.41666666666667,
  "pct_above_250": 8.333333333333332,
  "pct_below_70": 6.041666666666667,
  "pct_shield_active": 0.0,
  "shield_count": 0,
  "total_reward": 370.643798828125,
  "mean_reward": 0.772174596786499
}