{
  "timesteps": 900000,
  "episode_steps": 105,
  "mean_cgm": 218.520751953125,
  "mean_action": -0.9654669165611267,
  "mean_insulin": 0.002143023768439889,
  "mean_proposed_insulin": 0.002143023768439889,
  "mean_shielded_insulin": 0.002143023768439889,
  "total_insulin": 0.2250174880027771,
  "total_proposed_insulin": 0.2250174880027771,
  "total_shielded_insulin": 0.2250174880027771,
  "mean_iob": 0.11607501655817032,
  "pct_tir_70_180": 44.761904761904766,
  "pct_above_250": 32.38095238095238,
  "pct_below_70": 0.0,
  "pct_shield_active": 0.0,
  "shield_count": 0,
  "total_reward": 66.2874526977539,
  "mean_reward": 0.6313090920448303
}