{
  "timesteps": 4000000,
  "episode_steps": 480,
  "mean_cgm": 127.4453353881836,
  "mean_action": -0.5296066403388977,
  "mean_insulin": 0.029863547533750534,
  "mean_proposed_insulin": 0.029863547533750534,
  "mean_shielded_insulin": 0.029863547533750534,
  "total_insulin": 14.334503173828125,
  "total_proposed_insulin": 14.334503173828125,
  "total_shielded_insulin": 14.334503173828125,
  "mean_iob": 0.5792030096054077,
  "pct_tir_70_180": 76.45833333333333,
  "pct_above_250": 0.0,
  "pct_below_70": 6.458333333333334,
  "pct_shield_active": 0.0,
  "shield_count": 0,
  "total_reward": 407.814208984375,
  "mean_reward": 0.8496129512786865
}