{
  "timesteps": 3300000,
  "episode_steps": 480,
  "mean_cgm": 127.8651123046875,
  "mean_action": -0.48322632908821106,
  "mean_insulin": 0.02773156389594078,
  "mean_proposed_insulin": 0.02773156389594078,
  "mean_shielded_insulin": 0.02773156389594078,
  "total_insulin": 13.311150550842285,
  "total_proposed_insulin": 13.311150550842285,
  "total_shielded_insulin": 13.311150550842285,
  "mean_iob": 0.554507315158844,
  "pct_tir_70_180": 85.0,
  "pct_above_250": 0.0,
  "pct_below_70": 5.833333333333333,
  "pct_shield_active": 0.0,
  "shield_count": 0,
  "total_reward": 428.7912292480469,
  "mean_reward": 0.8933150768280029
}