{
  "timesteps": 3500000,
  "episode_steps": 440,
  "mean_cgm": 134.0001220703125,
  "mean_action": -0.5574213862419128,
  "mean_insulin": 0.03490511327981949,
  "mean_proposed_insulin": 0.03490511327981949,
  "mean_shielded_insulin": 0.03490511327981949,
  "total_insulin": 15.35824966430664,
  "total_proposed_insulin": 15.35824966430664,
  "total_shielded_insulin": 15.35824966430664,
  "mean_iob": 0.6749119758605957,
  "pct_tir_70_180": 68.18181818181817,
  "pct_above_250": 5.0,
  "pct_below_70": 12.5,
  "pct_shield_active": 0.0,
  "shield_count": 0,
  "total_reward": 343.15264892578125,
  "mean_reward": 0.7798923850059509
}