{
  "timesteps": 3200000,
  "episode_steps": 450,
  "mean_cgm": 125.87300109863281,
  "mean_action": -0.5299188494682312,
  "mean_insulin": 0.03103110007941723,
  "mean_proposed_insulin": 0.03103110007941723,
  "mean_shielded_insulin": 0.03103110007941723,
  "total_insulin": 13.963994979858398,
  "total_proposed_insulin": 13.963994979858398,
  "total_shielded_insulin": 13.963994979858398,
  "mean_iob": 0.6005395650863647,
  "pct_tir_70_180": 77.33333333333333,
  "pct_above_250": 3.111111111111111,
  "pct_below_70": 8.444444444444445,
  "pct_shield_active": 0.0,
  "shield_count": 0,
  "total_reward": 376.03179931640625,
  "mean_reward": 0.8356262445449829
}