{
  "timesteps": 3100000,
  "episode_steps": 480,
  "mean_cgm": 126.77678680419922,
  "mean_action": -0.528516411781311,
  "mean_insulin": 0.0300944522023201,
  "mean_proposed_insulin": 0.0300944522023201,
  "mean_shielded_insulin": 0.0300944522023201,
  "total_insulin": 14.445337295532227,
  "total_proposed_insulin": 14.445337295532227,
  "total_shielded_insulin": 14.445337295532227,
  "mean_iob": 0.5963426232337952,
  "pct_tir_70_180": 78.33333333333333,
  "pct_above_250": 0.0,
  "pct_below_70": 4.583333333333333,
  "pct_shield_active": 0.0,
  "shield_count": 0,
  "total_reward": 413.1802062988281,
  "mean_reward": 0.8607921004295349
}