{
  "timesteps": 3900000,
  "episode_steps": 480,
  "mean_cgm": 125.5985107421875,
  "mean_action": -0.5661168694496155,
  "mean_insulin": 0.03009522333741188,
  "mean_proposed_insulin": 0.03009522333741188,
  "mean_shielded_insulin": 0.03009522333741188,
  "total_insulin": 14.445707321166992,
  "total_proposed_insulin": 14.445707321166992,
  "total_shielded_insulin": 14.445707321166992,
  "mean_iob": 0.5944499969482422,
  "pct_tir_70_180": 66.45833333333333,
  "pct_above_250": 0.0,
  "pct_below_70": 14.583333333333334,
  "pct_shield_active": 0.0,
  "shield_count": 0,
  "total_reward": 380.89385986328125,
  "mean_reward": 0.7935288548469543
}