{
  "timesteps": 300000,
  "episode_steps": 107,
  "mean_cgm": 222.795654296875,
  "mean_action": -1.0,
  "mean_insulin": 0.0016773134702816606,
  "mean_proposed_insulin": 0.0016773134702816606,
  "mean_shielded_insulin": 0.0016773134702816606,
  "total_insulin": 0.17947253584861755,
  "total_proposed_insulin": 0.17947253584861755,
  "total_shielded_insulin": 0.17947253584861755,
  "mean_iob": 0.11222852766513824,
  "pct_tir_70_180": 47.66355140186916,
  "pct_above_250": 34.57943925233645,
  "pct_below_70": 0.0,
  "pct_shield_active": 0.0,
  "shield_count": 0,
  "total_reward": 68.59766387939453,
  "mean_reward": 0.6410996913909912
}