{
  "timesteps": 3600000,
  "episode_steps": 462,
  "mean_cgm": 124.10600280761719,
  "mean_action": -0.5410330891609192,
  "mean_insulin": 0.03333840146660805,
  "mean_proposed_insulin": 0.03333840146660805,
  "mean_shielded_insulin": 0.03333840146660805,
  "total_insulin": 15.40234088897705,
  "total_proposed_insulin": 15.40234088897705,
  "total_shielded_insulin": 15.40234088897705,
  "mean_iob": 0.6510835886001587,
  "pct_tir_70_180": 56.060606060606055,
  "pct_above_250": 3.67965367965368,
  "pct_below_70": 23.809523809523807,
  "pct_shield_active": 0.0,
  "shield_count": 0,
  "total_reward": 317.62579345703125,
  "mean_reward": 0.6875017285346985
}