Complexity,Loss,Equation
1,0.018121509,"x26"
3,0.01798227,"x26 / 1.025378"
5,0.016486065,"x26 - (x18 * 0.078485616)"
7,0.016192961,"(0.02516884 / x2) - (0.033444505 - x26)"
9,0.015201017,"((0.02516884 / x2) - 0.033444505) - (x26 / -1.042642)"
