Complexity,Loss,Equation
1,0.00026589408,"0.42627817"
3,0.00021028775,"x1 + 0.4202051"
5,0.00010919607,"0.35325357 - (x0 * 0.16001937)"
7,1.9181853e-5,"(x0 - 1.3507268) * (-0.22884426 - x1)"
9,4.2654662e-7,"(x1 * 1.8334148) - ((x0 * 0.18493287) + -0.33075178)"
11,4.079841e-7,"(x0 * -0.1876111) - (-0.32931772 - (x1 * (1.8996627 - x1)))"
