Complexity,Loss,Equation
1,0.029309299,"x26"
3,0.02876875,"x26 - -0.023250254"
5,0.02502722,"x26 - (-0.023250254 / x2)"
6,0.02124596,"sin(x26 - (-0.038531426 / x2))"
7,0.016750058,"sin(x26 - (log(x2) * 0.34092516))"
