Complexity,Loss,Equation
1,0.024762513,"x26"
3,0.024197051,"x26 * 0.9496933"
5,0.022388281,"x26 - (x19 * 0.11287044)"
6,0.01609593,"sin(x26 - log(sqrt(x2)))"
8,0.014992521,"sin((x26 - log(sqrt(x2))) / 1.0395834)"
