{
  "timesteps": 100000,
  "episode_steps": 216,
  "mean_cgm": 228.94052124023438,
  "mean_action": -0.9980801939964294,
  "mean_insulin": 0.001710335724055767,
  "mean_proposed_insulin": 0.001710335724055767,
  "mean_shielded_insulin": 0.001710335724055767,
  "total_insulin": 0.3694325089454651,
  "total_proposed_insulin": 0.3694325089454651,
  "total_shielded_insulin": 0.3694325089454651,
  "mean_iob": 0.07348504662513733,
  "pct_tir_70_180": 45.83333333333333,
  "pct_above_250": 29.166666666666668,
  "pct_below_70": 0.0,
  "pct_shield_active": 0.0,
  "shield_count": 0,
  "total_reward": 134.4329833984375,
  "mean_reward": 0.622374951839447
}