{
  "timesteps": 2200000,
  "episode_steps": 480,
  "mean_cgm": 140.0856170654297,
  "mean_action": -0.9027811884880066,
  "mean_insulin": 0.0397670604288578,
  "mean_proposed_insulin": 0.0397670604288578,
  "mean_shielded_insulin": 0.0397670604288578,
  "total_insulin": 19.08818817138672,
  "total_proposed_insulin": 19.08818817138672,
  "total_shielded_insulin": 19.08818817138672,
  "mean_iob": 0.7606577277183533,
  "pct_tir_70_180": 86.04166666666667,
  "pct_above_250": 0.0,
  "pct_below_70": 0.0,
  "pct_shield_active": 0.0,
  "shield_count": 0,
  "total_reward": 434.2702331542969,
  "mean_reward": 0.9047296643257141
}