{
  "timesteps": 3900000,
  "episode_steps": 480,
  "mean_cgm": 138.04653930664062,
  "mean_action": -0.8786336183547974,
  "mean_insulin": 0.0451345220208168,
  "mean_proposed_insulin": 0.0451345220208168,
  "mean_shielded_insulin": 0.0451345220208168,
  "total_insulin": 21.664569854736328,
  "total_proposed_insulin": 21.664569854736328,
  "total_shielded_insulin": 21.664569854736328,
  "mean_iob": 0.8696365356445312,
  "pct_tir_70_180": 79.16666666666666,
  "pct_above_250": 0.0,
  "pct_below_70": 2.9166666666666665,
  "pct_shield_active": 0.0,
  "shield_count": 0,
  "total_reward": 414.54296875,
  "mean_reward": 0.8636311888694763
}