{
  "timesteps": 600000,
  "episode_steps": 480,
  "mean_cgm": 137.63665771484375,
  "mean_action": -0.9684037566184998,
  "mean_insulin": 0.045771460980176926,
  "mean_proposed_insulin": 0.045771460980176926,
  "mean_shielded_insulin": 0.045771460980176926,
  "total_insulin": 21.970300674438477,
  "total_proposed_insulin": 21.970300674438477,
  "total_shielded_insulin": 21.970300674438477,
  "mean_iob": 0.8850557804107666,
  "pct_tir_70_180": 76.66666666666667,
  "pct_above_250": 0.0,
  "pct_below_70": 7.083333333333333,
  "pct_shield_active": 0.0,
  "shield_count": 0,
  "total_reward": 407.4866943359375,
  "mean_reward": 0.8489305973052979
}