{
  "timesteps": 1500000,
  "episode_steps": 480,
  "mean_cgm": 159.1896514892578,
  "mean_action": -0.8908546566963196,
  "mean_insulin": 0.038390956819057465,
  "mean_proposed_insulin": 0.038390956819057465,
  "mean_shielded_insulin": 0.038390956819057465,
  "total_insulin": 18.42765998840332,
  "total_proposed_insulin": 18.42765998840332,
  "total_shielded_insulin": 18.42765998840332,
  "mean_iob": 0.7497261166572571,
  "pct_tir_70_180": 69.375,
  "pct_above_250": 0.0,
  "pct_below_70": 0.0,
  "pct_shield_active": 0.0,
  "shield_count": 0,
  "total_reward": 388.4370422363281,
  "mean_reward": 0.8092438578605652
}