{
  "timesteps": 2300000,
  "episode_steps": 480,
  "mean_cgm": 142.51608276367188,
  "mean_action": -0.9221517443656921,
  "mean_insulin": 0.04924774914979935,
  "mean_proposed_insulin": 0.04924774914979935,
  "mean_shielded_insulin": 0.04924774914979935,
  "total_insulin": 23.638919830322266,
  "total_proposed_insulin": 23.638919830322266,
  "total_shielded_insulin": 23.638919830322266,
  "mean_iob": 0.9386489987373352,
  "pct_tir_70_180": 81.25,
  "pct_above_250": 0.0,
  "pct_below_70": 0.0,
  "pct_shield_active": 0.0,
  "shield_count": 0,
  "total_reward": 421.2178955078125,
  "mean_reward": 0.8775373101234436
}