{
  "timesteps": 400000,
  "episode_steps": 480,
  "mean_cgm": 156.5704803466797,
  "mean_action": -0.9679640531539917,
  "mean_insulin": 0.04394280165433884,
  "mean_proposed_insulin": 0.04394280165433884,
  "mean_shielded_insulin": 0.04394280165433884,
  "total_insulin": 21.092544555664062,
  "total_proposed_insulin": 21.092544555664062,
  "total_shielded_insulin": 21.092544555664062,
  "mean_iob": 0.856482207775116,
  "pct_tir_70_180": 72.91666666666666,
  "pct_above_250": 0.0,
  "pct_below_70": 0.0,
  "pct_shield_active": 0.0,
  "shield_count": 0,
  "total_reward": 393.6372375488281,
  "mean_reward": 0.8200775980949402
}