{
  "timesteps": 1100000,
  "episode_steps": 480,
  "mean_cgm": 142.7410430908203,
  "mean_action": -0.9702860713005066,
  "mean_insulin": 0.05428500473499298,
  "mean_proposed_insulin": 0.05428500473499298,
  "mean_shielded_insulin": 0.05428500473499298,
  "total_insulin": 26.05680274963379,
  "total_proposed_insulin": 26.05680274963379,
  "total_shielded_insulin": 26.05680274963379,
  "mean_iob": 1.0362714529037476,
  "pct_tir_70_180": 76.45833333333333,
  "pct_above_250": 0.0,
  "pct_below_70": 3.3333333333333335,
  "pct_shield_active": 0.0,
  "shield_count": 0,
  "total_reward": 405.9369201660156,
  "mean_reward": 0.8457019329071045
}