{
  "timesteps": 2400000,
  "episode_steps": 480,
  "mean_cgm": 157.55245971679688,
  "mean_action": -0.8795280456542969,
  "mean_insulin": 0.04615927115082741,
  "mean_proposed_insulin": 0.04615927115082741,
  "mean_shielded_insulin": 0.04615927115082741,
  "total_insulin": 22.156450271606445,
  "total_proposed_insulin": 22.156450271606445,
  "total_shielded_insulin": 22.156450271606445,
  "mean_iob": 0.897889256477356,
  "pct_tir_70_180": 66.45833333333333,
  "pct_above_250": 0.0,
  "pct_below_70": 1.25,
  "pct_shield_active": 0.0,
  "shield_count": 0,
  "total_reward": 381.1434020996094,
  "mean_reward": 0.7940487265586853
}