{
  "timesteps": 3500000,
  "episode_steps": 480,
  "mean_cgm": 138.0491485595703,
  "mean_action": -0.9355217814445496,
  "mean_insulin": 0.052866723388433456,
  "mean_proposed_insulin": 0.052866723388433456,
  "mean_shielded_insulin": 0.052866723388433456,
  "total_insulin": 25.376028060913086,
  "total_proposed_insulin": 25.376028060913086,
  "total_shielded_insulin": 25.376028060913086,
  "mean_iob": 1.01483952999115,
  "pct_tir_70_180": 83.125,
  "pct_above_250": 0.0,
  "pct_below_70": 3.125,
  "pct_shield_active": 0.0,
  "shield_count": 0,
  "total_reward": 424.035400390625,
  "mean_reward": 0.8834070563316345
}