{
  "timesteps": 1800000,
  "episode_steps": 480,
  "mean_cgm": 156.8316192626953,
  "mean_action": -0.8826784491539001,
  "mean_insulin": 0.04245230183005333,
  "mean_proposed_insulin": 0.04245230183005333,
  "mean_shielded_insulin": 0.04245230183005333,
  "total_insulin": 20.377105712890625,
  "total_proposed_insulin": 20.377105712890625,
  "total_shielded_insulin": 20.377105712890625,
  "mean_iob": 0.817749559879303,
  "pct_tir_70_180": 71.875,
  "pct_above_250": 0.0,
  "pct_below_70": 0.0,
  "pct_shield_active": 0.0,
  "shield_count": 0,
  "total_reward": 394.6044616699219,
  "mean_reward": 0.8220926523208618
}