{
  "timesteps": 3400000,
  "episode_steps": 480,
  "mean_cgm": 136.31817626953125,
  "mean_action": -0.9325273036956787,
  "mean_insulin": 0.050310030579566956,
  "mean_proposed_insulin": 0.050310030579566956,
  "mean_shielded_insulin": 0.050310030579566956,
  "total_insulin": 24.148815155029297,
  "total_proposed_insulin": 24.148815155029297,
  "total_shielded_insulin": 24.148815155029297,
  "mean_iob": 0.9602096080780029,
  "pct_tir_70_180": 90.83333333333333,
  "pct_above_250": 0.0,
  "pct_below_70": 1.6666666666666667,
  "pct_shield_active": 0.0,
  "shield_count": 0,
  "total_reward": 445.1578369140625,
  "mean_reward": 0.9274121522903442
}