{
  "timesteps": 3600000,
  "episode_steps": 480,
  "mean_cgm": 126.89079284667969,
  "mean_action": -0.9196996688842773,
  "mean_insulin": 0.03703862056136131,
  "mean_proposed_insulin": 0.03703862056136131,
  "mean_shielded_insulin": 0.03703862056136131,
  "total_insulin": 17.77853775024414,
  "total_proposed_insulin": 17.77853775024414,
  "total_shielded_insulin": 17.77853775024414,
  "mean_iob": 0.71927809715271,
  "pct_tir_70_180": 93.54166666666667,
  "pct_above_250": 0.0,
  "pct_below_70": 0.0,
  "pct_shield_active": 0.0,
  "shield_count": 0,
  "total_reward": 457.9804382324219,
  "mean_reward": 0.9541259407997131
}