{
  "timesteps": 200000,
  "episode_steps": 266,
  "mean_cgm": 261.5284729003906,
  "mean_action": -0.9988608956336975,
  "mean_insulin": 0.001692196005024016,
  "mean_proposed_insulin": 0.001692196005024016,
  "mean_shielded_insulin": 0.001692196005024016,
  "total_insulin": 0.4501241445541382,
  "total_proposed_insulin": 0.4501241445541382,
  "total_shielded_insulin": 0.4501241445541382,
  "mean_iob": 0.09667815268039703,
  "pct_tir_70_180": 38.34586466165413,
  "pct_above_250": 47.744360902255636,
  "pct_below_70": 0.0,
  "pct_shield_active": 0.0,
  "shield_count": 0,
  "total_reward": 147.28201293945312,
  "mean_reward": 0.5536918044090271
}