{
  "timesteps": 900000,
  "episode_steps": 480,
  "mean_cgm": 140.14820861816406,
  "mean_action": -0.9748319983482361,
  "mean_insulin": 0.04443209618330002,
  "mean_proposed_insulin": 0.04443209618330002,
  "mean_shielded_insulin": 0.04443209618330002,
  "total_insulin": 21.32740592956543,
  "total_proposed_insulin": 21.32740592956543,
  "total_shielded_insulin": 21.32740592956543,
  "mean_iob": 0.8602816462516785,
  "pct_tir_70_180": 75.20833333333333,
  "pct_above_250": 0.0,
  "pct_below_70": 7.291666666666667,
  "pct_shield_active": 0.0,
  "shield_count": 0,
  "total_reward": 402.6737365722656,
  "mean_reward": 0.8389036059379578
}