{
  "timesteps": 1900000,
  "episode_steps": 480,
  "mean_cgm": 161.11373901367188,
  "mean_action": -0.8430190682411194,
  "mean_insulin": 0.03714917600154877,
  "mean_proposed_insulin": 0.03714917600154877,
  "mean_shielded_insulin": 0.03714917600154877,
  "total_insulin": 17.83160400390625,
  "total_proposed_insulin": 17.83160400390625,
  "total_shielded_insulin": 17.83160400390625,
  "mean_iob": 0.7247081995010376,
  "pct_tir_70_180": 72.08333333333333,
  "pct_above_250": 0.0,
  "pct_below_70": 0.0,
  "pct_shield_active": 0.0,
  "shield_count": 0,
  "total_reward": 393.3249816894531,
  "mean_reward": 0.8194270730018616
}