{
  "timesteps": 3300000,
  "episode_steps": 480,
  "mean_cgm": 145.4046173095703,
  "mean_action": -0.9386692047119141,
  "mean_insulin": 0.04261310026049614,
  "mean_proposed_insulin": 0.04261310026049614,
  "mean_shielded_insulin": 0.04261310026049614,
  "total_insulin": 20.454288482666016,
  "total_proposed_insulin": 20.454288482666016,
  "total_shielded_insulin": 20.454288482666016,
  "mean_iob": 0.8272214531898499,
  "pct_tir_70_180": 85.41666666666666,
  "pct_above_250": 1.6666666666666667,
  "pct_below_70": 0.0,
  "pct_shield_active": 0.0,
  "shield_count": 0,
  "total_reward": 430.28887939453125,
  "mean_reward": 0.8964351415634155
}