{
  "timesteps": 4000000,
  "episode_steps": 480,
  "mean_cgm": 125.559814453125,
  "mean_action": -0.9097762703895569,
  "mean_insulin": 0.03929063305258751,
  "mean_proposed_insulin": 0.03929063305258751,
  "mean_shielded_insulin": 0.03929063305258751,
  "total_insulin": 18.85950469970703,
  "total_proposed_insulin": 18.85950469970703,
  "total_shielded_insulin": 18.85950469970703,
  "mean_iob": 0.7594924569129944,
  "pct_tir_70_180": 76.45833333333333,
  "pct_above_250": 0.0,
  "pct_below_70": 10.833333333333334,
  "pct_shield_active": 0.0,
  "shield_count": 0,
  "total_reward": 408.11602783203125,
  "mean_reward": 0.8502417206764221
}