{
  "timesteps": 800000,
  "episode_steps": 480,
  "mean_cgm": 139.78147888183594,
  "mean_action": -0.9761914610862732,
  "mean_insulin": 0.043707627803087234,
  "mean_proposed_insulin": 0.043707627803087234,
  "mean_shielded_insulin": 0.043707627803087234,
  "total_insulin": 20.97966194152832,
  "total_proposed_insulin": 20.97966194152832,
  "total_shielded_insulin": 20.97966194152832,
  "mean_iob": 0.8235151767730713,
  "pct_tir_70_180": 82.70833333333333,
  "pct_above_250": 0.0,
  "pct_below_70": 2.2916666666666665,
  "pct_shield_active": 0.0,
  "shield_count": 0,
  "total_reward": 421.77801513671875,
  "mean_reward": 0.8787041902542114
}