{
  "timesteps": 2000000,
  "episode_steps": 480,
  "mean_cgm": 150.0275421142578,
  "mean_action": -0.8847131133079529,
  "mean_insulin": 0.047794412821531296,
  "mean_proposed_insulin": 0.047794412821531296,
  "mean_shielded_insulin": 0.047794412821531296,
  "total_insulin": 22.94131851196289,
  "total_proposed_insulin": 22.94131851196289,
  "total_shielded_insulin": 22.94131851196289,
  "mean_iob": 0.909066379070282,
  "pct_tir_70_180": 79.79166666666667,
  "pct_above_250": 0.0,
  "pct_below_70": 0.0,
  "pct_shield_active": 0.0,
  "shield_count": 0,
  "total_reward": 415.5941467285156,
  "mean_reward": 0.865821123123169
}