{
  "timesteps": 2600000,
  "episode_steps": 480,
  "mean_cgm": 138.9254913330078,
  "mean_action": -0.8727678656578064,
  "mean_insulin": 0.04599660262465477,
  "mean_proposed_insulin": 0.04599660262465477,
  "mean_shielded_insulin": 0.04599660262465477,
  "total_insulin": 22.078369140625,
  "total_proposed_insulin": 22.078369140625,
  "total_shielded_insulin": 22.078369140625,
  "mean_iob": 0.8937224745750427,
  "pct_tir_70_180": 87.70833333333333,
  "pct_above_250": 0.0,
  "pct_below_70": 0.0,
  "pct_shield_active": 0.0,
  "shield_count": 0,
  "total_reward": 438.2740173339844,
  "mean_reward": 0.9130708575248718
}