{
  "timesteps": 1700000,
  "episode_steps": 145,
  "mean_cgm": 116.83547973632812,
  "mean_action": -0.9256920218467712,
  "mean_insulin": 0.04967890679836273,
  "mean_proposed_insulin": 0.04967890679836273,
  "mean_shielded_insulin": 0.04967890679836273,
  "total_insulin": 7.203441619873047,
  "total_proposed_insulin": 7.203441619873047,
  "total_shielded_insulin": 7.203441619873047,
  "mean_iob": 0.9831570386886597,
  "pct_tir_70_180": 74.48275862068967,
  "pct_above_250": 0.0,
  "pct_below_70": 25.517241379310345,
  "pct_shield_active": 0.0,
  "shield_count": 0,
  "total_reward": 113.66228485107422,
  "mean_reward": 0.7838778495788574
}