{
  "timesteps": 700000,
  "episode_steps": 480,
  "mean_cgm": 157.98606872558594,
  "mean_action": -0.8428003191947937,
  "mean_insulin": 0.03691479191184044,
  "mean_proposed_insulin": 0.03691479191184044,
  "mean_shielded_insulin": 0.03691479191184044,
  "total_insulin": 17.719100952148438,
  "total_proposed_insulin": 17.719100952148438,
  "total_shielded_insulin": 17.719100952148438,
  "mean_iob": 0.7268796563148499,
  "pct_tir_70_180": 67.5,
  "pct_above_250": 1.6666666666666667,
  "pct_below_70": 0.0,
  "pct_shield_active": 0.0,
  "shield_count": 0,
  "total_reward": 383.5629577636719,
  "mean_reward": 0.7990894913673401
}