{
  "timesteps": 500000,
  "episode_steps": 480,
  "mean_cgm": 156.3343048095703,
  "mean_action": -0.9641473293304443,
  "mean_insulin": 0.043167296797037125,
  "mean_proposed_insulin": 0.043167296797037125,
  "mean_shielded_insulin": 0.043167296797037125,
  "total_insulin": 20.72030258178711,
  "total_proposed_insulin": 20.72030258178711,
  "total_shielded_insulin": 20.72030258178711,
  "mean_iob": 0.8358263373374939,
  "pct_tir_70_180": 77.29166666666667,
  "pct_above_250": 3.125,
  "pct_below_70": 0.0,
  "pct_shield_active": 0.0,
  "shield_count": 0,
  "total_reward": 405.7152099609375,
  "mean_reward": 0.8452399969100952
}