{
  "timesteps": 3000000,
  "episode_steps": 480,
  "mean_cgm": 145.47848510742188,
  "mean_action": -0.8768938779830933,
  "mean_insulin": 0.04577086120843887,
  "mean_proposed_insulin": 0.04577086120843887,
  "mean_shielded_insulin": 0.04577086120843887,
  "total_insulin": 21.970012664794922,
  "total_proposed_insulin": 21.970012664794922,
  "total_shielded_insulin": 21.970012664794922,
  "mean_iob": 0.8850082159042358,
  "pct_tir_70_180": 80.0,
  "pct_above_250": 0.0,
  "pct_below_70": 0.0,
  "pct_shield_active": 0.0,
  "shield_count": 0,
  "total_reward": 415.9131774902344,
  "mean_reward": 0.8664857745170593
}