{
  "timesteps": 1200000,
  "episode_steps": 480,
  "mean_cgm": 147.3881378173828,
  "mean_action": -0.949005663394928,
  "mean_insulin": 0.04853678122162819,
  "mean_proposed_insulin": 0.04853678122162819,
  "mean_shielded_insulin": 0.04853678122162819,
  "total_insulin": 23.29765510559082,
  "total_proposed_insulin": 23.29765510559082,
  "total_shielded_insulin": 23.29765510559082,
  "mean_iob": 0.9283778071403503,
  "pct_tir_70_180": 73.75,
  "pct_above_250": 0.0,
  "pct_below_70": 2.5,
  "pct_shield_active": 0.0,
  "shield_count": 0,
  "total_reward": 399.1692199707031,
  "mean_reward": 0.8316025137901306
}