Complexity,Loss,Equation
1,0.038326994,"x26"
3,0.037983794,"x26 - -0.01851688"
5,0.030401079,"x26 - (-0.034036417 / x2)"
7,0.026527679,"x26 - (-0.0054663424 / (x2 * x2))"
9,0.02432373,"x26 - (((x23 - 0.85803497) * 0.060139243) / x2)"
11,0.020140436,"x26 - ((((x25 - 0.08876688) - 0.85803497) * 0.060139243) / x2)"
