{
  "best_student_iteration": 4,
  "dataset_size": 3,
  "teacher": {
    "mean_reward": 474.1320299999999,
    "std_reward": 1.1368683772161603e-13
  },
  "student": {
    "mean_reward": 475.4540359700001,
    "std_reward": 2.9849623037839144e-07
  }
}