iteration,mean_reward
0,333.862627
1,32.9018246
2,29.901676900000002
3,333.862627
4,475.45403569999996
5,37.67287660000001
6,473.9018652
7,333.862627
8,38.4536648
9,133.90300969999998
10,94.5079327
11,473.1087703
12,473.41810150000003
13,333.862627
14,201.83914040000005
15,333.862627
16,333.862627
17,472.92648429999997
18,474.0908251999999
19,333.862627
