policy,mean_reward,std_reward
teacher,474.1320299999999,1.1368683772161603e-13
student_best,475.4540359700001,2.9849623037839144e-07
