Complexity,Loss,Equation
1,0.07768459,"x26"
3,0.075379856,"x26 * 0.9147385"
5,0.07244051,"x26 - (x19 * 0.13751799)"
7,0.04688155,"((0.89010906 - x2) + x26) * 0.6513552"
