episode,70<=BG<=180,BG>180,BG<70,BG>250,BG<50,LBGI,HBGI,Risk Index
0,62.37006237006237,30.76923076923077,6.860706860706861,16.008316008316008,0.0,1.159763051900258,8.277586825315211,9.43734987721547
