Complexity,Loss,Equation
1,0.04547331,"x26"
3,0.04473993,"x26 / 1.05625"
5,0.041967966,"x26 + (x17 / -8.710939)"
7,0.040341415,"(x26 + -0.05729116) + (0.034874633 / x2)"
9,0.03560022,"x26 + (((-0.032403428 * x25) + 0.034874633) / x2)"
