Complexity,Loss,Equation
1,0.04136591,"x26"
3,0.041048225,"x26 + 0.017817665"
5,0.034627784,"x26 + (0.017823622 / x2)"
7,0.03232768,"x26 + (0.017823622 / (x2 * 0.52529687))"
9,0.030138,"(x26 + (0.017823622 / (x2 * 0.43818682))) / 1.0770988"
