{
  "clip_range": 0.22610377683640964,
  "gamma": 0.15936532196555647,
  "max_grad_norm": 0.09952368072919579,
  "ent_coef": 0.09226484844801483,
  "vf_coef": 0.08932295871225197,
  "net_arch": 0.08921728371351628,
  "n_steps": 0.07950583160836279,
  "gae_lambda": 0.07070825169624463,
  "batch_size": 0.03634113030539192,
  "n_epochs": 0.035524505311083615,
  "learning_rate": 0.022122410673972134
}