Complexity,Loss,Equation
1,0.014123028,"x26"
3,0.014008094,"x26 - -0.01071883"
5,0.012477124,"x26 + (x18 * -0.08414056)"
7,0.011980281,"((x20 / -8.202509) + x26) * 1.0751368"
9,0.011927785,"(x20 / (-7.536823 + x17)) + (x26 * 1.0794387)"
11,0.011891767,"((x20 / (-7.536823 + x17)) + (x26 * 1.0794387)) - -0.0116963005"
13,0.011759511,"((x26 + (x20 / -8.817777)) + ((x8 * -0.7147357) / 13.694872)) * 1.0595927"
15,0.011706531,"((x26 + ((x20 / -8.817777) + ((x8 * -0.7147357) / 13.694872))) * 1.0595927) - -0.01279532"
17,0.0101428125,"((((x15 + (x2 - 0.94386154)) * -0.30952793) + (x15 / (x15 + 5.624321))) + x26) / 1.0948966"
