Complexity,Loss,Equation
1,0.027662687,"x26"
3,0.026835904,"x26 * 0.93930686"
5,0.025645215,"(x17 * -0.09557774) + x26"
7,0.023501957,"(x26 - (-0.029441692 / x2)) * 0.88635397"
9,0.021973107,"((0.88635397 * x26) - (-0.029441692 / x2)) + -0.037752774"
