iteration,mean_reward
0,105.66666380000001
1,474.1959408000001
