policy,mean_reward,std_reward
teacher,474.1320299999999,1.1368683772161603e-13
student_best,474.19755918000027,0.001801489446984817
