Complexity,Loss,Equation
1,0.04358968,"x26"
3,0.042958256,"x26 * 0.9484733"
5,0.039032727,"x26 - (-0.027729537 / x2)"
7,0.03601219,"(x26 - (-0.027729537 / x2)) / 1.1083274"
9,0.03300992,"(x26 - (-0.027729537 / (x2 + -0.07030336))) / 1.3300891"
