{
  "timesteps": 1000000,
  "episode_steps": 480,
  "mean_cgm": 154.4455108642578,
  "mean_action": -0.8389766812324524,
  "mean_insulin": 0.043796125799417496,
  "mean_proposed_insulin": 0.043796125799417496,
  "mean_shielded_insulin": 0.043796125799417496,
  "total_insulin": 21.022140502929688,
  "total_proposed_insulin": 21.022140502929688,
  "total_shielded_insulin": 21.022140502929688,
  "mean_iob": 0.8404911160469055,
  "pct_tir_70_180": 81.25,
  "pct_above_250": 0.0,
  "pct_below_70": 0.0,
  "pct_shield_active": 0.0,
  "shield_count": 0,
  "total_reward": 417.7323303222656,
  "mean_reward": 0.8702756762504578
}