{
  "timesteps": 3500000,
  "episode_steps": 480,
  "mean_cgm": 157.39691162109375,
  "mean_action": -0.9259327054023743,
  "mean_insulin": 0.043765559792518616,
  "mean_proposed_insulin": 0.043765559792518616,
  "mean_shielded_insulin": 0.043765559792518616,
  "total_insulin": 21.007469177246094,
  "total_proposed_insulin": 21.007469177246094,
  "total_shielded_insulin": 21.007469177246094,
  "mean_iob": 0.8289652466773987,
  "pct_tir_70_180": 83.125,
  "pct_above_250": 0.625,
  "pct_below_70": 0.0,
  "pct_shield_active": 0.0,
  "shield_count": 0,
  "total_reward": 421.93426513671875,
  "mean_reward": 0.8790296912193298
}