{
  "timesteps": 200000,
  "episode_steps": 370,
  "mean_cgm": 254.76507568359375,
  "mean_action": -0.9993598461151123,
  "mean_insulin": 0.0016844712663441896,
  "mean_proposed_insulin": 0.0016844712663441896,
  "mean_shielded_insulin": 0.0016844712663441896,
  "total_insulin": 0.6232543587684631,
  "total_proposed_insulin": 0.6232543587684631,
  "total_shielded_insulin": 0.6232543587684631,
  "mean_iob": 0.06745313107967377,
  "pct_tir_70_180": 30.0,
  "pct_above_250": 58.648648648648646,
  "pct_below_70": 0.0,
  "pct_shield_active": 0.0,
  "shield_count": 0,
  "total_reward": 192.6180419921875,
  "mean_reward": 0.520589292049408
}