{
  "timesteps": 3400000,
  "episode_steps": 480,
  "mean_cgm": 147.46389770507812,
  "mean_action": -0.9203208684921265,
  "mean_insulin": 0.04526049643754959,
  "mean_proposed_insulin": 0.04526049643754959,
  "mean_shielded_insulin": 0.04526049643754959,
  "total_insulin": 21.725038528442383,
  "total_proposed_insulin": 21.725038528442383,
  "total_shielded_insulin": 21.725038528442383,
  "mean_iob": 0.8529714345932007,
  "pct_tir_70_180": 83.75,
  "pct_above_250": 0.0,
  "pct_below_70": 0.0,
  "pct_shield_active": 0.0,
  "shield_count": 0,
  "total_reward": 426.24578857421875,
  "mean_reward": 0.8880120515823364
}