{
  "timesteps": 3700000,
  "episode_steps": 480,
  "mean_cgm": 148.84225463867188,
  "mean_action": -0.813096821308136,
  "mean_insulin": 0.054441023617982864,
  "mean_proposed_insulin": 0.054441023617982864,
  "mean_shielded_insulin": 0.054441023617982864,
  "total_insulin": 26.131690979003906,
  "total_proposed_insulin": 26.131690979003906,
  "total_shielded_insulin": 26.131690979003906,
  "mean_iob": 1.0292729139328003,
  "pct_tir_70_180": 70.41666666666667,
  "pct_above_250": 0.0,
  "pct_below_70": 0.0,
  "pct_shield_active": 0.0,
  "shield_count": 0,
  "total_reward": 393.90155029296875,
  "mean_reward": 0.8206282258033752
}