{
  "timesteps": 2500000,
  "episode_steps": 480,
  "mean_cgm": 128.5557403564453,
  "mean_action": -0.8303267359733582,
  "mean_insulin": 0.03834451735019684,
  "mean_proposed_insulin": 0.03834451735019684,
  "mean_shielded_insulin": 0.03834451735019684,
  "total_insulin": 18.40536880493164,
  "total_proposed_insulin": 18.40536880493164,
  "total_shielded_insulin": 18.40536880493164,
  "mean_iob": 0.7319497466087341,
  "pct_tir_70_180": 84.375,
  "pct_above_250": 0.0,
  "pct_below_70": 6.458333333333334,
  "pct_shield_active": 0.0,
  "shield_count": 0,
  "total_reward": 430.0599365234375,
  "mean_reward": 0.8959581851959229
}