{
  "timesteps": 2400000,
  "episode_steps": 357,
  "mean_cgm": 132.8496551513672,
  "mean_action": -0.8435499668121338,
  "mean_insulin": 0.05660497769713402,
  "mean_proposed_insulin": 0.05660497769713402,
  "mean_shielded_insulin": 0.05660497769713402,
  "total_insulin": 20.207977294921875,
  "total_proposed_insulin": 20.207977294921875,
  "total_shielded_insulin": 20.207977294921875,
  "mean_iob": 1.0760807991027832,
  "pct_tir_70_180": 83.75350140056022,
  "pct_above_250": 0.0,
  "pct_below_70": 4.481792717086835,
  "pct_shield_active": 0.0,
  "shield_count": 0,
  "total_reward": 317.0887145996094,
  "mean_reward": 0.8882036805152893
}