{
  "timesteps": 1800000,
  "episode_steps": 480,
  "mean_cgm": 139.25357055664062,
  "mean_action": -0.8403711915016174,
  "mean_insulin": 0.05780376121401787,
  "mean_proposed_insulin": 0.05780376121401787,
  "mean_shielded_insulin": 0.05780376121401787,
  "total_insulin": 27.745805740356445,
  "total_proposed_insulin": 27.745805740356445,
  "total_shielded_insulin": 27.745805740356445,
  "mean_iob": 1.0275368690490723,
  "pct_tir_70_180": 89.58333333333334,
  "pct_above_250": 0.0,
  "pct_below_70": 3.958333333333333,
  "pct_shield_active": 0.0,
  "shield_count": 0,
  "total_reward": 438.52801513671875,
  "mean_reward": 0.9136000275611877
}