{
  "timesteps": 3300000,
  "episode_steps": 480,
  "mean_cgm": 148.03529357910156,
  "mean_action": -0.8702965974807739,
  "mean_insulin": 0.0487915500998497,
  "mean_proposed_insulin": 0.0487915500998497,
  "mean_shielded_insulin": 0.0487915500998497,
  "total_insulin": 23.419944763183594,
  "total_proposed_insulin": 23.419944763183594,
  "total_shielded_insulin": 23.419944763183594,
  "mean_iob": 0.940875768661499,
  "pct_tir_70_180": 84.375,
  "pct_above_250": 0.0,
  "pct_below_70": 0.20833333333333334,
  "pct_shield_active": 0.0,
  "shield_count": 0,
  "total_reward": 426.70562744140625,
  "mean_reward": 0.8889700770378113
}