{
  "timesteps": 1600000,
  "episode_steps": 480,
  "mean_cgm": 128.00637817382812,
  "mean_action": -0.8448149561882019,
  "mean_insulin": 0.0532924048602581,
  "mean_proposed_insulin": 0.0532924048602581,
  "mean_shielded_insulin": 0.0532924048602581,
  "total_insulin": 25.580354690551758,
  "total_proposed_insulin": 25.580354690551758,
  "total_shielded_insulin": 25.580354690551758,
  "mean_iob": 1.0229617357254028,
  "pct_tir_70_180": 96.25,
  "pct_above_250": 0.0,
  "pct_below_70": 1.6666666666666667,
  "pct_shield_active": 0.0,
  "shield_count": 0,
  "total_reward": 460.12841796875,
  "mean_reward": 0.9586008787155151
}