{
  "timesteps": 3200000,
  "episode_steps": 480,
  "mean_cgm": 156.14755249023438,
  "mean_action": -0.8941787481307983,
  "mean_insulin": 0.05655299872159958,
  "mean_proposed_insulin": 0.05655299872159958,
  "mean_shielded_insulin": 0.05655299872159958,
  "total_insulin": 27.14543914794922,
  "total_proposed_insulin": 27.14543914794922,
  "total_shielded_insulin": 27.14543914794922,
  "mean_iob": 1.0186361074447632,
  "pct_tir_70_180": 73.75,
  "pct_above_250": 0.8333333333333334,
  "pct_below_70": 0.0,
  "pct_shield_active": 0.0,
  "shield_count": 0,
  "total_reward": 400.4339294433594,
  "mean_reward": 0.8342373371124268
}