{
  "timesteps": 3900000,
  "episode_steps": 480,
  "mean_cgm": 166.32235717773438,
  "mean_action": -0.9388001561164856,
  "mean_insulin": 0.035306792706251144,
  "mean_proposed_insulin": 0.035306792706251144,
  "mean_shielded_insulin": 0.035306792706251144,
  "total_insulin": 16.9472599029541,
  "total_proposed_insulin": 16.9472599029541,
  "total_shielded_insulin": 16.9472599029541,
  "mean_iob": 0.6854560971260071,
  "pct_tir_70_180": 66.45833333333333,
  "pct_above_250": 3.958333333333333,
  "pct_below_70": 0.0,
  "pct_shield_active": 0.0,
  "shield_count": 0,
  "total_reward": 378.8211975097656,
  "mean_reward": 0.789210855960846
}