{
  "timesteps": 500000,
  "episode_steps": 480,
  "mean_cgm": 191.6594696044922,
  "mean_action": -0.9755457639694214,
  "mean_insulin": 0.03435555472970009,
  "mean_proposed_insulin": 0.03435555472970009,
  "mean_shielded_insulin": 0.03435555472970009,
  "total_insulin": 16.490665435791016,
  "total_proposed_insulin": 16.490665435791016,
  "total_shielded_insulin": 16.490665435791016,
  "mean_iob": 0.6679514646530151,
  "pct_tir_70_180": 54.79166666666667,
  "pct_above_250": 12.5,
  "pct_below_70": 0.0,
  "pct_shield_active": 0.0,
  "shield_count": 0,
  "total_reward": 337.91497802734375,
  "mean_reward": 0.703989565372467
}