{
  "timesteps": 2700000,
  "episode_steps": 480,
  "mean_cgm": 135.1044158935547,
  "mean_action": -0.8253412842750549,
  "mean_insulin": 0.05177975445985794,
  "mean_proposed_insulin": 0.05177975445985794,
  "mean_shielded_insulin": 0.05177975445985794,
  "total_insulin": 24.85428237915039,
  "total_proposed_insulin": 24.85428237915039,
  "total_shielded_insulin": 24.85428237915039,
  "mean_iob": 1.0040817260742188,
  "pct_tir_70_180": 86.45833333333334,
  "pct_above_250": 0.0,
  "pct_below_70": 0.0,
  "pct_shield_active": 0.0,
  "shield_count": 0,
  "total_reward": 436.8276672363281,
  "mean_reward": 0.9100576639175415
}