{
  "timesteps": 2900000,
  "episode_steps": 480,
  "mean_cgm": 130.47335815429688,
  "mean_action": -0.8964108228683472,
  "mean_insulin": 0.055434562265872955,
  "mean_proposed_insulin": 0.055434562265872955,
  "mean_shielded_insulin": 0.055434562265872955,
  "total_insulin": 26.60858917236328,
  "total_proposed_insulin": 26.60858917236328,
  "total_shielded_insulin": 26.60858917236328,
  "mean_iob": 1.0575530529022217,
  "pct_tir_70_180": 92.08333333333333,
  "pct_above_250": 0.0,
  "pct_below_70": 0.0,
  "pct_shield_active": 0.0,
  "shield_count": 0,
  "total_reward": 452.75152587890625,
  "mean_reward": 0.9432323575019836
}