{
  "timesteps": 3100000,
  "episode_steps": 480,
  "mean_cgm": 136.53135681152344,
  "mean_action": -0.8638207912445068,
  "mean_insulin": 0.05228285491466522,
  "mean_proposed_insulin": 0.05228285491466522,
  "mean_shielded_insulin": 0.05228285491466522,
  "total_insulin": 25.09576988220215,
  "total_proposed_insulin": 25.09576988220215,
  "total_shielded_insulin": 25.09576988220215,
  "mean_iob": 1.0160914659500122,
  "pct_tir_70_180": 87.29166666666667,
  "pct_above_250": 0.0,
  "pct_below_70": 0.0,
  "pct_shield_active": 0.0,
  "shield_count": 0,
  "total_reward": 438.5384521484375,
  "mean_reward": 0.9136217832565308
}