{
  "timesteps": 4000000,
  "episode_steps": 480,
  "mean_cgm": 132.69627380371094,
  "mean_action": -0.863266110420227,
  "mean_insulin": 0.0551786869764328,
  "mean_proposed_insulin": 0.0551786869764328,
  "mean_shielded_insulin": 0.0551786869764328,
  "total_insulin": 26.485769271850586,
  "total_proposed_insulin": 26.485769271850586,
  "total_shielded_insulin": 26.485769271850586,
  "mean_iob": 1.0689011812210083,
  "pct_tir_70_180": 79.58333333333333,
  "pct_above_250": 0.0,
  "pct_below_70": 2.9166666666666665,
  "pct_shield_active": 0.0,
  "shield_count": 0,
  "total_reward": 414.4833068847656,
  "mean_reward": 0.8635069131851196
}