{
  "timesteps": 1900000,
  "episode_steps": 480,
  "mean_cgm": 139.51637268066406,
  "mean_action": -0.9076432585716248,
  "mean_insulin": 0.04534558206796646,
  "mean_proposed_insulin": 0.04534558206796646,
  "mean_shielded_insulin": 0.04534558206796646,
  "total_insulin": 21.765878677368164,
  "total_proposed_insulin": 21.765878677368164,
  "total_shielded_insulin": 21.765878677368164,
  "mean_iob": 0.8675018548965454,
  "pct_tir_70_180": 85.0,
  "pct_above_250": 0.0,
  "pct_below_70": 0.0,
  "pct_shield_active": 0.0,
  "shield_count": 0,
  "total_reward": 431.2144775390625,
  "mean_reward": 0.898363471031189
}