{
  "timesteps": 2000000,
  "episode_steps": 480,
  "mean_cgm": 138.36325073242188,
  "mean_action": -0.840933084487915,
  "mean_insulin": 0.04375673830509186,
  "mean_proposed_insulin": 0.04375673830509186,
  "mean_shielded_insulin": 0.04375673830509186,
  "total_insulin": 21.00323486328125,
  "total_proposed_insulin": 21.00323486328125,
  "total_shielded_insulin": 21.00323486328125,
  "mean_iob": 0.8239513039588928,
  "pct_tir_70_180": 86.04166666666667,
  "pct_above_250": 0.0,
  "pct_below_70": 0.0,
  "pct_shield_active": 0.0,
  "shield_count": 0,
  "total_reward": 436.40814208984375,
  "mean_reward": 0.9091836214065552
}