{
  "timesteps": 900000,
  "episode_steps": 361,
  "mean_cgm": 151.22488403320312,
  "mean_action": -0.8106261491775513,
  "mean_insulin": 0.04550632834434509,
  "mean_proposed_insulin": 0.04550632834434509,
  "mean_shielded_insulin": 0.04550632834434509,
  "total_insulin": 16.427783966064453,
  "total_proposed_insulin": 16.427783966064453,
  "total_shielded_insulin": 16.427783966064453,
  "mean_iob": 0.8959684371948242,
  "pct_tir_70_180": 76.73130193905817,
  "pct_above_250": 0.0,
  "pct_below_70": 1.9390581717451523,
  "pct_shield_active": 0.0,
  "shield_count": 0,
  "total_reward": 305.9144287109375,
  "mean_reward": 0.8474084138870239
}