{
  "timesteps": 1500000,
  "episode_steps": 366,
  "mean_cgm": 148.65744018554688,
  "mean_action": -0.851697564125061,
  "mean_insulin": 0.0547783337533474,
  "mean_proposed_insulin": 0.0547783337533474,
  "mean_shielded_insulin": 0.0547783337533474,
  "total_insulin": 20.048870086669922,
  "total_proposed_insulin": 20.048870086669922,
  "total_shielded_insulin": 20.048870086669922,
  "mean_iob": 1.033028244972229,
  "pct_tir_70_180": 76.775956284153,
  "pct_above_250": 0.0,
  "pct_below_70": 3.278688524590164,
  "pct_shield_active": 0.0,
  "shield_count": 0,
  "total_reward": 308.45916748046875,
  "mean_reward": 0.842784583568573
}