{
  "timesteps": 3600000,
  "episode_steps": 480,
  "mean_cgm": 168.08746337890625,
  "mean_action": -0.9486190676689148,
  "mean_insulin": 0.039347898215055466,
  "mean_proposed_insulin": 0.039347898215055466,
  "mean_shielded_insulin": 0.039347898215055466,
  "total_insulin": 18.886991500854492,
  "total_proposed_insulin": 18.886991500854492,
  "total_shielded_insulin": 18.886991500854492,
  "mean_iob": 0.7709270119667053,
  "pct_tir_70_180": 76.875,
  "pct_above_250": 4.375,
  "pct_below_70": 0.0,
  "pct_shield_active": 0.0,
  "shield_count": 0,
  "total_reward": 401.18841552734375,
  "mean_reward": 0.8358091711997986
}