Complexity,Loss,Equation
1,0.02260845,"x26"
3,0.02247231,"x26 * 0.9751744"
5,0.020892683,"(x17 * -0.08920651) + x26"
7,0.020008758,"((x8 + x19) * -0.08877528) + x26"
9,0.019684397,"((x19 + (x8 * x2)) * -0.108207814) + x26"
11,0.019339522,"((x2 * -0.108207814) * ((x19 + x8) + x8)) + x26"
