Complexity,Loss,Equation
1,0.028879255,"x26"
3,0.02815615,"x26 * 0.94568026"
5,0.02535663,"x26 - (-0.022058988 / x2)"
7,0.022325609,"(x26 - (-0.05714781 / x2)) / 1.2648351"
9,0.018621191,"(x26 - ((-0.05714781 / x2) - -0.050777484)) / 1.1650952"
