Complexity,Loss,Equation
1,0.026524069,"x26"
3,0.026311325,"x26 + 0.014566745"
5,0.02204168,"(0.029941127 / x2) + x26"
7,0.016407315,"x26 + (0.006169931 / (x2 - 0.10228187))"
15,0.016104817,"x26 + ((1.4333532 - (((x23 + x8) / 1.4805053) - (x2 * -1.3343499))) * 0.27443257)"
