Complexity,Loss,Equation
1,0.02593442,"x26"
3,0.02558952,"x26 + 0.018571403"
5,0.022608167,"(0.021878762 / x2) + x26"
7,0.015935069,"x26 + (0.0009847635 / (x2 + -0.11011897))"
9,0.014385268,"x26 + (0.0009847635 / ((x2 + -0.11011897) / 1.4795499))"
11,0.013654291,"(x26 + (0.0009847635 / ((x2 + -0.11011897) / 1.4795499))) / 1.0914941"
