Complexity,Loss,Equation
1,0.04341462,"x26"
3,0.042978443,"x26 / 1.0460736"
5,0.037146095,"(0.018573847 / x2) + x26"
7,0.03192388,"((0.05538472 / x2) + x26) - 0.072699375"
9,0.027265659,"(0.05538472 / x2) + ((x26 * 0.87054425) + -0.07615226)"
