{
  "timesteps": 1200000,
  "episode_steps": 480,
  "mean_cgm": 134.64132690429688,
  "mean_action": -0.48195332288742065,
  "mean_insulin": 0.04316721856594086,
  "mean_proposed_insulin": 0.04316721856594086,
  "mean_shielded_insulin": 0.04316721856594086,
  "total_insulin": 20.720264434814453,
  "total_proposed_insulin": 20.720264434814453,
  "total_shielded_insulin": 20.720264434814453,
  "mean_iob": 0.8366045355796814,
  "pct_tir_70_180": 90.83333333333333,
  "pct_above_250": 0.0,
  "pct_below_70": 0.0,
  "pct_shield_active": 0.0,
  "shield_count": 0,
  "total_reward": 447.9659423828125,
  "mean_reward": 0.9332624077796936
}