{
  "timesteps": 3600000,
  "episode_steps": 362,
  "mean_cgm": 104.25554656982422,
  "mean_action": -0.5949057340621948,
  "mean_insulin": 0.039533693343400955,
  "mean_proposed_insulin": 0.039533693343400955,
  "mean_shielded_insulin": 0.039533693343400955,
  "total_insulin": 14.311197280883789,
  "total_proposed_insulin": 14.311197280883789,
  "total_shielded_insulin": 14.311197280883789,
  "mean_iob": 0.7883339524269104,
  "pct_tir_70_180": 62.15469613259669,
  "pct_above_250": 0.0,
  "pct_below_70": 31.491712707182316,
  "pct_shield_active": 0.0,
  "shield_count": 0,
  "total_reward": 272.6746826171875,
  "mean_reward": 0.7532449960708618
}