{
  "timesteps": 2300000,
  "episode_steps": 480,
  "mean_cgm": 120.17537689208984,
  "mean_action": -0.4495859742164612,
  "mean_insulin": 0.04514545574784279,
  "mean_proposed_insulin": 0.04514545574784279,
  "mean_shielded_insulin": 0.04514545574784279,
  "total_insulin": 21.669818878173828,
  "total_proposed_insulin": 21.669818878173828,
  "total_shielded_insulin": 21.669818878173828,
  "mean_iob": 0.8692826628684998,
  "pct_tir_70_180": 98.95833333333334,
  "pct_above_250": 0.0,
  "pct_below_70": 0.0,
  "pct_shield_active": 0.0,
  "shield_count": 0,
  "total_reward": 468.34075927734375,
  "mean_reward": 0.9757099151611328
}