{
  "timesteps": 1900000,
  "episode_steps": 480,
  "mean_cgm": 128.57537841796875,
  "mean_action": -0.425557404756546,
  "mean_insulin": 0.04553189128637314,
  "mean_proposed_insulin": 0.04553189128637314,
  "mean_shielded_insulin": 0.04553189128637314,
  "total_insulin": 21.855308532714844,
  "total_proposed_insulin": 21.855308532714844,
  "total_shielded_insulin": 21.855308532714844,
  "mean_iob": 0.873017430305481,
  "pct_tir_70_180": 100.0,
  "pct_above_250": 0.0,
  "pct_below_70": 0.0,
  "pct_shield_active": 0.0,
  "shield_count": 0,
  "total_reward": 473.261962890625,
  "mean_reward": 0.985962450504303
}