{
  "timesteps": 1800000,
  "episode_steps": 480,
  "mean_cgm": 128.4969940185547,
  "mean_action": -0.41312721371650696,
  "mean_insulin": 0.04443703591823578,
  "mean_proposed_insulin": 0.04443703591823578,
  "mean_shielded_insulin": 0.04443703591823578,
  "total_insulin": 21.329776763916016,
  "total_proposed_insulin": 21.329776763916016,
  "total_shielded_insulin": 21.329776763916016,
  "mean_iob": 0.8464118838310242,
  "pct_tir_70_180": 97.08333333333333,
  "pct_above_250": 0.0,
  "pct_below_70": 0.0,
  "pct_shield_active": 0.0,
  "shield_count": 0,
  "total_reward": 465.1596984863281,
  "mean_reward": 0.9690827131271362
}