{
  "timesteps": 2900000,
  "episode_steps": 480,
  "mean_cgm": 117.90445709228516,
  "mean_action": -0.529469907283783,
  "mean_insulin": 0.046107031404972076,
  "mean_proposed_insulin": 0.046107031404972076,
  "mean_shielded_insulin": 0.046107031404972076,
  "total_insulin": 22.13137435913086,
  "total_proposed_insulin": 22.13137435913086,
  "total_shielded_insulin": 22.13137435913086,
  "mean_iob": 0.8836143016815186,
  "pct_tir_70_180": 85.0,
  "pct_above_250": 0.0,
  "pct_below_70": 6.875000000000001,
  "pct_shield_active": 0.0,
  "shield_count": 0,
  "total_reward": 430.378662109375,
  "mean_reward": 0.8966222405433655
}