{
  "timesteps": 3500000,
  "episode_steps": 480,
  "mean_cgm": 117.48072814941406,
  "mean_action": -0.5075059533119202,
  "mean_insulin": 0.050339050590991974,
  "mean_proposed_insulin": 0.050339050590991974,
  "mean_shielded_insulin": 0.050339050590991974,
  "total_insulin": 24.162744522094727,
  "total_proposed_insulin": 24.162744522094727,
  "total_shielded_insulin": 24.162744522094727,
  "mean_iob": 0.9794778823852539,
  "pct_tir_70_180": 68.75,
  "pct_above_250": 0.0,
  "pct_below_70": 17.708333333333336,
  "pct_shield_active": 0.0,
  "shield_count": 0,
  "total_reward": 388.81793212890625,
  "mean_reward": 0.81003737449646
}