{
  "timesteps": 400000,
  "episode_steps": 480,
  "mean_cgm": 155.70162963867188,
  "mean_action": -0.5631892085075378,
  "mean_insulin": 0.03730308637022972,
  "mean_proposed_insulin": 0.03730308637022972,
  "mean_shielded_insulin": 0.03730308637022972,
  "total_insulin": 17.905481338500977,
  "total_proposed_insulin": 17.905481338500977,
  "total_shielded_insulin": 17.905481338500977,
  "mean_iob": 0.7303933501243591,
  "pct_tir_70_180": 77.08333333333334,
  "pct_above_250": 0.0,
  "pct_below_70": 0.0,
  "pct_shield_active": 0.0,
  "shield_count": 0,
  "total_reward": 407.6248779296875,
  "mean_reward": 0.849218487739563
}