{
  "timesteps": 500000,
  "episode_steps": 209,
  "mean_cgm": 145.80178833007812,
  "mean_action": -0.48631560802459717,
  "mean_insulin": 0.05186554417014122,
  "mean_proposed_insulin": 0.05186554417014122,
  "mean_shielded_insulin": 0.05186554417014122,
  "total_insulin": 10.839899063110352,
  "total_proposed_insulin": 10.839899063110352,
  "total_shielded_insulin": 10.839899063110352,
  "mean_iob": 0.986382007598877,
  "pct_tir_70_180": 75.11961722488039,
  "pct_above_250": 0.0,
  "pct_below_70": 6.220095693779904,
  "pct_shield_active": 0.0,
  "shield_count": 0,
  "total_reward": 173.24533081054688,
  "mean_reward": 0.8289250135421753
}