{
  "timesteps": 2100000,
  "episode_steps": 480,
  "mean_cgm": 121.83318328857422,
  "mean_action": -0.5042880177497864,
  "mean_insulin": 0.0444474034011364,
  "mean_proposed_insulin": 0.0444474034011364,
  "mean_shielded_insulin": 0.0444474034011364,
  "total_insulin": 21.334753036499023,
  "total_proposed_insulin": 21.334753036499023,
  "total_shielded_insulin": 21.334753036499023,
  "mean_iob": 0.86641925573349,
  "pct_tir_70_180": 90.0,
  "pct_above_250": 0.0,
  "pct_below_70": 0.625,
  "pct_shield_active": 0.0,
  "shield_count": 0,
  "total_reward": 445.1776123046875,
  "mean_reward": 0.927453339099884
}