{
  "timesteps": 1600000,
  "episode_steps": 480,
  "mean_cgm": 124.13819885253906,
  "mean_action": -0.5603809356689453,
  "mean_insulin": 0.04628777876496315,
  "mean_proposed_insulin": 0.04628777876496315,
  "mean_shielded_insulin": 0.04628777876496315,
  "total_insulin": 22.2181339263916,
  "total_proposed_insulin": 22.2181339263916,
  "total_shielded_insulin": 22.2181339263916,
  "mean_iob": 0.8965327143669128,
  "pct_tir_70_180": 76.875,
  "pct_above_250": 0.0,
  "pct_below_70": 10.833333333333334,
  "pct_shield_active": 0.0,
  "shield_count": 0,
  "total_reward": 406.3628234863281,
  "mean_reward": 0.846589207649231
}