{
  "timesteps": 1400000,
  "episode_steps": 480,
  "mean_cgm": 126.42269134521484,
  "mean_action": -0.5130636096000671,
  "mean_insulin": 0.04466007649898529,
  "mean_proposed_insulin": 0.04466007649898529,
  "mean_shielded_insulin": 0.04466007649898529,
  "total_insulin": 21.43683624267578,
  "total_proposed_insulin": 21.43683624267578,
  "total_shielded_insulin": 21.43683624267578,
  "mean_iob": 0.8425570726394653,
  "pct_tir_70_180": 99.16666666666667,
  "pct_above_250": 0.0,
  "pct_below_70": 0.8333333333333334,
  "pct_shield_active": 0.0,
  "shield_count": 0,
  "total_reward": 467.04034423828125,
  "mean_reward": 0.973000705242157
}