{
  "timesteps": 2800000,
  "episode_steps": 238,
  "mean_cgm": 119.55401611328125,
  "mean_action": -0.5468622446060181,
  "mean_insulin": 0.047800689935684204,
  "mean_proposed_insulin": 0.047800689935684204,
  "mean_shielded_insulin": 0.047800689935684204,
  "total_insulin": 11.376564025878906,
  "total_proposed_insulin": 11.376564025878906,
  "total_shielded_insulin": 11.376564025878906,
  "mean_iob": 0.9407835602760315,
  "pct_tir_70_180": 68.0672268907563,
  "pct_above_250": 0.0,
  "pct_below_70": 18.487394957983195,
  "pct_shield_active": 0.0,
  "shield_count": 0,
  "total_reward": 184.1331024169922,
  "mean_reward": 0.7736684679985046
}