{
  "timesteps": 300000,
  "episode_steps": 480,
  "mean_cgm": 191.5462188720703,
  "mean_action": -0.5107828974723816,
  "mean_insulin": 0.033517614006996155,
  "mean_proposed_insulin": 0.033517614006996155,
  "mean_shielded_insulin": 0.033517614006996155,
  "total_insulin": 16.088455200195312,
  "total_proposed_insulin": 16.088455200195312,
  "total_shielded_insulin": 16.088455200195312,
  "mean_iob": 0.6472553014755249,
  "pct_tir_70_180": 48.95833333333333,
  "pct_above_250": 10.208333333333334,
  "pct_below_70": 0.0,
  "pct_shield_active": 0.0,
  "shield_count": 0,
  "total_reward": 324.57379150390625,
  "mean_reward": 0.6761953830718994
}