{
  "timesteps": 1000000,
  "episode_steps": 480,
  "mean_cgm": 143.285888671875,
  "mean_action": -0.47362691164016724,
  "mean_insulin": 0.04203319549560547,
  "mean_proposed_insulin": 0.04203319549560547,
  "mean_shielded_insulin": 0.04203319549560547,
  "total_insulin": 20.175933837890625,
  "total_proposed_insulin": 20.175933837890625,
  "total_shielded_insulin": 20.175933837890625,
  "mean_iob": 0.8046828508377075,
  "pct_tir_70_180": 85.41666666666666,
  "pct_above_250": 0.0,
  "pct_below_70": 0.0,
  "pct_shield_active": 0.0,
  "shield_count": 0,
  "total_reward": 433.12939453125,
  "mean_reward": 0.9023529291152954
}