{
  "timesteps": 1700000,
  "episode_steps": 480,
  "mean_cgm": 127.2825927734375,
  "mean_action": -0.41323286294937134,
  "mean_insulin": 0.045704975724220276,
  "mean_proposed_insulin": 0.045704975724220276,
  "mean_shielded_insulin": 0.045704975724220276,
  "total_insulin": 21.93838882446289,
  "total_proposed_insulin": 21.93838882446289,
  "total_shielded_insulin": 21.93838882446289,
  "mean_iob": 0.8824518322944641,
  "pct_tir_70_180": 97.29166666666667,
  "pct_above_250": 0.0,
  "pct_below_70": 0.0,
  "pct_shield_active": 0.0,
  "shield_count": 0,
  "total_reward": 463.3757629394531,
  "mean_reward": 0.9653661847114563
}