{
  "timesteps": 2600000,
  "episode_steps": 480,
  "mean_cgm": 118.58714294433594,
  "mean_action": -0.4242810308933258,
  "mean_insulin": 0.044051241129636765,
  "mean_proposed_insulin": 0.044051241129636765,
  "mean_shielded_insulin": 0.044051241129636765,
  "total_insulin": 21.144596099853516,
  "total_proposed_insulin": 21.144596099853516,
  "total_shielded_insulin": 21.144596099853516,
  "mean_iob": 0.8538668155670166,
  "pct_tir_70_180": 93.54166666666667,
  "pct_above_250": 0.0,
  "pct_below_70": 6.458333333333334,
  "pct_shield_active": 0.0,
  "shield_count": 0,
  "total_reward": 454.7864074707031,
  "mean_reward": 0.9474716782569885
}