{
  "timesteps": 1100000,
  "episode_steps": 480,
  "mean_cgm": 134.15240478515625,
  "mean_action": -0.5005051493644714,
  "mean_insulin": 0.044723138213157654,
  "mean_proposed_insulin": 0.044723138213157654,
  "mean_shielded_insulin": 0.044723138213157654,
  "total_insulin": 21.467105865478516,
  "total_proposed_insulin": 21.467105865478516,
  "total_shielded_insulin": 21.467105865478516,
  "mean_iob": 0.8646367192268372,
  "pct_tir_70_180": 81.04166666666667,
  "pct_above_250": 1.4583333333333333,
  "pct_below_70": 1.875,
  "pct_shield_active": 0.0,
  "shield_count": 0,
  "total_reward": 421.5897216796875,
  "mean_reward": 0.8783119320869446
}