{
  "timesteps": 2700000,
  "episode_steps": 480,
  "mean_cgm": 103.88567352294922,
  "mean_action": -0.6093813180923462,
  "mean_insulin": 0.03475698083639145,
  "mean_proposed_insulin": 0.03475698083639145,
  "mean_shielded_insulin": 0.03475698083639145,
  "total_insulin": 16.683351516723633,
  "total_proposed_insulin": 16.683351516723633,
  "total_shielded_insulin": 16.683351516723633,
  "mean_iob": 0.6643804907798767,
  "pct_tir_70_180": 81.66666666666667,
  "pct_above_250": 0.0,
  "pct_below_70": 15.208333333333332,
  "pct_shield_active": 0.0,
  "shield_count": 0,
  "total_reward": 420.0050964355469,
  "mean_reward": 0.87501060962677
}