{
  "timesteps": 700000,
  "episode_steps": 480,
  "mean_cgm": 131.37155151367188,
  "mean_action": -0.5267167687416077,
  "mean_insulin": 0.03961767256259918,
  "mean_proposed_insulin": 0.03961767256259918,
  "mean_shielded_insulin": 0.03961767256259918,
  "total_insulin": 19.016483306884766,
  "total_proposed_insulin": 19.016483306884766,
  "total_shielded_insulin": 19.016483306884766,
  "mean_iob": 0.7770684957504272,
  "pct_tir_70_180": 79.79166666666667,
  "pct_above_250": 0.0,
  "pct_below_70": 11.041666666666666,
  "pct_shield_active": 0.0,
  "shield_count": 0,
  "total_reward": 413.8883056640625,
  "mean_reward": 0.8622673153877258
}