Complexity,Loss,Equation
1,0.04977835,"x26"
3,0.04885745,"x26 + 0.030338248"
5,0.03557353,"(0.04695718 / x2) + x26"
7,0.020439606,"(x2 * x26) - (-0.10165894 / x2)"
9,0.0134294415,"(x26 * x2) - ((-0.12827842 / x2) + 0.10758027)"
11,0.007370951,"x26 + ((1.000371 - x26) * (-0.12040615 - (-0.12284584 / x2)))"
17,0.006418977,"x26 + ((-0.14481047 - (-0.105449066 / x2)) * ((1.003373 - x26) * (x0 - (-0.13786913 / x2))))"
