Complexity,Loss,Equation
1,0.024634402,"x26"
3,0.023972468,"x26 * 0.94579846"
5,0.022504983,"x26 + (x8 * -0.1789197)"
7,0.021847988,"(x26 + (x8 * -0.18889572)) * 0.9460372"
9,0.02040735,"x26 + ((x26 * (x26 * x26)) * -0.09505454)"
11,0.019891016,"(x26 * (0.06358416 + (x26 * (x26 * -0.12413934)))) + x26"
13,0.019891014,"((x26 * ((x26 * x26) * -0.12413934)) + x26) + (x26 * 0.06358416)"
15,0.018681677,"((((x26 * x26) - 0.44198754) * (x26 * -0.14414544)) + x26) + (x8 * -0.15787712)"
17,0.017826507,"((((x26 * (x26 - 0.44198754)) - 0.44198754) * (x26 * -0.14414544)) + x26) + (x8 * -0.15787712)"
