Env ID,Method,Training timesteps,Mean reward,Std reward
Swimmer-v5,PPO,50000,43.7906416,1.4678911482485475
Swimmer-v5,DDPG,100000,46.4811677,0.9343075815692654
Swimmer-v5,SAC,100000,50.2580085,1.9428586304333753
Swimmer-v5,TD3,100000,35.7551366,2.1924130836527227
Swimmer-v5,TRPO,50000,35.631235499999995,3.727053941238367
Swimmer-v5,PPO,1000000,296.20323171,2.0509473818654045
Swimmer-v5,DDPG,1000000,-19.13089665,4.45936888521297
