Complexity,Loss,Equation
1,0.03919816,"x26"
3,0.038737863,"x26 * 0.95464253"
5,0.037233967,"x26 - (x8 * 0.16382451)"
7,0.036259316,"(x26 - (x2 * 0.16382451)) + 0.16825505"
9,0.03144638,"((x2 / -3.0796916) - -0.32165995) + (x26 * 0.8250164)"
