Complexity,Loss,Equation
1,0.008600029,"x26"
3,0.008347031,"x26 - -0.015883742"
5,0.007123764,"x26 - (x17 * 0.086801544)"
7,0.0064795925,"(x26 * 1.124933) + (x21 / -6.029779)"
9,0.0064545325,"(x21 / -6.1937213) + ((x26 - -0.004612136) * 1.1208832)"
11,0.0047315313,"(x26 - (((x26 - 1.187956) * 0.074575774) / x2)) + -0.07831397"
13,0.0045922943,"((x26 - (((x26 - 1.187956) * 0.074575774) / x2)) + -0.07831397) * 1.0089949"
15,0.00384413,"-0.06417669 + (x26 - ((x1 - -0.051456448) * (x15 - ((1.3710779 - x26) / x2))))"
17,0.0038060618,"-0.06417669 + (x26 - ((x1 - -0.051456448) * ((x8 * 2.0074847) - ((1.3710779 - x26) / x2))))"
