Complexity,Loss,Equation
1,0.03138036,"x26"
3,0.031195918,"x26 * 0.9715776"
5,0.027603768,"(x8 * -0.23217483) + x26"
7,0.023215974,"sin((-0.40248737 * log(x2)) + x26)"
8,0.023023775,"x26 + (-0.21860969 * log(x8 + x2))"
9,0.01209449,"sin(((log(x2) + x8) * -0.5011171) + x26)"
