Complexity,Loss,Equation
1,0.027209558,"x26"
3,0.027198842,"x26 + 0.0033094338"
5,0.025236443,"x26 - (x8 * 0.18232341)"
6,0.024214596,"x26 - (log(x2) * 0.08226977)"
7,0.015986245,"sin(x26 + (-0.36496106 * log(x2)))"
