Complexity,Loss,Equation
1,0.027401952,"x26"
3,0.026657348,"x26 * 0.9459717"
5,0.023780923,"x26 - (x17 * 0.11796561)"
6,0.023622762,"x26 + (sin(x17) * -0.13433065)"
7,0.021874458,"(-0.11496095 * (x8 + x19)) + x26"
8,0.021524781,"x26 + ((x17 + log(x2)) * -0.12841547)"
9,0.020834923,"sin(x26 + ((x17 + log(x2)) * -0.12841547))"
