Complexity,Loss,Equation
1,0.02898425,"x26"
3,0.028731277,"x26 * 0.96701986"
5,0.025869804,"x26 - (-0.022929074 / x2)"
6,0.021500124,"sin(x26 + (0.059312776 / x2))"
8,0.018390052,"sin(((0.059312776 / x2) + x26) - 0.04939432)"
9,0.015062632,"sin(x26 - (-0.006020697 / (-1.1119953 + exp(x2))))"
