Complexity,Loss,Equation
1,0.018754967,"x26"
3,0.018726746,"x26 * 0.9880063"
5,0.017160792,"x26 - (x18 * 0.087618)"
7,0.016541917,"(x26 * 1.1082844) - (x21 * 0.1587112)"
9,0.01461547,"x26 - ((x2 + (x17 + -0.9610721)) * 0.15876216)"
11,0.014447517,"x26 + ((x10 - (x25 + -0.9990893)) * (0.056431457 / x2))"
13,0.010360072,"x26 + ((x6 - ((x2 + x26) + -1.2040293)) * (0.056431457 / x2))"
15,0.009267389,"x26 + ((x6 - ((x2 + x26) + -1.2040293)) * (0.09855581 / (x2 * 1.0741237)))"
