Complexity,Loss,Equation
1,0.0490789,"x26"
3,0.048052065,"x26 * 0.9409045"
5,0.04649835,"x26 - (x17 * 0.10242975)"
7,0.046052676,"(0.073236674 * (0.37466374 - x19)) + x26"
9,0.04520531,"(0.073236674 * (0.37466374 - x8)) + (x26 / 1.0493977)"
