Complexity,Loss,Equation
1,0.04285817,"x26"
3,0.039387945,"x26 / 1.1356348"
5,0.03900219,"x26 + (x24 * -0.11961532)"
7,0.03010886,"x26 * (0.9393093 - (x26 * -0.13265193))"
11,0.026283734,"x26 * ((-1.5310456 - (x26 * (x26 * -0.08050387))) / -1.5226071)"
13,0.02617964,"(x26 * ((-1.5310456 - ((x26 * x26) * -0.08050387)) / -1.5226071)) - -0.009404108"
17,0.025651107,"(x26 * ((-1.5310456 - ((x26 * x26) * -0.08050387)) / -1.5226071)) - ((-0.009404108 / -0.4256411) * x16)"
19,0.025234342,"(x26 * ((-1.5310456 - ((x26 * x26) * -0.08050387)) / -1.5226071)) - ((-0.009404108 / -0.4256411) * (x17 + x15))"
