Complexity,Loss,Equation
1,0.028708242,"x26"
3,0.028414639,"x26 * 0.9632796"
5,0.027166868,"x26 + (-0.15076733 * x8)"
7,0.026902968,"((x8 - 0.097663336) * -0.17009078) + x26"
9,0.026438445,"x26 + (-0.15566155 * ((x8 + x19) / 1.5263901))"
