Complexity,Loss,Equation
1,0.03194328,"x26"
3,0.03144325,"x26 * 0.9539552"
5,0.029501876,"x26 + (x8 * -0.18806303)"
6,0.029343601,"x26 + (sin(x19) * -0.119128995)"
8,0.029210877,"((sin(x19) * -0.1361086) + x26) * 1.030102"
9,0.028691936,"x26 + (-0.07404457 * sin(x17 * exp(x2)))"
