Complexity,Loss,Equation
1,0.057510156,"x26"
3,0.05543857,"x26 + 0.0454716"
5,0.04717303,"(0.028474987 / x2) + x26"
7,0.042020764,"(x26 + (0.043352302 / x2)) * 0.87058574"
9,0.023748975,"(((x26 + -1.0174168) / x2) * -0.07950404) + x26"
11,0.0132720005,"(((x26 + -1.1922625) * -0.10454277) / x2) + (x26 + -0.14920698)"
13,0.012404949,"(((((x26 + -0.91803235) / x2) + -0.638598) * -0.012297883) / x2) + x26"
15,0.012332656,"x26 + ((((((x26 * -0.8894599) + 0.7604976) / x2) + x26) * 0.016370518) / x2)"
