Complexity,Loss,Equation
1,0.023736231,"x26"
3,0.023625404,"x26 + 0.010497606"
5,0.019876983,"x26 - (-0.02787449 / x2)"
7,0.012742406,"x26 - (-0.002589631 / (x2 + -0.10949779))"
9,0.011519411,"x26 - (-0.002589631 / ((x2 + -0.10949779) - x26))"
11,0.010092479,"x26 - (-0.002589631 / ((x2 + -0.10949779) - (x26 * -0.43069258)))"
