{
  "best_student_iteration": 8,
  "dataset_size": 3,
  "teacher": {
    "mean_reward": 474.1320299999999,
    "std_reward": 1.1368683772161603e-13
  },
  "student": {
    "mean_reward": 470.88899661999994,
    "std_reward": 0.0008136176716359419
  }
}