iteration,mean_reward
0,333.862627
1,333.862627
2,333.862627
3,333.862627
4,333.862627
5,333.862627
6,333.862627
7,333.862627
8,470.8897311999999
9,333.862627
