policy,mean_reward,std_reward
teacher,474.1320299999999,1.1368683772161603e-13
student_best,470.88899661999994,0.0008136176716359419
