Complexity,Loss,Equation
1,0.034636892,"x26"
3,0.03368013,"x26 + 0.03094712"
5,0.029264243,"x26 - (-0.022408158 / x2)"
7,0.02129684,"x26 + (0.0033658636 / (x2 - 0.106811486))"
9,0.019108973,"x26 + (((x8 * -0.17209056) + 0.047364734) / x2)"
11,0.01833913,"(x26 + ((x8 + -0.27522963) * (-0.1720915 / x2))) * 0.96023667"
13,0.014485531,"x26 - ((x26 + -1.651289) * (((x8 + -0.6561667) * -0.07073861) / x2))"
15,0.012857834,"x26 - ((((x26 + x26) + -1.651289) * ((x8 + -0.6561667) * -0.07073861)) / x2)"
17,0.011461449,"(x26 + (((0.11773541 - (x26 + -1.651289)) * ((x8 + -0.6561667) * -0.07073861)) / x2)) + -0.06560596"
