{
  "clip_range": 0.2473513032132111,
  "batch_size": 0.14725656037598175,
  "ent_coef": 0.14546547081483366,
  "net_arch": 0.10383229269639008,
  "n_steps": 0.09640365039610316,
  "max_grad_norm": 0.07311093897141359,
  "gae_lambda": 0.05311727230697771,
  "learning_rate": 0.05108048491243084,
  "gamma": 0.04306840264740437,
  "n_epochs": 0.032631798526385654,
  "vf_coef": 0.006681825138868051
}