Complexity,Loss,Equation
1,0.021166805,"x26"
3,0.021065842,"x26 + 0.010072804"
5,0.01930606,"x26 + (0.010072804 / x2)"
7,0.019087939,"x26 + (0.010072804 / (x2 * 0.8244102))"
9,0.018857755,"x26 + (((0.010072804 / 0.40174553) / x2) / 1.1770984)"
