Complexity,Loss,Equation
1,0.026822817,"x26"
3,0.026263436,"x26 * 0.950298"
5,0.025510114,"x26 + (x19 * -0.07880296)"
7,0.025136653,"(x26 - (x8 * 0.133449)) * 0.94442743"
9,0.022514377,"(x26 * 0.8249553) + (0.27059522 - (x2 * 0.28313074))"
11,0.017188821,"(((x26 + (x26 - 2.3434782)) / x2) * -0.026058221) + x26"
15,0.0155209135,"(((((x26 + x26) + (x26 - 2.3434782)) / x2) * -0.026058221) + x26) * 1.0981646"
19,0.012321959,"(((((x26 + x26) + ((x2 + -2.4753702) - (x5 - x26))) / x2) * -0.03161993) + x26) * 1.1191058"
