Complexity,Loss,Equation
1,0.031215772,"x26"
3,0.031021677,"x26 * 0.97637135"
5,0.02905091,"x26 - (-0.014650884 / x2)"
7,0.019230546,"x26 - (-0.0009214729 / (x2 - 0.11073458))"
9,0.016637417,"x26 - (-0.0009214729 / ((x2 - 0.11073458) - x26))"
11,0.013564461,"x26 - (-0.0009214729 / (((x2 - 0.11073458) - x26) * 0.42020193))"
