Complexity,Loss,Equation
1,0.023745518,"x26"
3,0.023692228,"x26 * 0.98396087"
5,0.021309031,"(0.016029492 / x2) + x26"
7,0.020906202,"0.9818602 * (x26 + (0.031725544 / x2))"
9,0.020846225,"(0.9818602 * x26) + (0.031725544 / (x2 * 1.6579525))"
