Complexity,Loss,Equation
1,0.029438034,"x26"
3,0.0290779,"x26 / 1.0402368"
5,0.027419336,"(x17 * -0.09444928) + x26"
