iteration,mean_reward
0,88.52607205000001
1,89.10523265000002
2,87.10288440000001
3,89.5986043
4,88.14826725
5,89.43194700000001
6,88.55775635
7,89.67486879999998
8,88.9064736
9,89.68643075
