policy,mean_reward,std_reward
teacher,94.1086911,1.024234662378095
student_best,88.63450432000003,3.5262783507769604
