policy,mean_reward,std_reward
teacher,93.99614613999998,1.1766860216909947
student_best,89.54094467,3.108272987118107
