Complexity,Loss,Equation
1,0.006676206,"x26"
3,0.0065392395,"x26 + 0.011724781"
5,0.0050948854,"x26 + (x17 * -0.08803495)"
7,0.0043193,"(x26 + (x21 * -0.15502436)) * 1.1328614"
11,0.0039452543,"(x26 + ((x19 + x8) * -0.09808734)) + (0.02091871 / x2)"
15,0.0039361557,"(x26 + ((((0.30723146 / 1.66082) + x16) + x8) * -0.09808734)) + (0.02091871 / x2)"
17,0.0038564503,"(x26 + ((((0.30723146 / (x14 + 1.66082)) + x16) + x8) * -0.09808734)) + (0.02091871 / x2)"
