Complexity,Loss,Equation
1,0.031646185,"x26"
3,0.031283595,"x26 / 1.0434448"
5,0.02941501,"x26 - (x19 * 0.103149764)"
6,0.029231906,"x26 - (sin(x19) * 0.11904456)"
7,0.018443746,"sin(x26 - (log(x2) / 2.41414))"
9,0.015948074,"sin(x26 - (log(x2 + x8) / 4.276309))"
10,0.01071439,"sin((x26 - (x8 + log(x2))) / exp(0.35947236))"
