Complexity,Loss,Equation
1,0.050978426,"x26"
3,0.050413717,"x26 * 0.95008713"
5,0.041820463,"(0.0362933 / x2) + x26"
7,0.03910701,"(0.0362933 / x2) + (x26 + -0.030186787)"
9,0.034951646,"-0.35947126 * ((x2 - 0.94093364) + (x26 * -2.2438316))"
