Complexity,Loss,Equation
1,0.02733709,"x26"
3,0.027010629,"x26 + 0.01801619"
5,0.023380771,"x26 - (-0.022864997 / x2)"
6,0.017490532,"sin(x26 - (-0.06790144 / x2))"
7,0.016895106,"sin(x26 - (sqrt(x2) - 1.0225902))"
8,0.0114900395,"sin((x26 - (-0.10137965 / x2)) - 0.08563538)"
