episode,70<=BG<=180,BG>180,BG<70,BG>250,BG<50,LBGI,HBGI,Risk Index
0,42.61954261954262,43.03534303534304,14.345114345114347,21.62162162162162,2.7027027027027026,2.730280089580424,11.716107844149287,14.446387933729712
