Complexity,Loss,Equation
1,0.02029847,"x26"
3,0.020276962,"x26 + 0.004646191"
5,0.018281069,"(0.019878794 / x2) + x26"
7,0.015863415,"(0.045352764 / (x2 + x8)) + x26"
9,0.011956523,"((0.078673095 / (x2 + x8)) + x26) - 0.08864423"
