iteration,mean_reward
0,80.52156955
1,73.52312049999998
2,84.0729733
3,85.56074165
4,82.45210165
5,94.6698097
6,88.80199135
7,82.4447155
8,95.93637795000001
9,90.2889314
