policy,mean_reward,std_reward
teacher,93.5170446,0.047152575733887175
student_best,95.38402892999999,9.842718498488034
