Complexity,Loss,Equation
1,0.019808551,"x26"
3,0.019738732,"x26 + 0.008355572"
5,0.016780416,"x26 + (0.024194757 / x2)"
7,0.014646111,"x26 + (0.060844876 / (x2 + x8))"
9,0.011235575,"(x26 + (0.060844876 / (x2 + x8))) + -0.08359587"
