Complexity,Loss,Equation
1,0.039998602,"x26"
3,0.039671272,"x26 / 1.0398148"
5,0.03772388,"x26 - (x19 * 0.10756536)"
7,0.033052187,"x26 - (0.09435264 * (-0.36679876 / x2))"
9,0.027393755,"x26 - (0.09435264 * (-0.4062643 / (x2 + x8)))"
