Complexity,Loss,Equation
1,0.03723063,"x26"
3,0.03694344,"x26 / 1.0348861"
5,0.034837577,"x26 - (-0.03943202 / x2)"
7,0.029443333,"(x26 - (-0.03943202 / x2)) / 1.1491373"
