episode,70<=BG<=180,BG>180,BG<70,BG>250,BG<50,LBGI,HBGI,Risk Index
0,27.027027027027028,69.43866943866944,3.5343035343035343,44.90644490644491,2.079002079002079,0.9890619570910365,21.197053310094535,22.18611526718557
