Complexity,Loss,Equation
1,0.028324118,"x26"
3,0.027478885,"x26 / 1.06183"
5,0.026276045,"x26 - (x12 * 0.09602313)"
7,0.025467442,"x26 - ((x19 + x8) * 0.09141427)"
9,0.025422074,"x26 + (0.0067531182 - ((x19 + x8) * 0.09225021))"
11,0.024047306,"x26 - ((0.28416514 / x2) * (-0.08823676 + (0.2116643 * x8)))"
13,0.02369501,"(x26 - (((0.28416514 / x2) + (-0.8338621 * x26)) * -0.08823676)) - 0.054690648"
15,0.021097569,"x26 - ((((0.28416514 / x2) + (-0.8807936 * x26)) * -0.08823676) + (0.2116643 * x8))"
17,0.020394187,"x26 - (((((0.28416514 / x2) + (-0.8807936 * x26)) * -0.08823676) + (0.2116643 * x8)) * 1.4307234)"
