Complexity,Loss,Equation
1,0.41051304,"0.083363"
3,0.35159567,"0.021414679 * x21"
5,0.32469502,"0.021414679 * (x21 + x25)"
7,0.3018364,"((x21 - x16) - x12) * 0.016762506"
9,0.27201983,"((x25 + (x21 - x16)) - x12) * 0.016762506"
11,0.26098758,"(((x25 + (x21 - x16)) - x12) * 0.01702628) + 0.105195045"
15,0.2579613,"((((x21 + (x13 * (x14 * 0.021592207))) - x16) - x12) + x25) * 0.018195847"
17,0.25145903,"((((x21 + (x13 * ((x14 * 0.021592207) + 0.48877847))) - x16) - x12) + x25) * 0.018195847"
19,0.24628049,"(((((x21 + (x13 * ((x14 * 0.021592207) + 0.48877847))) - x16) - x12) + x25) * 0.018195847) - -0.123408236"
