Complexity,Loss,Equation
1,0.059427198,"x26"
3,0.057068218,"x26 * 0.9075724"
5,0.054849394,"(x19 * -0.12748799) + x26"
7,0.049936827,"0.6214791 - ((x25 - x2) * -0.6225612)"
9,0.04331667,"(((x26 + -0.9680883) * x2) + 1.0962936) / 1.2850437"
