Complexity,Loss,Equation
1,0.027723942,"x26"
3,0.027702816,"x26 * 0.9900471"
5,0.02508639,"x26 - (-0.0136975655 / x2)"
7,0.02247849,"x26 - (0.05948763 + (-0.038379654 / x2))"
9,0.022478485,"(x26 - 0.05948763) + ((x6 - -0.038379654) / x2)"
