{
  "timesteps": 3800000,
  "episode_steps": 480,
  "mean_cgm": 154.54966735839844,
  "mean_action": -0.877749502658844,
  "mean_insulin": 0.037161435931921005,
  "mean_proposed_insulin": 0.037161435931921005,
  "mean_shielded_insulin": 0.037161435931921005,
  "total_insulin": 17.83749008178711,
  "total_proposed_insulin": 17.83749008178711,
  "total_shielded_insulin": 17.83749008178711,
  "mean_iob": 0.725026547908783,
  "pct_tir_70_180": 79.16666666666666,
  "pct_above_250": 0.8333333333333334,
  "pct_below_70": 0.8333333333333334,
  "pct_shield_active": 0.0,
  "shield_count": 0,
  "total_reward": 410.531005859375,
  "mean_reward": 0.8552729487419128
}