{
  "timesteps": 300000,
  "episode_steps": 244,
  "mean_cgm": 227.07334899902344,
  "mean_action": -0.9997394680976868,
  "mean_insulin": 0.0016793039394542575,
  "mean_proposed_insulin": 0.0016793039394542575,
  "mean_shielded_insulin": 0.0016793039394542575,
  "total_insulin": 0.40975016355514526,
  "total_proposed_insulin": 0.40975016355514526,
  "total_shielded_insulin": 0.40975016355514526,
  "mean_iob": 0.08556951582431793,
  "pct_tir_70_180": 38.52459016393443,
  "pct_above_250": 33.19672131147541,
  "pct_below_70": 0.0,
  "pct_shield_active": 0.0,
  "shield_count": 0,
  "total_reward": 144.42481994628906,
  "mean_reward": 0.5919049978256226
}