{
  "timesteps": 3200000,
  "episode_steps": 394,
  "mean_cgm": 141.5332489013672,
  "mean_action": -0.9073969721794128,
  "mean_insulin": 0.03968684747815132,
  "mean_proposed_insulin": 0.03968684747815132,
  "mean_shielded_insulin": 0.03968684747815132,
  "total_insulin": 15.636617660522461,
  "total_proposed_insulin": 15.636617660522461,
  "total_shielded_insulin": 15.636617660522461,
  "mean_iob": 0.7795301079750061,
  "pct_tir_70_180": 84.51776649746193,
  "pct_above_250": 0.0,
  "pct_below_70": 6.852791878172589,
  "pct_shield_active": 0.0,
  "shield_count": 0,
  "total_reward": 343.1408386230469,
  "mean_reward": 0.8709158301353455
}