{
  "timesteps": 3500000,
  "episode_steps": 480,
  "mean_cgm": 144.89700317382812,
  "mean_action": -0.9628604650497437,
  "mean_insulin": 0.036280736327171326,
  "mean_proposed_insulin": 0.036280736327171326,
  "mean_shielded_insulin": 0.036280736327171326,
  "total_insulin": 17.414752960205078,
  "total_proposed_insulin": 17.414752960205078,
  "total_shielded_insulin": 17.414752960205078,
  "mean_iob": 0.7139338254928589,
  "pct_tir_70_180": 88.95833333333333,
  "pct_above_250": 0.0,
  "pct_below_70": 1.25,
  "pct_shield_active": 0.0,
  "shield_count": 0,
  "total_reward": 438.81707763671875,
  "mean_reward": 0.9142022728919983
}