{
  "timesteps": 2200000,
  "episode_steps": 357,
  "mean_cgm": 147.8757781982422,
  "mean_action": -0.8250622749328613,
  "mean_insulin": 0.04712570086121559,
  "mean_proposed_insulin": 0.04712570086121559,
  "mean_shielded_insulin": 0.04712570086121559,
  "total_insulin": 16.823875427246094,
  "total_proposed_insulin": 16.823875427246094,
  "total_shielded_insulin": 16.823875427246094,
  "mean_iob": 0.9231187701225281,
  "pct_tir_70_180": 78.99159663865547,
  "pct_above_250": 0.0,
  "pct_below_70": 4.201680672268908,
  "pct_shield_active": 0.0,
  "shield_count": 0,
  "total_reward": 302.2409973144531,
  "mean_reward": 0.8466134667396545
}