{
  "timesteps": 800000,
  "episode_steps": 480,
  "mean_cgm": 147.80966186523438,
  "mean_action": -0.9703477025032043,
  "mean_insulin": 0.03572384640574455,
  "mean_proposed_insulin": 0.03572384640574455,
  "mean_shielded_insulin": 0.03572384640574455,
  "total_insulin": 17.147445678710938,
  "total_proposed_insulin": 17.147445678710938,
  "total_shielded_insulin": 17.147445678710938,
  "mean_iob": 0.692530632019043,
  "pct_tir_70_180": 79.79166666666667,
  "pct_above_250": 0.0,
  "pct_below_70": 3.958333333333333,
  "pct_shield_active": 0.0,
  "shield_count": 0,
  "total_reward": 414.5437316894531,
  "mean_reward": 0.8636327981948853
}