{
  "timesteps": 1600000,
  "episode_steps": 480,
  "mean_cgm": 145.3571319580078,
  "mean_action": -0.9425084590911865,
  "mean_insulin": 0.039534974843263626,
  "mean_proposed_insulin": 0.039534974843263626,
  "mean_shielded_insulin": 0.039534974843263626,
  "total_insulin": 18.976787567138672,
  "total_proposed_insulin": 18.976787567138672,
  "total_shielded_insulin": 18.976787567138672,
  "mean_iob": 0.7696439027786255,
  "pct_tir_70_180": 89.375,
  "pct_above_250": 0.0,
  "pct_below_70": 0.20833333333333334,
  "pct_shield_active": 0.0,
  "shield_count": 0,
  "total_reward": 439.92596435546875,
  "mean_reward": 0.9165124297142029
}