{
  "timesteps": 4000000,
  "episode_steps": 480,
  "mean_cgm": 135.8460235595703,
  "mean_action": -0.9756143093109131,
  "mean_insulin": 0.03962521627545357,
  "mean_proposed_insulin": 0.03962521627545357,
  "mean_shielded_insulin": 0.03962521627545357,
  "total_insulin": 19.020103454589844,
  "total_proposed_insulin": 19.020103454589844,
  "total_shielded_insulin": 19.020103454589844,
  "mean_iob": 0.7794722318649292,
  "pct_tir_70_180": 92.08333333333333,
  "pct_above_250": 0.0,
  "pct_below_70": 1.6666666666666667,
  "pct_shield_active": 0.0,
  "shield_count": 0,
  "total_reward": 448.4276428222656,
  "mean_reward": 0.9342242479324341
}