{
  "timesteps": 1400000,
  "episode_steps": 480,
  "mean_cgm": 165.02410888671875,
  "mean_action": -0.9598954319953918,
  "mean_insulin": 0.03569298982620239,
  "mean_proposed_insulin": 0.03569298982620239,
  "mean_shielded_insulin": 0.03569298982620239,
  "total_insulin": 17.13263511657715,
  "total_proposed_insulin": 17.13263511657715,
  "total_shielded_insulin": 17.13263511657715,
  "mean_iob": 0.6914578676223755,
  "pct_tir_70_180": 69.79166666666666,
  "pct_above_250": 2.083333333333333,
  "pct_below_70": 0.0,
  "pct_shield_active": 0.0,
  "shield_count": 0,
  "total_reward": 386.09454345703125,
  "mean_reward": 0.8043636083602905
}