{
  "timesteps": 900000,
  "episode_steps": 480,
  "mean_cgm": 169.27967834472656,
  "mean_action": -0.8333787322044373,
  "mean_insulin": 0.037087101489305496,
  "mean_proposed_insulin": 0.037087101489305496,
  "mean_shielded_insulin": 0.037087101489305496,
  "total_insulin": 17.801809310913086,
  "total_proposed_insulin": 17.801809310913086,
  "total_shielded_insulin": 17.801809310913086,
  "mean_iob": 0.728552520275116,
  "pct_tir_70_180": 60.416666666666664,
  "pct_above_250": 0.0,
  "pct_below_70": 1.25,
  "pct_shield_active": 0.0,
  "shield_count": 0,
  "total_reward": 360.8406066894531,
  "mean_reward": 0.7517512440681458
}