{
  "timesteps": 1200000,
  "episode_steps": 480,
  "mean_cgm": 163.73388671875,
  "mean_action": -0.855840802192688,
  "mean_insulin": 0.037076424807310104,
  "mean_proposed_insulin": 0.037076424807310104,
  "mean_shielded_insulin": 0.037076424807310104,
  "total_insulin": 17.79668426513672,
  "total_proposed_insulin": 17.79668426513672,
  "total_shielded_insulin": 17.79668426513672,
  "mean_iob": 0.725814700126648,
  "pct_tir_70_180": 69.16666666666667,
  "pct_above_250": 0.0,
  "pct_below_70": 0.0,
  "pct_shield_active": 0.0,
  "shield_count": 0,
  "total_reward": 385.6734924316406,
  "mean_reward": 0.8034864664077759
}