{
  "timesteps": 2500000,
  "episode_steps": 336,
  "mean_cgm": 134.4573516845703,
  "mean_action": -0.8512620329856873,
  "mean_insulin": 0.04917377978563309,
  "mean_proposed_insulin": 0.04917377978563309,
  "mean_shielded_insulin": 0.04917377978563309,
  "total_insulin": 16.522390365600586,
  "total_proposed_insulin": 16.522390365600586,
  "total_shielded_insulin": 16.522390365600586,
  "mean_iob": 0.9672953486442566,
  "pct_tir_70_180": 85.71428571428571,
  "pct_above_250": 0.0,
  "pct_below_70": 5.654761904761905,
  "pct_shield_active": 0.0,
  "shield_count": 0,
  "total_reward": 296.83599853515625,
  "mean_reward": 0.8834404945373535
}