{
  "timesteps": 3300000,
  "episode_steps": 480,
  "mean_cgm": 145.3363494873047,
  "mean_action": -0.9123720526695251,
  "mean_insulin": 0.04242542013525963,
  "mean_proposed_insulin": 0.04242542013525963,
  "mean_shielded_insulin": 0.04242542013525963,
  "total_insulin": 20.36420249938965,
  "total_proposed_insulin": 20.36420249938965,
  "total_shielded_insulin": 20.36420249938965,
  "mean_iob": 0.8317358493804932,
  "pct_tir_70_180": 79.58333333333333,
  "pct_above_250": 0.0,
  "pct_below_70": 4.375,
  "pct_shield_active": 0.0,
  "shield_count": 0,
  "total_reward": 413.45697021484375,
  "mean_reward": 0.861368715763092
}