{
  "timesteps": 3900000,
  "episode_steps": 480,
  "mean_cgm": 146.1204376220703,
  "mean_action": -0.921245813369751,
  "mean_insulin": 0.04248017445206642,
  "mean_proposed_insulin": 0.04248017445206642,
  "mean_shielded_insulin": 0.04248017445206642,
  "total_insulin": 20.390483856201172,
  "total_proposed_insulin": 20.390483856201172,
  "total_shielded_insulin": 20.390483856201172,
  "mean_iob": 0.8194153308868408,
  "pct_tir_70_180": 88.75,
  "pct_above_250": 0.0,
  "pct_below_70": 0.0,
  "pct_shield_active": 0.0,
  "shield_count": 0,
  "total_reward": 437.4854736328125,
  "mean_reward": 0.9114280939102173
}