{
  "timesteps": 1900000,
  "episode_steps": 480,
  "mean_cgm": 152.16720581054688,
  "mean_action": -0.8931368589401245,
  "mean_insulin": 0.04091884195804596,
  "mean_proposed_insulin": 0.04091884195804596,
  "mean_shielded_insulin": 0.04091884195804596,
  "total_insulin": 19.64104461669922,
  "total_proposed_insulin": 19.64104461669922,
  "total_shielded_insulin": 19.64104461669922,
  "mean_iob": 0.7900229096412659,
  "pct_tir_70_180": 82.29166666666666,
  "pct_above_250": 0.0,
  "pct_below_70": 0.0,
  "pct_shield_active": 0.0,
  "shield_count": 0,
  "total_reward": 420.34710693359375,
  "mean_reward": 0.875723123550415
}