{
  "timesteps": 2600000,
  "episode_steps": 480,
  "mean_cgm": 134.78298950195312,
  "mean_action": -0.9225884675979614,
  "mean_insulin": 0.040425606071949005,
  "mean_proposed_insulin": 0.040425606071949005,
  "mean_shielded_insulin": 0.040425606071949005,
  "total_insulin": 19.4042911529541,
  "total_proposed_insulin": 19.4042911529541,
  "total_shielded_insulin": 19.4042911529541,
  "mean_iob": 0.7682690024375916,
  "pct_tir_70_180": 88.95833333333333,
  "pct_above_250": 0.0,
  "pct_below_70": 3.125,
  "pct_shield_active": 0.0,
  "shield_count": 0,
  "total_reward": 439.64996337890625,
  "mean_reward": 0.9159374237060547
}