{
  "timesteps": 400000,
  "episode_steps": 480,
  "mean_cgm": 151.05484008789062,
  "mean_action": -0.9081563353538513,
  "mean_insulin": 0.024194590747356415,
  "mean_proposed_insulin": 0.024194590747356415,
  "mean_shielded_insulin": 0.024194590747356415,
  "total_insulin": 11.6134033203125,
  "total_proposed_insulin": 11.6134033203125,
  "total_shielded_insulin": 11.6134033203125,
  "mean_iob": 0.4911736845970154,
  "pct_tir_70_180": 67.08333333333333,
  "pct_above_250": 12.708333333333332,
  "pct_below_70": 3.75,
  "pct_shield_active": 0.0,
  "shield_count": 0,
  "total_reward": 376.0748596191406,
  "mean_reward": 0.7834892868995667
}