{
  "timesteps": 500000,
  "episode_steps": 480,
  "mean_cgm": 169.66464233398438,
  "mean_action": -0.906761109828949,
  "mean_insulin": 0.03294436261057854,
  "mean_proposed_insulin": 0.03294436261057854,
  "mean_shielded_insulin": 0.03294436261057854,
  "total_insulin": 15.81329345703125,
  "total_proposed_insulin": 15.81329345703125,
  "total_shielded_insulin": 15.81329345703125,
  "mean_iob": 0.6343342661857605,
  "pct_tir_70_180": 66.875,
  "pct_above_250": 0.0,
  "pct_below_70": 0.0,
  "pct_shield_active": 0.0,
  "shield_count": 0,
  "total_reward": 376.6683044433594,
  "mean_reward": 0.7847256064414978
}