{
  "timesteps": 2700000,
  "episode_steps": 480,
  "mean_cgm": 141.212646484375,
  "mean_action": -0.9155216217041016,
  "mean_insulin": 0.041888054460287094,
  "mean_proposed_insulin": 0.041888054460287094,
  "mean_shielded_insulin": 0.041888054460287094,
  "total_insulin": 20.106266021728516,
  "total_proposed_insulin": 20.106266021728516,
  "total_shielded_insulin": 20.106266021728516,
  "mean_iob": 0.8036579489707947,
  "pct_tir_70_180": 82.70833333333333,
  "pct_above_250": 0.0,
  "pct_below_70": 5.625,
  "pct_shield_active": 0.0,
  "shield_count": 0,
  "total_reward": 419.2611083984375,
  "mean_reward": 0.8734606504440308
}