{
  "timesteps": 2300000,
  "episode_steps": 480,
  "mean_cgm": 148.29359436035156,
  "mean_action": -0.7633424401283264,
  "mean_insulin": 0.041905030608177185,
  "mean_proposed_insulin": 0.041905030608177185,
  "mean_shielded_insulin": 0.041905030608177185,
  "total_insulin": 20.11441421508789,
  "total_proposed_insulin": 20.11441421508789,
  "total_shielded_insulin": 20.11441421508789,
  "mean_iob": 0.8017679452896118,
  "pct_tir_70_180": 86.66666666666667,
  "pct_above_250": 0.0,
  "pct_below_70": 0.0,
  "pct_shield_active": 0.0,
  "shield_count": 0,
  "total_reward": 433.9724426269531,
  "mean_reward": 0.9041092395782471
}