{
  "timesteps": 2800000,
  "episode_steps": 480,
  "mean_cgm": 125.48214721679688,
  "mean_action": -0.955073893070221,
  "mean_insulin": 0.040316760540008545,
  "mean_proposed_insulin": 0.040316760540008545,
  "mean_shielded_insulin": 0.040316760540008545,
  "total_insulin": 19.3520450592041,
  "total_proposed_insulin": 19.3520450592041,
  "total_shielded_insulin": 19.3520450592041,
  "mean_iob": 0.7725244164466858,
  "pct_tir_70_180": 76.45833333333333,
  "pct_above_250": 0.0,
  "pct_below_70": 10.208333333333334,
  "pct_shield_active": 0.0,
  "shield_count": 0,
  "total_reward": 408.35369873046875,
  "mean_reward": 0.8507368564605713
}