{
  "timesteps": 3700000,
  "episode_steps": 480,
  "mean_cgm": 144.78170776367188,
  "mean_action": -0.8892059326171875,
  "mean_insulin": 0.03883688524365425,
  "mean_proposed_insulin": 0.03883688524365425,
  "mean_shielded_insulin": 0.03883688524365425,
  "total_insulin": 18.641704559326172,
  "total_proposed_insulin": 18.641704559326172,
  "total_shielded_insulin": 18.641704559326172,
  "mean_iob": 0.7451080679893494,
  "pct_tir_70_180": 80.625,
  "pct_above_250": 0.0,
  "pct_below_70": 5.625,
  "pct_shield_active": 0.0,
  "shield_count": 0,
  "total_reward": 411.88751220703125,
  "mean_reward": 0.8580989837646484
}