{
  "timesteps": 1100000,
  "episode_steps": 480,
  "mean_cgm": 161.4196319580078,
  "mean_action": -0.9640429615974426,
  "mean_insulin": 0.04065101221203804,
  "mean_proposed_insulin": 0.04065101221203804,
  "mean_shielded_insulin": 0.04065101221203804,
  "total_insulin": 19.51248550415039,
  "total_proposed_insulin": 19.51248550415039,
  "total_shielded_insulin": 19.51248550415039,
  "mean_iob": 0.7785556316375732,
  "pct_tir_70_180": 82.5,
  "pct_above_250": 1.25,
  "pct_below_70": 0.0,
  "pct_shield_active": 0.0,
  "shield_count": 0,
  "total_reward": 415.6707763671875,
  "mean_reward": 0.8659808039665222
}