{
  "timesteps": 3100000,
  "episode_steps": 409,
  "mean_cgm": 134.34144592285156,
  "mean_action": -0.9255697727203369,
  "mean_insulin": 0.04433673247694969,
  "mean_proposed_insulin": 0.04433673247694969,
  "mean_shielded_insulin": 0.04433673247694969,
  "total_insulin": 18.133724212646484,
  "total_proposed_insulin": 18.133724212646484,
  "total_shielded_insulin": 18.133724212646484,
  "mean_iob": 0.8653382658958435,
  "pct_tir_70_180": 69.43765281173594,
  "pct_above_250": 0.0,
  "pct_below_70": 10.513447432762836,
  "pct_shield_active": 0.0,
  "shield_count": 0,
  "total_reward": 326.223876953125,
  "mean_reward": 0.7976133823394775
}