Complexity,Loss,Equation
1,0.008600029,"x26"
3,0.008347032,"x26 + 0.015910475"
5,0.007123764,"x26 + (x17 * -0.086801544)"
7,0.0064795925,"(x21 * -0.16586673) + (x26 * 1.1249673)"
9,0.006454531,"((x26 + (x21 * -0.14405234)) * 1.1209073) - -0.0051681157"
11,0.0062544025,"x26 - ((x19 * 0.10883526) - ((-0.22817552 / x2) * -0.06391624))"
13,0.005850531,"(x26 - (x19 * 0.10883526)) - (((0.3371022 / x2) + -0.40658298) * -0.06391624)"
