policy,mean_reward,std_reward
teacher,-2942.3761965300005,2649.016547031938
student_best,-631.84925203,1088.6188435523047
