Complexity,Loss,Equation
1,0.04446447,"x26"
3,0.043426808,"x26 * 0.9502389"
5,0.041245986,"x26 - (-0.016355067 / x2)"
7,0.03727852,"(x26 - (-0.029517487 / x2)) / 1.1208019"
9,0.031099223,"((x26 - (-0.07851119 / x2)) / 1.2781422) - 0.1324795"
