Complexity,Loss,Equation
1,0.022844136,"x26"
3,0.022676988,"x26 + 0.012928306"
5,0.021239482,"(x8 / -6.6404495) + x26"
