Complexity,Loss,Equation
1,0.008600029,"x26"
3,0.008347031,"x26 + 0.015918437"
5,0.0071244086,"(-0.08861292 * x17) + x26"
7,0.006807728,"((-0.08861292 * x17) + x26) / 0.9697739"
9,0.0065824473,"((x26 - x20) * 0.11535494) + (x26 * 0.9594635)"
