Complexity,Loss,Equation
1,0.039093573,"x26"
3,0.03861504,"x26 * 0.9545612"
5,0.03538834,"x26 - (x8 * 0.22829817)"
7,0.034485083,"(x26 - (x8 * 0.25937206)) * 0.93703485"
9,0.03152029,"((0.9222122 - (x18 + x2)) * 0.22472166) + x26"
10,0.030604761,"((cos(x20) - (x16 + x2)) * 0.22472166) + x26"
