Complexity,Loss,Equation
1,0.030393437,"x26"
3,0.030075552,"x26 * 0.962282"
5,0.027657865,"x26 - (-0.028726658 / x2)"
7,0.025749192,"(x26 * 0.9049017) + (0.030224487 / x2)"
9,0.02073467,"x26 - (((x26 - 0.97396183) / x2) * 0.062929444)"
11,0.012949177,"(x26 - (((x26 - 1.1912416) * 0.101712905) / x2)) + -0.1326773"
19,0.012210633,"x26 - (((x8 / -1.4340899) + 0.44352242) * ((((x26 / x2) + 0.78446335) - (1.0270734 / x2)) * 0.2578555))"
