Complexity,Loss,Equation
1,0.059273694,"x26"
3,0.05652889,"x26 + 0.05238417"
5,0.033052977,"x26 + (0.05238417 / x2)"
7,0.028550865,"(0.05637914 / x2) + (x26 * 0.83072186)"
9,0.026503088,"(0.05637914 / x2) + ((-0.05636075 + x26) * 0.83072186)"
