Complexity,Loss,Equation
1,0.02148162,"x26"
3,0.021195699,"x26 + 0.016908739"
5,0.018041719,"x26 + (0.026435599 / x2)"
7,0.017620303,"x26 + (0.026435599 / (x2 - 0.026435599))"
9,0.013962024,"x26 + (0.026435599 / (x2 - (x26 * -0.2575282)))"
