episode,70<=BG<=180,BG>180,BG<70,BG>250,BG<50,LBGI,HBGI,Risk Index
0,44.6985446985447,40.33264033264034,14.96881496881497,27.027027027027028,6.4449064449064455,4.159406310865188,12.977413887921438,17.136820198786626
