{
  "timesteps": 1800000,
  "episode_steps": 134,
  "mean_cgm": 239.60580444335938,
  "mean_action": -1.0,
  "mean_insulin": 0.0016773130046203732,
  "mean_proposed_insulin": 0.0016773130046203732,
  "mean_shielded_insulin": 0.0016773130046203732,
  "total_insulin": 0.22475993633270264,
  "total_proposed_insulin": 0.22475993633270264,
  "total_shielded_insulin": 0.22475993633270264,
  "mean_iob": 0.13875974714756012,
  "pct_tir_70_180": 44.776119402985074,
  "pct_above_250": 39.55223880597015,
  "pct_below_70": 0.0,
  "pct_shield_active": 0.0,
  "shield_count": 0,
  "total_reward": 81.25960540771484,
  "mean_reward": 0.6064149737358093
}