{
  "timesteps": 3200000,
  "episode_steps": 311,
  "mean_cgm": 177.84300231933594,
  "mean_action": -0.9858574867248535,
  "mean_insulin": 0.033835750073194504,
  "mean_proposed_insulin": 0.033835750073194504,
  "mean_shielded_insulin": 0.033835750073194504,
  "total_insulin": 10.522918701171875,
  "total_proposed_insulin": 10.522918701171875,
  "total_shielded_insulin": 10.522918701171875,
  "mean_iob": 0.6507204174995422,
  "pct_tir_70_180": 44.05144694533762,
  "pct_above_250": 22.829581993569132,
  "pct_below_70": 11.57556270096463,
  "pct_shield_active": 0.0,
  "shield_count": 0,
  "total_reward": 196.72140502929688,
  "mean_reward": 0.6325446963310242
}