{
  "timesteps": 200000,
  "episode_steps": 137,
  "mean_cgm": 246.6863555908203,
  "mean_action": -1.0,
  "mean_insulin": 0.0016773130046203732,
  "mean_proposed_insulin": 0.0016773130046203732,
  "mean_shielded_insulin": 0.0016773130046203732,
  "total_insulin": 0.22979187965393066,
  "total_proposed_insulin": 0.22979187965393066,
  "total_shielded_insulin": 0.22979187965393066,
  "mean_iob": 0.1248556524515152,
  "pct_tir_70_180": 34.306569343065696,
  "pct_above_250": 43.06569343065693,
  "pct_below_70": 0.0,
  "pct_shield_active": 0.0,
  "shield_count": 0,
  "total_reward": 75.22625732421875,
  "mean_reward": 0.5490967631340027
}