{
  "timesteps": 300000,
  "episode_steps": 135,
  "mean_cgm": 243.36886596679688,
  "mean_action": -1.0,
  "mean_insulin": 0.0016773128882050514,
  "mean_proposed_insulin": 0.0016773128882050514,
  "mean_shielded_insulin": 0.0016773128882050514,
  "total_insulin": 0.22643724083900452,
  "total_proposed_insulin": 0.22643724083900452,
  "total_shielded_insulin": 0.22643724083900452,
  "mean_iob": 0.1444481760263443,
  "pct_tir_70_180": 33.33333333333333,
  "pct_above_250": 37.77777777777778,
  "pct_below_70": 0.0,
  "pct_shield_active": 0.0,
  "shield_count": 0,
  "total_reward": 74.1441650390625,
  "mean_reward": 0.5492160320281982
}