{
  "timesteps": 2300000,
  "episode_steps": 258,
  "mean_cgm": 214.0880889892578,
  "mean_action": -0.979652464389801,
  "mean_insulin": 0.01777077093720436,
  "mean_proposed_insulin": 0.01777077093720436,
  "mean_shielded_insulin": 0.01777077093720436,
  "total_insulin": 4.5848588943481445,
  "total_proposed_insulin": 4.5848588943481445,
  "total_shielded_insulin": 4.5848588943481445,
  "mean_iob": 0.29241642355918884,
  "pct_tir_70_180": 44.57364341085272,
  "pct_above_250": 29.844961240310074,
  "pct_below_70": 0.0,
  "pct_shield_active": 0.0,
  "shield_count": 0,
  "total_reward": 163.17091369628906,
  "mean_reward": 0.6324453949928284
}