{
  "timesteps": 1200000,
  "episode_steps": 136,
  "mean_cgm": 241.7183837890625,
  "mean_action": -1.0,
  "mean_insulin": 0.0016773130046203732,
  "mean_proposed_insulin": 0.0016773130046203732,
  "mean_shielded_insulin": 0.0016773130046203732,
  "total_insulin": 0.22811457514762878,
  "total_proposed_insulin": 0.22811457514762878,
  "total_shielded_insulin": 0.22811457514762878,
  "mean_iob": 0.15075351297855377,
  "pct_tir_70_180": 36.76470588235294,
  "pct_above_250": 40.44117647058824,
  "pct_below_70": 0.0,
  "pct_shield_active": 0.0,
  "shield_count": 0,
  "total_reward": 76.93255615234375,
  "mean_reward": 0.5656805634498596
}