{
  "timesteps": 1300000,
  "episode_steps": 130,
  "mean_cgm": 239.47108459472656,
  "mean_action": -1.0,
  "mean_insulin": 0.0016773130046203732,
  "mean_proposed_insulin": 0.0016773130046203732,
  "mean_shielded_insulin": 0.0016773130046203732,
  "total_insulin": 0.21805068850517273,
  "total_proposed_insulin": 0.21805068850517273,
  "total_shielded_insulin": 0.21805068850517273,
  "mean_iob": 0.15422624349594116,
  "pct_tir_70_180": 36.15384615384615,
  "pct_above_250": 36.92307692307693,
  "pct_below_70": 0.0,
  "pct_shield_active": 0.0,
  "shield_count": 0,
  "total_reward": 73.7215805053711,
  "mean_reward": 0.5670890808105469
}