{
  "timesteps": 1500000,
  "episode_steps": 132,
  "mean_cgm": 238.60647583007812,
  "mean_action": -1.0,
  "mean_insulin": 0.0016773130046203732,
  "mean_proposed_insulin": 0.0016773130046203732,
  "mean_shielded_insulin": 0.0016773130046203732,
  "total_insulin": 0.22140531241893768,
  "total_proposed_insulin": 0.22140531241893768,
  "total_shielded_insulin": 0.22140531241893768,
  "mean_iob": 0.12096387892961502,
  "pct_tir_70_180": 33.33333333333333,
  "pct_above_250": 42.42424242424242,
  "pct_below_70": 0.0,
  "pct_shield_active": 0.0,
  "shield_count": 0,
  "total_reward": 73.1875228881836,
  "mean_reward": 0.5544509291648865
}