{
  "timesteps": 2000000,
  "episode_steps": 129,
  "mean_cgm": 241.01792907714844,
  "mean_action": -1.0,
  "mean_insulin": 0.0016773130046203732,
  "mean_proposed_insulin": 0.0016773130046203732,
  "mean_shielded_insulin": 0.0016773130046203732,
  "total_insulin": 0.21637338399887085,
  "total_proposed_insulin": 0.21637338399887085,
  "total_shielded_insulin": 0.21637338399887085,
  "mean_iob": 0.1360291838645935,
  "pct_tir_70_180": 37.2093023255814,
  "pct_above_250": 39.53488372093023,
  "pct_below_70": 0.0,
  "pct_shield_active": 0.0,
  "shield_count": 0,
  "total_reward": 73.41377258300781,
  "mean_reward": 0.5690990090370178
}