{
  "timesteps": 3800000,
  "episode_steps": 139,
  "mean_cgm": 216.28494262695312,
  "mean_action": -0.9841001033782959,
  "mean_insulin": 0.03765236958861351,
  "mean_proposed_insulin": 0.03765236958861351,
  "mean_shielded_insulin": 0.03765236958861351,
  "total_insulin": 5.233679294586182,
  "total_proposed_insulin": 5.233679294586182,
  "total_shielded_insulin": 5.233679294586182,
  "mean_iob": 0.7224648594856262,
  "pct_tir_70_180": 33.81294964028777,
  "pct_above_250": 32.37410071942446,
  "pct_below_70": 2.877697841726619,
  "pct_shield_active": 0.0,
  "shield_count": 0,
  "total_reward": 78.69368743896484,
  "mean_reward": 0.566141664981842
}