{
  "timesteps": 2200000,
  "episode_steps": 153,
  "mean_cgm": 269.05877685546875,
  "mean_action": -0.933315098285675,
  "mean_insulin": 0.008601123467087746,
  "mean_proposed_insulin": 0.008601123467087746,
  "mean_shielded_insulin": 0.008601123467087746,
  "total_insulin": 1.315971851348877,
  "total_proposed_insulin": 1.315971851348877,
  "total_shielded_insulin": 1.315971851348877,
  "mean_iob": 0.1856001317501068,
  "pct_tir_70_180": 17.647058823529413,
  "pct_above_250": 48.36601307189542,
  "pct_below_70": 0.0,
  "pct_shield_active": 0.0,
  "shield_count": 0,
  "total_reward": 68.53782653808594,
  "mean_reward": 0.44795966148376465
}