{
  "timesteps": 1900000,
  "episode_steps": 130,
  "mean_cgm": 243.8833770751953,
  "mean_action": -1.0,
  "mean_insulin": 0.0016773130046203732,
  "mean_proposed_insulin": 0.0016773130046203732,
  "mean_shielded_insulin": 0.0016773130046203732,
  "total_insulin": 0.21805068850517273,
  "total_proposed_insulin": 0.21805068850517273,
  "total_shielded_insulin": 0.21805068850517273,
  "mean_iob": 0.10826856642961502,
  "pct_tir_70_180": 33.84615384615385,
  "pct_above_250": 42.30769230769231,
  "pct_below_70": 0.0,
  "pct_shield_active": 0.0,
  "shield_count": 0,
  "total_reward": 71.6717758178711,
  "mean_reward": 0.5513213276863098
}