{
  "timesteps": 100000,
  "episode_steps": 134,
  "mean_cgm": 244.42820739746094,
  "mean_action": -1.0,
  "mean_insulin": 0.0016773130046203732,
  "mean_proposed_insulin": 0.0016773130046203732,
  "mean_shielded_insulin": 0.0016773130046203732,
  "total_insulin": 0.22475993633270264,
  "total_proposed_insulin": 0.22475993633270264,
  "total_shielded_insulin": 0.22475993633270264,
  "mean_iob": 0.12896469235420227,
  "pct_tir_70_180": 35.07462686567165,
  "pct_above_250": 41.04477611940299,
  "pct_below_70": 0.0,
  "pct_shield_active": 0.0,
  "shield_count": 0,
  "total_reward": 74.61287689208984,
  "mean_reward": 0.5568125247955322
}