{
  "timesteps": 900000,
  "episode_steps": 136,
  "mean_cgm": 246.48541259765625,
  "mean_action": -1.0,
  "mean_insulin": 0.0016773130046203732,
  "mean_proposed_insulin": 0.0016773130046203732,
  "mean_shielded_insulin": 0.0016773130046203732,
  "total_insulin": 0.22811457514762878,
  "total_proposed_insulin": 0.22811457514762878,
  "total_shielded_insulin": 0.22811457514762878,
  "mean_iob": 0.09910537302494049,
  "pct_tir_70_180": 33.82352941176471,
  "pct_above_250": 43.38235294117647,
  "pct_below_70": 0.0,
  "pct_shield_active": 0.0,
  "shield_count": 0,
  "total_reward": 74.63432312011719,
  "mean_reward": 0.5487818121910095
}