{
  "timesteps": 500000,
  "episode_steps": 131,
  "mean_cgm": 238.06922912597656,
  "mean_action": -1.0,
  "mean_insulin": 0.0016773128882050514,
  "mean_proposed_insulin": 0.0016773128882050514,
  "mean_shielded_insulin": 0.0016773128882050514,
  "total_insulin": 0.2197279930114746,
  "total_proposed_insulin": 0.2197279930114746,
  "total_shielded_insulin": 0.2197279930114746,
  "mean_iob": 0.12309174984693527,
  "pct_tir_70_180": 34.35114503816794,
  "pct_above_250": 38.93129770992366,
  "pct_below_70": 0.0,
  "pct_shield_active": 0.0,
  "shield_count": 0,
  "total_reward": 73.2747802734375,
  "mean_reward": 0.5593494772911072
}