{
  "timesteps": 700000,
  "episode_steps": 133,
  "mean_cgm": 240.163330078125,
  "mean_action": -1.0,
  "mean_insulin": 0.0016773130046203732,
  "mean_proposed_insulin": 0.0016773130046203732,
  "mean_shielded_insulin": 0.0016773130046203732,
  "total_insulin": 0.22308263182640076,
  "total_proposed_insulin": 0.22308263182640076,
  "total_shielded_insulin": 0.22308263182640076,
  "mean_iob": 0.14712253212928772,
  "pct_tir_70_180": 38.34586466165413,
  "pct_above_250": 39.849624060150376,
  "pct_below_70": 0.0,
  "pct_shield_active": 0.0,
  "shield_count": 0,
  "total_reward": 76.45499420166016,
  "mean_reward": 0.5748496055603027
}