{
  "timesteps": 2600000,
  "episode_steps": 320,
  "mean_cgm": 182.1207733154297,
  "mean_action": -0.9840260744094849,
  "mean_insulin": 0.03300550580024719,
  "mean_proposed_insulin": 0.03300550580024719,
  "mean_shielded_insulin": 0.03300550580024719,
  "total_insulin": 10.561761856079102,
  "total_proposed_insulin": 10.561761856079102,
  "total_shielded_insulin": 10.561761856079102,
  "mean_iob": 0.6477990746498108,
  "pct_tir_70_180": 40.3125,
  "pct_above_250": 28.4375,
  "pct_below_70": 15.0,
  "pct_shield_active": 0.0,
  "shield_count": 0,
  "total_reward": 193.33084106445312,
  "mean_reward": 0.604158878326416
}