Complexity,Loss,Equation
1,0.033308387,"x26"
3,0.033005934,"x26 * 0.9651022"
5,0.029098747,"(0.021071736 / x2) + x26"
7,0.026711866,"(0.021071736 / (x2 + x8)) + x26"
